entry_date,date,product,symbol,target,gap_volume,position,gross,net
2020-01-02,2019-12-31,AG,AG2006,-0.005227272727272747,-0.0009164440724940884,0.0,-0.0,-0.0
2020-01-02,2019-12-31,AU,AU2006,0.000693641618497054,-0.0003107311792500063,0.0,0.0,0.0
2020-01-03,2020-01-02,AG,AG2006,0.014585232452142272,-0.005962489479373009,0.0,0.0,0.0
2020-01-03,2020-01-02,AU,AU2006,0.012513695865290497,-0.001515248583715016,0.0,0.0,0.0
2020-01-03,2020-01-02,RB,RB2005,-0.0011277135607555833,0.0016215176662482144,0.0,-0.0,-0.0
2020-01-06,2020-01-03,AG,AG2006,0.013013237603769268,0.00449629655047304,0.0,0.0,0.0
2020-01-06,2020-01-03,AU,AU2006,0.017144479137098934,0.0022032167008382278,0.0,0.0,0.0
2020-01-06,2020-01-03,RB,RB2010,0.005327019828351487,-0.0004594767157996092,0.0,0.0,0.0
2020-01-07,2020-01-06,AG,AG2006,-0.019005524861878453,0.0024542346911686124,0.0,-0.0,-0.0
2020-01-07,2020-01-06,AU,AU2006,-0.010151151765296462,0.0054125547346315405,1.0,-0.010151151765296462,-0.010651151765296463
2020-01-07,2020-01-06,RB,RB2005,0.0044969083754917705,-0.00033563094395888074,0.0,0.0,0.0
2020-01-08,2020-01-07,AG,AG2006,0.02396021699819162,0.005478895949289551,0.0,0.0,0.0
2020-01-08,2020-01-07,AU,AU2006,0.017146080090242544,0.0011695067241956124,0.0,0.0,0.0
2020-01-08,2020-01-07,RB,RB2005,0.01203133743704532,-8.388225354205154e-05,0.0,0.0,0.0
2020-01-09,2020-01-08,AG,AG2006,-0.029234545860299055,-0.008681496717702845,0.0,-0.0,-0.0
2020-01-09,2020-01-08,AU,AU2006,-0.0241686760500196,-0.002064840784670345,0.0,-0.0,-0.0
2020-01-09,2020-01-08,RB,RB2010,-0.015094339622641506,0.0011658091984287744,0.0,-0.0,-0.0
2020-01-10,2020-01-09,AG,AG2006,-0.008001828989483317,-0.02838022169398228,-1.0,0.008001828989483317,0.007501828989483317
2020-01-10,2020-01-09,AU,AU2006,-0.003992015968063756,-0.025609193585071275,-1.0,0.003992015968063756,0.0034920159680637557
2020-01-13,2020-01-10,AG,AG2006,0.0027649769585254003,0.006280708793163731,0.0,0.0,0.0
2020-01-13,2020-01-10,AU,AU2006,-0.00017168364427144756,0.007922621147209204,1.0,-0.00017168364427144756,-0.0006716836442714476
2020-01-13,2020-01-10,RB,RB2005,-0.009817671809256634,0.00034821446020592573,0.0,-0.0,-0.0
2020-01-14,2020-01-13,AG,AG2006,-0.020188116540490908,0.00033904087632973955,0.0,-0.0,-0.0
2020-01-14,2020-01-13,AU,AU2006,-0.012037833190025715,0.0006313176204211272,0.0,-0.0,-0.0
2020-01-14,2020-01-13,RB,RB2005,0.011904761904761862,-0.0007466701776633344,0.0,0.0,0.0
2020-01-15,2020-01-14,AG,AG2006,0.007015902712815825,0.001980359070873032,0.0,0.0,0.0
2020-01-15,2020-01-14,AU,AU2006,0.005322533989007949,-0.001559621696287142,0.0,0.0,0.0
2020-01-15,2020-01-14,RB,RB2005,-0.009243697478991564,-0.00028098868240967627,0.0,-0.0,-0.0
2020-01-16,2020-01-15,AG,AG2006,0.004654410053525737,0.0011016869125487255,0.0,0.0,0.0
2020-01-16,2020-01-15,AU,AU2006,0.0008053382420616373,0.002623510506931088,0.0,0.0,0.0
2020-01-17,2020-01-16,AG,AG2006,0.0011547344110853786,-0.0021215448724423657,0.0,0.0,0.0
2020-01-17,2020-01-16,AU,AU2006,-0.0020659971305596603,0.00036869771967079753,0.0,-0.0,-0.0
2020-01-17,2020-01-16,RB,RB2010,0.007917888563049758,-0.0002988467651368351,0.0,0.0,0.0
2020-01-20,2020-01-17,AG,AG2006,-0.0023036166781847944,0.002056136182857716,0.0,-0.0,-0.0
2020-01-20,2020-01-17,AU,AU2006,-0.00011494913500786907,0.00118009803456174,0.0,-0.0,-0.0
2020-01-20,2020-01-17,RB,RB2010,-0.0005805515239477588,0.00039131187032660514,0.0,-0.0,-0.0
2020-01-21,2020-01-20,AG,AG2006,0.009704251386321694,0.001139740416557423,0.0,0.0,0.0
2020-01-21,2020-01-20,AU,AU2006,0.008091357741305982,0.000384556256579529,0.0,0.0,0.0
2020-01-21,2020-01-20,RB,RB2005,-0.009708737864077666,0.0004950605111084639,0.0,-0.0,-0.0
2020-01-22,2020-01-21,AG,AG2006,-0.013805798435342798,-0.000395139987637986,0.0,-0.0,-0.0
2020-01-22,2020-01-21,AU,AU2006,-0.0033192171225822076,0.0009913685026874267,0.0,-0.0,-0.0
2020-01-22,2020-01-21,RB,RB2010,-0.0005868544600938774,-0.0002240697289903292,0.0,-0.0,-0.0
2020-01-23,2020-01-22,AG,AG2006,-0.0009319664492077884,-0.005606226768672974,0.0,-0.0,-0.0
2020-01-23,2020-01-22,AU,AU2006,0.005274019720247658,-0.00483474396292665,-1.0,-0.005274019720247658,-0.005774019720247658
2020-01-23,2020-01-22,RB,RB2005,-0.014362151506617904,-0.001260716065922186,0.0,-0.0,-0.0
2020-02-03,2020-01-23,AG,AG2006,-0.005731315910132984,0.0007402203674480538,0.0,-0.0,-0.0
2020-02-03,2020-01-23,AU,AU2006,0.00033409432596465116,0.0008868307666272713,0.0,0.0,0.0
2020-02-03,2020-01-23,RB,RB2005,0.0,-0.0014493181449369708,0.0,0.0,0.0
2020-02-04,2020-02-03,AG,AG2006,-0.002310536044362266,0.007206334112999105,0.0,-0.0,-0.0
2020-02-04,2020-02-03,AU,AU2006,-0.008296675761456651,0.012818539832481357,1.0,-0.008296675761456651,-0.008796675761456652
2020-02-04,2020-02-03,RB,RB2005,0.03209722655032721,-0.08268462685880466,-1.0,-0.03209722655032721,-0.03259722655032721
2020-02-05,2020-02-04,AG,AG2006,0.004419632472667967,-0.0006182710198269027,0.0,0.0,0.0
2020-02-05,2020-02-04,AU,AU2006,0.005278692246565964,-0.0001683495446249043,0.0,0.0,0.0
2020-02-05,2020-02-04,RB,RB2005,-0.0003032140691328067,-0.009314665598172936,-1.0,0.0003032140691328067,-0.00019678593086719333
2020-02-06,2020-02-05,AG,AG2006,0.00046490004649002437,-0.0016971370750971575,0.0,0.0,0.0
2020-02-06,2020-02-05,AU,AU2006,0.0002838489923360221,-0.004706516155618377,-1.0,-0.0002838489923360221,-0.0007838489923360221
2020-02-06,2020-02-05,RB,RB2005,0.002123142250530785,-0.004070212157708186,-1.0,-0.002123142250530785,-0.002623142250530785
2020-02-07,2020-02-06,AG,AG2006,-0.003002309468822184,-0.0009934762223836934,0.0,-0.0,-0.0
2020-02-07,2020-02-06,AU,AU2006,-0.002758387750506519,-0.0024381163586647443,0.0,-0.0,-0.0
2020-02-10,2020-02-07,AG,AG2006,-0.005308100623124812,0.002090963283700298,0.0,-0.0,-0.0
2020-02-10,2020-02-07,AU,AU2006,-0.00503693754197454,0.00303457546825287,0.0,-0.0,-0.0
2020-02-10,2020-02-07,RB,RB2005,-0.0009068923821039521,-0.001077879651397265,0.0,-0.0,-0.0
2020-02-11,2020-02-10,AG,AG2006,0.00023169601482853075,0.0008677488072057817,0.0,0.0,0.0
2020-02-11,2020-02-10,AU,AU2006,-0.003260625140544149,0.003346572730654841,0.0,-0.0,-0.0
2020-02-11,2020-02-10,RB,RB2005,0.022919179734619988,-0.004796383263900974,-1.0,-0.022919179734619988,-0.023419179734619988
2020-02-12,2020-02-11,AG,AG2006,-0.00815850815850816,0.00034722243647567386,0.0,-0.0,-0.0
2020-02-12,2020-02-11,AU,AU2006,-0.0018046469659372955,0.0001886906239901781,0.0,-0.0,-0.0
2020-02-12,2020-02-11,RB,RB2005,-0.0017595307917888103,0.007967589320422113,1.0,-0.0017595307917888103,-0.0022595307917888103
2020-02-13,2020-02-12,AG,AG2006,0.005871301080319302,-0.004418663728150503,0.0,0.0,0.0
2020-02-13,2020-02-12,AU,AU2006,0.0025871766029246235,4.0791974664601655e-05,0.0,0.0,0.0
2020-02-13,2020-02-12,RB,RB2005,-0.0014705882352941124,0.005631927734341342,1.0,-0.0014705882352941124,-0.0019705882352941124
2020-02-14,2020-02-13,AG,AG2006,0.0018669778296382944,0.0002688365105514888,0.0,0.0,0.0
2020-02-14,2020-02-13,AU,AU2006,-0.0012317339454679388,0.002195246185861414,0.0,-0.0,-0.0
2020-02-14,2020-02-13,RB,RB2005,0.0020642878207017823,-0.0011864572824164068,0.0,0.0,0.0
2020-02-17,2020-02-14,AG,AG2006,0.007207626133457268,0.00016036002832538784,0.0,0.0,0.0
2020-02-17,2020-02-14,AU,AU2006,-0.00039101776337846506,0.0009245908446583474,0.0,-0.0,-0.0
2020-02-17,2020-02-14,RB,RB2005,0.010020630710285916,-0.0011181161533866202,0.0,0.0,0.0
2020-02-18,2020-02-17,AG,AG2006,0.002078521939953726,0.0011134388663301786,0.0,0.0,0.0
2020-02-18,2020-02-17,AU,AU2006,0.0006120291548434853,0.0019847633636876447,0.0,0.0,0.0
2020-02-18,2020-02-17,RB,RB2005,-0.010507880910682998,-0.0016039987794113325,0.0,-0.0,-0.0
2020-02-19,2020-02-18,AG,AG2006,0.007256235827664437,-0.00029363011539275185,0.0,0.0,0.0
2020-02-19,2020-02-18,AU,AU2006,0.0027543656695863117,0.002822830929822315,0.0,0.0,0.0
2020-02-19,2020-02-18,RB,RB2005,0.0026587887740030514,-0.00031617790401947934,0.0,0.0,0.0
2020-02-20,2020-02-19,AG,AG2006,0.00044893378226706915,0.01882022097932635,1.0,0.00044893378226706915,-5.106621773293086e-05
2020-02-20,2020-02-19,AU,AU2006,-0.0002738525577830053,0.009244427533480513,1.0,-0.0002738525577830053,-0.0007738525577830053
2020-02-20,2020-02-19,RB,RB2005,0.019145802650957222,-0.0011600073477911618,0.0,0.0,0.0
2020-02-21,2020-02-20,AG,AG2006,0.007592675301473895,0.0037217522705378535,0.0,0.0,0.0
2020-02-21,2020-02-20,AU,AU2006,0.007968343451864701,0.003455540786770625,0.0,0.0,0.0
2020-02-21,2020-02-20,RB,RB2005,0.005772005772005873,0.0005086245585926182,0.0,0.0,0.0
2020-02-24,2020-02-21,AG,AG2006,0.0,0.006226762880100766,0.0,0.0,0.0
2020-02-24,2020-02-21,AU,AU2006,0.0015298586199619102,0.015081812596234282,1.0,0.0015298586199619102,0.0010298586199619102
2020-02-24,2020-02-21,RB,RB2005,-0.006857142857142895,0.001585445686834962,0.0,-0.0,-0.0
2020-02-25,2020-02-24,AG,AG2006,-0.010893730546909786,0.010826006194366933,1.0,-0.010893730546909786,-0.011393730546909786
2020-02-25,2020-02-24,AU,AU2006,-0.007740764467221828,0.03470859333037726,1.0,-0.007740764467221828,-0.008240764467221828
2020-02-25,2020-02-24,RB,RB2005,0.015720524017467152,0.005281123309446216,1.0,0.015720524017467152,0.015220524017467152
2020-02-26,2020-02-25,AG,AG2006,0.002961950330371277,-0.020249163597315815,-1.0,-0.002961950330371277,-0.003461950330371277
2020-02-26,2020-02-25,AU,AU2006,0.002894045768797815,-0.031919745691348936,-1.0,-0.002894045768797815,-0.003394045768797815
2020-02-26,2020-02-25,RB,RB2005,-0.006628242074927959,-0.013033791046015406,-1.0,0.006628242074927959,0.006128242074927959
2020-02-27,2020-02-26,AG,AG2006,0.002742857142857158,-0.020836626519684404,-1.0,-0.002742857142857158,-0.003242857142857158
2020-02-27,2020-02-26,AU,AU2006,0.0011233550871938558,0.005875876802159346,1.0,0.0011233550871938558,0.0006233550871938558
2020-02-27,2020-02-26,RB,RB2005,-0.007547169811320753,-0.005830051800668629,-1.0,0.007547169811320753,0.007047169811320753
2020-02-28,2020-02-27,AG,AG2006,-0.04209799861973773,-0.008363384130191227,0.0,-0.0,-0.0
2020-02-28,2020-02-27,AU,AU2006,-0.008999839288584055,-0.0013079617837264527,0.0,-0.0,-0.0
2020-02-28,2020-02-27,RB,RB2005,-0.015643447461629267,-0.0005350898823467926,0.0,-0.0,-0.0
2020-03-02,2020-02-28,AG,AG2006,0.004168710152035349,-0.027479010532265747,-1.0,-0.004168710152035349,-0.004668710152035349
2020-03-02,2020-02-28,AU,AU2006,0.003444444444444361,-0.006136050512933185,-1.0,-0.003444444444444361,-0.003944444444444362
2020-03-02,2020-02-28,RB,RB2005,0.030412526347485702,-0.014767060375950233,-1.0,-0.030412526347485702,-0.030912526347485703
2020-03-03,2020-03-02,AG,AG2006,-0.0004910385465258793,-0.03745777513454766,-1.0,0.0004910385465258793,-8.961453474120706e-06
2020-03-03,2020-03-02,AU,AU2006,0.004293041926850982,-0.05852240043720151,-1.0,-0.004293041926850982,-0.004793041926850983
2020-03-03,2020-03-02,RB,RB2005,-0.008405797101449286,-0.006052977071539103,-1.0,0.008405797101449286,0.007905797101449286
2020-03-04,2020-03-03,AG,AG2006,-0.0031190019193857443,-0.006702318225716666,0.0,-0.0,-0.0
2020-03-04,2020-03-03,AU,AU2006,-0.0025981055480378545,-0.007344940224891238,-1.0,0.0025981055480378545,0.0020981055480378545
2020-03-04,2020-03-03,RB,RB2005,0.019349164467898028,0.007473773320095059,1.0,0.019349164467898028,0.018849164467898027
2020-03-05,2020-03-04,AG,AG2006,-0.000723065798987732,0.030247763268007336,1.0,-0.000723065798987732,-0.001223065798987732
2020-03-05,2020-03-04,AU,AU2006,0.004633162542243552,0.034168425676466725,1.0,0.004633162542243552,0.004133162542243551
2020-03-05,2020-03-04,RB,RB2005,-0.0025876940770557244,-0.0031800872223372366,0.0,-0.0,-0.0
2020-03-06,2020-03-05,AG,AG2006,-0.005949547834364632,-0.0007830758304210808,0.0,-0.0,-0.0
2020-03-06,2020-03-05,AU,AU2006,0.0018647770259470065,-0.0026948986431332487,0.0,0.0,0.0
2020-03-06,2020-03-05,RB,RB2005,-0.0046282904252241686,0.0002453710242400581,0.0,-0.0,-0.0
2020-03-09,2020-03-06,AG,AG2006,-0.041916167664670656,0.013795242168426756,1.0,-0.041916167664670656,-0.042416167664670656
2020-03-09,2020-03-06,AU,AU2006,-0.02015219102597743,0.027108683916189806,1.0,-0.02015219102597743,-0.02065219102597743
2020-03-09,2020-03-06,RB,RB2005,0.02656716417910454,-0.0029327465268672937,0.0,0.0,0.0
2020-03-10,2020-03-09,AG,AG2006,0.013895781637717208,-0.0012156020292610527,0.0,0.0,0.0
2020-03-10,2020-03-09,AU,AU2006,-0.008125706290695867,0.03325660580480399,1.0,-0.008125706290695867,-0.008625706290695867
2020-03-10,2020-03-09,RB,RB2005,0.011925538103548572,-0.038787751239437666,-1.0,-0.011925538103548572,-0.012425538103548572
2020-03-11,2020-03-10,AG,AG2006,0.0004892367906066397,0.009746877205232853,1.0,0.0004892367906066397,-1.0763209393360295e-05
2020-03-11,2020-03-10,AU,AU2006,0.0060707897447016546,-0.006862028558329354,-1.0,-0.0060707897447016546,-0.006570789744701655
2020-03-11,2020-03-10,RB,RB2005,0.00028604118993125205,-0.0003161235101921409,0.0,0.0,0.0
2020-03-12,2020-03-11,AG,AG2006,-0.018422991893883522,0.0003125033516793997,0.0,-0.0,-0.0
2020-03-12,2020-03-11,AU,AU2006,-0.0020108695652174546,0.0008390247349667161,0.0,-0.0,-0.0
2020-03-12,2020-03-11,RB,RB2005,0.006863025450386084,0.005839221105236783,1.0,0.006863025450386084,0.006363025450386084
2020-03-13,2020-03-12,AG,AG2006,0.0023796932839768026,-0.005886073069731658,0.0,0.0,0.0
2020-03-13,2020-03-12,AU,AU2006,0.003943661971830936,-0.01212970391726903,-1.0,-0.003943661971830936,-0.004443661971830937
2020-03-13,2020-03-12,RB,RB2010,0.011808755760368772,-0.0030837286953760723,0.0,0.0,0.0
2020-03-16,2020-03-13,AG,AG2006,-0.0028003360403248134,-0.07307004985882293,-1.0,0.0028003360403248134,0.0023003360403248134
2020-03-16,2020-03-13,AU,AU2006,-0.003787661406025822,-0.06921023651657944,-1.0,0.003787661406025822,0.003287661406025822
2020-03-16,2020-03-13,RB,RB2005,-0.00196629213483146,-0.013131501013442272,-1.0,0.00196629213483146,0.00146629213483146
2020-03-17,2020-03-16,AG,AG2006,0.0,-0.0395541464562548,-1.0,-0.0,-0.0005
2020-03-17,2020-03-16,AU,AU2006,-0.029677419354838697,-0.0342004467654429,-1.0,0.029677419354838697,0.029177419354838696
2020-03-17,2020-03-16,RB,RB2005,0.001972942502818542,-0.0025598328213460243,0.0,0.0,0.0
2020-03-18,2020-03-17,AG,AG2012,-0.04720225070334483,-0.09617466148653522,-1.0,0.04720225070334483,0.04670225070334483
2020-03-18,2020-03-17,AU,AU2006,-0.008538011695906511,-0.03222434533639453,-1.0,0.008538011695906511,0.00803801169590651
2020-03-18,2020-03-17,RB,RB2005,0.0008462623413258985,-0.0012045268041814782,0.0,0.0,0.0
2020-03-19,2020-03-18,AG,AG2006,-0.004406779661016991,-0.07613774272481746,-1.0,0.004406779661016991,0.00390677966101699
2020-03-19,2020-03-18,AU,AU2006,0.003099111985219727,0.04468569091060447,1.0,0.003099111985219727,0.002599111985219727
2020-03-19,2020-03-18,RB,RB2005,-0.005636978579481422,-0.0031321640881994115,0.0,-0.0,-0.0
2020-03-20,2020-03-19,AG,AG2006,0.0556117290192113,-0.028838219081659382,-1.0,-0.0556117290192113,-0.0561117290192113
2020-03-20,2020-03-19,AU,AU2006,0.011792031445417184,-0.01253035790405,-1.0,-0.011792031445417184,-0.012292031445417184
2020-03-20,2020-03-19,RB,RB2010,-0.024963715529753294,0.003441353976449771,0.0,-0.0,-0.0
2020-03-23,2020-03-20,AG,AG2006,0.006449532408900449,0.015468282730888579,1.0,0.006449532408900449,0.005949532408900449
2020-03-23,2020-03-20,AU,AU2006,-0.0011176470588235565,-0.0025626261285439235,0.0,-0.0,-0.0
2020-03-23,2020-03-20,RB,RB2005,-0.010189228529839833,0.003405372961189437,0.0,-0.0,-0.0
2020-03-24,2020-03-23,AG,AG2006,0.0,-0.012585270484552569,-1.0,-0.0,-0.0005
2020-03-24,2020-03-23,AU,AU2006,-0.002892906815020968,0.0004997274538449926,0.0,-0.0,-0.0
2020-03-24,2020-03-23,RB,RB2005,0.005856515373352744,-0.011736725970365784,-1.0,-0.005856515373352744,-0.006356515373352745
2020-03-25,2020-03-24,AG,AG2006,0.005113636363636376,0.04920748808611515,1.0,0.005113636363636376,0.004613636363636375
2020-03-25,2020-03-24,AU,AU2006,-0.030851063829787306,0.058694733327436494,1.0,-0.030851063829787306,-0.03135106382978731
2020-03-25,2020-03-24,RB,RB2005,0.0005778676683039219,0.003419522671539268,0.0,0.0,0.0
2020-03-26,2020-03-25,AG,AG2006,-0.005940594059405946,0.06935458687452008,1.0,-0.005940594059405946,-0.006440594059405946
2020-03-26,2020-03-25,AU,AU2006,0.0009366391184573164,0.04834001839747431,1.0,0.0009366391184573164,0.0004366391184573164
2020-03-26,2020-03-25,RB,RB2010,-0.005654761904761885,0.011937390612376088,1.0,-0.005654761904761885,-0.006154761904761885
2020-03-27,2020-03-26,AG,AG2006,0.011925042589437718,-0.0007348955446516912,0.0,0.0,0.0
2020-03-27,2020-03-26,AU,AU2006,0.006847814177714406,-0.002347030096725877,0.0,0.0,0.0
2020-03-27,2020-03-26,RB,RB2010,-0.00656520441659203,-0.0025652827921047268,0.0,-0.0,-0.0
2020-03-30,2020-03-27,AG,AG2006,-0.039131676663810344,0.0018460552259102635,0.0,-0.0,-0.0
2020-03-30,2020-03-27,AU,AU2006,-0.008644123083614286,0.0029480661654041978,0.0,-0.0,-0.0
2020-03-30,2020-03-27,RB,RB2010,-0.019358741681790637,0.005208317953683489,1.0,-0.019358741681790637,-0.019858741681790637
2020-03-31,2020-03-30,AG,AG2006,0.012684365781710838,-0.02078814545205361,-1.0,-0.012684365781710838,-0.013184365781710838
2020-03-31,2020-03-30,AU,AU2006,0.002748007694421517,0.0005683647044966329,0.0,0.0,0.0
2020-03-31,2020-03-30,RB,RB2010,-0.006148170919151541,-0.017593329246744924,-1.0,0.006148170919151541,0.005648170919151541
2020-04-01,2020-03-31,AG,AG2006,-0.0038067349926793614,0.004904445893918857,0.0,-0.0,-0.0
2020-04-01,2020-03-31,AU,AU2006,0.0045378151260504485,-0.0008638748787088431,0.0,0.0,0.0
2020-04-01,2020-03-31,RB,RB2010,-0.023420647149460683,0.005150337015158282,1.0,-0.023420647149460683,-0.023920647149460683
2020-04-02,2020-04-01,AG,AG2006,0.02979351032448374,-0.002682112421705423,0.0,0.0,0.0
2020-04-02,2020-04-01,AU,AU2006,0.005743921481150993,-0.011770412463794106,-1.0,-0.005743921481150993,-0.0062439214811509935
2020-04-02,2020-04-01,RB,RB2010,0.025079365079365035,0.008514528795627372,1.0,0.025079365079365035,0.024579365079365034
2020-04-03,2020-04-02,AG,AG2006,0.006800793425899787,-0.0025254810964329454,0.0,0.0,0.0
2020-04-03,2020-04-02,AU,AU2006,-0.0014285714285713347,2.523156771222119e-05,0.0,-0.0,-0.0
2020-04-03,2020-04-02,RB,RB2010,-0.012693498452012397,-0.016944633655788004,-1.0,0.012693498452012397,0.012193498452012397
2020-04-07,2020-04-03,AG,AG2006,-0.005810882197569978,0.0069311855409072524,0.0,-0.0,-0.0
2020-04-07,2020-04-03,AU,AU2006,-0.008223247917661491,0.0035908496899846086,0.0,-0.0,-0.0
2020-04-07,2020-04-03,RB,RB2010,-0.003729024238657508,0.0004755136363047171,0.0,-0.0,-0.0
2020-04-08,2020-04-07,AG,AG2006,0.007646095030038325,0.0455301876389141,1.0,0.007646095030038325,0.007146095030038324
2020-04-08,2020-04-07,AU,AU2006,0.006251698831204244,0.025418073319178863,1.0,0.006251698831204244,0.005751698831204244
2020-04-08,2020-04-07,RB,RB2010,0.013749999999999929,0.012813097918622498,1.0,0.013749999999999929,0.013249999999999929
2020-04-09,2020-04-08,AG,AG2006,0.0002703433360367047,-0.018613768453720213,-1.0,-0.0002703433360367047,-0.0007703433360367047
2020-04-09,2020-04-08,AU,AU2006,0.0025910931174089047,-0.00730387586476977,-1.0,-0.0025910931174089047,-0.0030910931174089047
2020-04-09,2020-04-08,RB,RB2010,0.015044519496469233,-0.0027424240182858184,0.0,0.0,0.0
2020-04-10,2020-04-09,AG,AG2006,-0.012191889742910189,0.0010116637036364457,0.0,-0.0,-0.0
2020-04-10,2020-04-09,AU,AU2006,-0.007172457762193107,0.0002624292462380953,0.0,-0.0,-0.0
2020-04-10,2020-04-09,RB,RB2010,0.020266182698124524,0.006387095564427041,1.0,0.020266182698124524,0.019766182698124524
2020-04-13,2020-04-10,AG,AG2006,-0.008563018464008532,0.007487315028469743,0.0,-0.0,-0.0
2020-04-13,2020-04-10,AU,AU2006,-0.004480716914706417,0.004586523394216758,0.0,-0.0,-0.0
2020-04-13,2020-04-10,RB,RB2101,0.009062499999999973,-0.0004410067409957711,0.0,0.0,0.0
2020-04-14,2020-04-13,AG,AG2006,0.013955984970477786,0.0024380255674869727,0.0,0.0,0.0
2020-04-14,2020-04-13,AU,AU2006,0.006182050735451083,0.0019526398282976073,0.0,0.0,0.0
2020-04-14,2020-04-13,RB,RB2010,-0.0026525198938992522,0.0020322912685517788,0.0,-0.0,-0.0
2020-04-15,2020-04-14,AG,AG2006,-0.02189395937747296,0.005191201195342085,0.0,-0.0,-0.0
2020-04-15,2020-04-14,AU,AU2006,-0.0022271714922049712,0.005772353060028214,1.0,-0.0022271714922049712,-0.0027271714922049712
2020-04-15,2020-04-14,RB,RB2010,-0.001480165778567244,0.0021138583438208855,0.0,-0.0,-0.0
2020-04-16,2020-04-15,AG,AG2006,0.017232094776521212,0.002752286306195177,0.0,0.0,0.0
2020-04-16,2020-04-15,AU,AU2006,0.0075958780410072535,-0.0008897407784141676,0.0,0.0,0.0
2020-04-16,2020-04-15,RB,RB2010,0.006541778174249169,-0.001978123156998667,0.0,0.0,0.0
2020-04-17,2020-04-16,AG,AG2006,-0.02205100956429329,0.0012071736250020568,0.0,-0.0,-0.0
2020-04-17,2020-04-16,AU,AU2006,-0.011526612132157554,0.00045302403934520765,0.0,-0.0,-0.0
2020-04-17,2020-04-16,RB,RB2010,-0.005002942907592733,-0.0038281246046976817,-1.0,0.005002942907592733,0.004502942907592733
2020-04-20,2020-04-17,AG,AG2006,0.010164835164835129,-0.004212099638703063,0.0,0.0,0.0
2020-04-20,2020-04-17,AU,AU2006,0.009803921568627416,-0.010493676688912322,-1.0,-0.009803921568627416,-0.010303921568627417
2020-04-20,2020-04-17,RB,RB2010,-0.010885554574874945,0.00448573797505532,1.0,-0.010885554574874945,-0.011385554574874945
2020-04-21,2020-04-20,AG,AG2006,0.004891304347826031,-0.009789522880894432,-1.0,-0.004891304347826031,-0.005391304347826031
2020-04-21,2020-04-20,AU,AU2006,0.00515436241610745,-0.013080023019335642,-1.0,-0.00515436241610745,-0.00565436241610745
2020-04-21,2020-04-20,RB,RB2010,-0.00388059701492538,0.0041926103523340025,1.0,-0.00388059701492538,-0.00438059701492538
2020-04-22,2020-04-21,AG,AG2006,-0.023121387283236983,0.0007335101516016524,0.0,-0.0,-0.0
2020-04-22,2020-04-21,AU,AU2006,0.0004825737265414798,0.0037793494227971827,0.0,0.0,0.0
2020-04-22,2020-04-21,RB,RB2010,0.016566265060240948,-0.003815963415604543,-1.0,-0.016566265060240948,-0.017066265060240948
2020-04-23,2020-04-22,AG,AG2006,0.01760660247592849,-0.0216803341756872,-1.0,-0.01760660247592849,-0.01810660247592849
2020-04-23,2020-04-22,AU,AU2006,0.003381591461481648,-0.00347240960015147,0.0,0.0,0.0
2020-04-23,2020-04-22,RB,RB2010,-0.013625592417061627,-0.005106220169157796,-1.0,0.013625592417061627,0.013125592417061627
2020-04-24,2020-04-23,AG,AG2006,0.012820512820512775,0.02665369159575261,1.0,0.012820512820512775,0.012320512820512775
2020-04-24,2020-04-23,AU,AU2006,0.007421833877250261,0.016962200061007928,1.0,0.007421833877250261,0.006921833877250261
2020-04-24,2020-04-23,RB,RB2010,0.005413533834586426,0.00030487503753987363,0.0,0.0,0.0
2020-04-27,2020-04-24,AG,AG2006,-0.009436505796710737,-0.00631874247270811,0.0,-0.0,-0.0
2020-04-27,2020-04-24,AU,AU2006,-0.0022572178477691107,0.0004460814401683865,0.0,-0.0,-0.0
2020-04-27,2020-04-24,RB,RB2010,-0.008669656203288523,-0.001129253087239543,0.0,-0.0,-0.0
2020-04-28,2020-04-27,AG,AG2006,-0.022004889975550168,-0.0007759232039882282,0.0,-0.0,-0.0
2020-04-28,2020-04-27,AU,AU2006,-0.005013192612137174,-0.00465562887854445,-1.0,0.005013192612137174,0.0045131926121371735
2020-04-28,2020-04-27,RB,RB2010,-0.005137503777576269,0.0004788238163805938,0.0,-0.0,-0.0
2020-04-29,2020-04-28,AG,AG2006,0.0016402405686166688,0.0018006623666359425,0.0,0.0,0.0
2020-04-29,2020-04-28,AU,AU2006,0.0036037945837088525,-0.0031488002426022874,0.0,0.0,0.0
2020-04-29,2020-04-28,RB,RB2010,0.0030376670716889542,-0.0023179970264090863,0.0,0.0,0.0
2020-04-30,2020-04-29,AG,AG2006,0.005714285714285783,0.009411994478295169,1.0,0.005714285714285783,0.005214285714285782
2020-04-30,2020-04-29,AU,AU2006,0.001263823064770797,0.000543551922432056,0.0,0.0,0.0
2020-04-30,2020-04-29,RB,RB2101,0.009727016002510247,-0.0010885106356995217,0.0,0.0,0.0
2020-05-06,2020-04-30,AG,AG2012,0.019537699504678097,0.009513732626866939,1.0,0.019537699504678097,0.019037699504678096
2020-05-06,2020-04-30,AU,AU2012,0.0033616976573169755,0.003833306508635762,0.0,0.0,0.0
2020-05-06,2020-04-30,RB,RB2010,0.00206794682422462,0.0027197218162255525,0.0,0.0,0.0
2020-05-07,2020-05-06,AG,AG2012,-0.004864864864864815,-0.040047647906349425,-1.0,0.004864864864864815,0.004364864864864815
2020-05-07,2020-05-06,AU,AU2012,-0.001627894764480442,-0.008135055738361967,-1.0,0.001627894764480442,0.001127894764480442
2020-05-07,2020-05-06,RB,RB2010,0.011470588235294121,0.003920522489911335,1.0,0.011470588235294121,0.01097058823529412
2020-05-08,2020-05-07,AG,AG2012,0.029975695382122636,-0.0025682857403792588,0.0,0.0,0.0
2020-05-08,2020-05-07,AU,AU2012,0.009955462405030202,-0.009280384907598685,-1.0,-0.009955462405030202,-0.010455462405030203
2020-05-08,2020-05-07,RB,RB2010,0.0026139994191112237,0.002349439296873956,0.0,0.0,0.0
2020-05-11,2020-05-08,AG,AG2012,0.00473684210526315,0.017061657361768543,1.0,0.00473684210526315,0.00423684210526315
2020-05-11,2020-05-08,AU,AU2012,-0.00020833333333325488,0.01149698233628976,1.0,-0.00020833333333325488,-0.0007083333333332549
2020-05-11,2020-05-08,RB,RB2010,-0.0023121387283236983,0.0011657960489290502,0.0,-0.0,-0.0
2020-05-12,2020-05-11,AG,AG2012,-0.0041983731304119365,-0.01103232133766158,-1.0,0.0041983731304119365,0.0036983731304119365
2020-05-12,2020-05-11,AU,AU2012,-0.00322832595678213,-0.011695921246971927,-1.0,0.00322832595678213,0.00272832595678213
2020-05-12,2020-05-11,RB,RB2010,0.004640371229698292,0.0020612519817594026,0.0,0.0,0.0
2020-05-13,2020-05-12,AG,AG2012,0.002623983206507585,-0.004273639026422857,0.0,0.0,0.0
2020-05-13,2020-05-12,AU,AU2012,0.001985059812986467,0.0010770228557320182,0.0,0.0,0.0
2020-05-13,2020-05-12,RB,RB2010,-0.0017291066282421053,-0.0008289636875968995,0.0,-0.0,-0.0
2020-05-14,2020-05-13,AG,AG2012,-0.0031225604996096834,0.010201290652561961,1.0,-0.0031225604996096834,-0.0036225604996096834
2020-05-14,2020-05-13,RB,RB2010,-0.005484988452655881,0.002047623325372599,0.0,-0.0,-0.0
2020-05-15,2020-05-14,AG,AG2012,0.04705882352941182,0.014659871090309806,1.0,0.04705882352941182,0.04655882352941182
2020-05-15,2020-05-14,AU,AU2012,0.013237499353637716,0.011863275774599467,1.0,0.013237499353637716,0.012737499353637716
2020-05-15,2020-05-14,RB,RB2101,0.005462822458270011,-0.00031926421729100673,0.0,0.0,0.0
2020-05-18,2020-05-15,AG,AG2012,0.03863080684596576,-0.004702195320038307,0.0,0.0,0.0
2020-05-18,2020-05-15,AU,AU2012,0.017604383339252294,0.004346701924718256,0.0,0.0,0.0
2020-05-18,2020-05-15,RB,RB2010,0.017007783222830808,-0.0009342952970031902,0.0,0.0,0.0
2020-05-19,2020-05-18,AG,AG2012,-0.012491161913740223,0.06300416860316366,1.0,-0.012491161913740223,-0.012991161913740223
2020-05-19,2020-05-18,AU,AU2012,-0.008793969849246186,0.017707271679593132,1.0,-0.008793969849246186,-0.009293969849246186
2020-05-19,2020-05-18,RB,RB2010,0.009923447689254239,0.0019601143120904236,0.0,0.0,0.0
2020-05-20,2020-05-19,AG,AG2012,0.02997858672376874,-0.003533153158349675,0.0,0.0,0.0
2020-05-20,2020-05-19,AU,AU2012,0.009162237408251173,-0.023725034806709795,-1.0,-0.009162237408251173,-0.009662237408251173
2020-05-20,2020-05-19,RB,RB2010,-0.007030371203599506,-0.0003220393349942721,0.0,-0.0,-0.0
2020-05-21,2020-05-20,AG,AG2012,-0.01748659361156446,0.009293466266799598,1.0,-0.01748659361156446,-0.01798659361156446
2020-05-21,2020-05-20,AU,AU2012,-0.0058882737795671325,0.0039282550904429165,0.0,-0.0,-0.0
2020-05-21,2020-05-20,RB,RB2010,0.00933521923620928,-0.0013490040866885472,0.0,0.0,0.0
2020-05-22,2020-05-21,AG,AG2012,-0.017983909133932774,-0.027848888775300278,-1.0,0.017983909133932774,0.017483909133932773
2020-05-22,2020-05-21,AU,AU2012,-0.0022768670309653016,-0.007732072474255252,-1.0,0.0022768670309653016,0.0017768670309653016
2020-05-22,2020-05-21,RB,RB2010,-0.017366946778711534,0.0010260208103019073,0.0,-0.0,-0.0
2020-05-25,2020-05-22,AG,AG2012,-0.007384468794664145,0.008530811435603053,0.0,-0.0,-0.0
2020-05-25,2020-05-22,AU,AU2012,-0.004452314697697912,0.0015597738725088592,0.0,-0.0,-0.0
2020-05-25,2020-05-22,RB,RB2010,-0.004550625711035261,0.0008025478921815537,0.0,-0.0,-0.0
2020-05-26,2020-05-25,AG,AG2012,0.02216924910607876,0.03390165728094877,1.0,0.02216924910607876,0.02166924910607876
2020-05-26,2020-05-25,AU,AU2012,0.003401015228426285,0.0040710772699683855,0.0,0.0,0.0
2020-05-26,2020-05-25,RB,RB2010,-0.0020000000000000018,0.0023176027343410916,0.0,-0.0,-0.0
2020-05-27,2020-05-26,AG,AG2012,-0.01377217553688137,0.015674826443266485,1.0,-0.01377217553688137,-0.01427217553688137
2020-05-27,2020-05-26,AU,AU2012,-0.008113590263691628,0.0016188293960225355,0.0,-0.0,-0.0
2020-05-27,2020-05-26,RB,RB2101,0.0009022556390978487,0.0013053806091666681,0.0,0.0,0.0
2020-05-28,2020-05-27,AG,AG2012,0.025328554360812383,-0.0022814962274768703,0.0,0.0,0.0
2020-05-28,2020-05-27,AU,AU2012,0.012067371880456035,-0.004604844271827739,-1.0,-0.012067371880456035,-0.012567371880456035
2020-05-28,2020-05-27,RB,RB2010,0.0008583690987125081,-0.0019989984532254312,0.0,0.0,0.0
2020-05-29,2020-05-28,AG,AG2012,0.005839757066105955,-0.0252168355377687,-1.0,-0.005839757066105955,-0.0063397570661059555
2020-05-29,2020-05-28,AU,AU2012,-0.00020278833967046772,-0.009214889357912091,-1.0,0.00020278833967046772,-0.0002972116603295323
2020-05-29,2020-05-28,RB,RB2010,0.023156089193824947,0.00027622719867436205,0.0,0.0,0.0
2020-06-01,2020-05-29,AG,AG2012,0.03200000000000003,-0.005265166051353223,0.0,0.0,0.0
2020-06-01,2020-05-29,AU,AU2012,0.004238998788857584,0.0011980646124686882,0.0,0.0,0.0
2020-06-01,2020-05-29,RB,RB2101,-0.002053388090349051,0.00196126953831012,0.0,-0.0,-0.0
2020-06-02,2020-06-01,AG,AG2012,0.0015645954403218365,0.03252542981593438,1.0,0.0015645954403218365,0.0010645954403218365
2020-06-02,2020-06-01,AU,AU2012,0.0002519780275158645,0.0075047140424670065,1.0,0.0002519780275158645,-0.0002480219724841355
2020-06-02,2020-06-01,RB,RB2010,0.018212384421406602,0.00035961319244756765,0.0,0.0,0.0
2020-06-03,2020-06-02,AG,AG2012,-0.02031703505246707,-0.013037057583352689,-1.0,0.02031703505246707,0.01981703505246707
2020-06-03,2020-06-02,AU,AU2012,-0.01002468389501776,-0.0031408292328884463,0.0,-0.0,-0.0
2020-06-03,2020-06-02,RB,RB2010,-0.001922548750343367,-0.0025698288734583566,0.0,-0.0,-0.0
2020-06-04,2020-06-03,AG,AG2012,-0.007159353348729747,-0.0008314683798425323,0.0,-0.0,-0.0
2020-06-04,2020-06-03,AU,AU2012,0.00061617458279839,0.00022536883578695968,0.0,0.0,0.0
2020-06-04,2020-06-03,RB,RB2010,-0.007431874483897594,0.002157191046939705,0.0,-0.0,-0.0
2020-06-05,2020-06-04,AG,AG2012,-0.0071166207529843595,-0.02004948179822198,-1.0,0.0071166207529843595,0.006616620752984359
2020-06-05,2020-06-04,AU,AU2012,-0.006821768568955888,-0.013552269308101442,-1.0,0.006821768568955888,0.006321768568955888
2020-06-05,2020-06-04,RB,RB2010,-0.000831716107568603,-0.00036060019854966893,0.0,-0.0,-0.0
2020-06-08,2020-06-05,AG,AG2012,0.017945690672963366,0.013962575264843145,1.0,0.017945690672963366,0.017445690672963365
2020-06-08,2020-06-05,AU,AU2012,0.003324675324675175,0.009726275384784223,1.0,0.003324675324675175,0.0028246753246751748
2020-06-08,2020-06-05,RB,RB2010,0.0030513176144244536,0.00020705258592967253,0.0,0.0,0.0
2020-06-09,2020-06-08,AG,AG2012,-0.0032475063790303738,-0.022301603480643296,-1.0,0.0032475063790303738,0.0027475063790303737
2020-06-09,2020-06-08,AU,AU2012,0.0025953802232026035,-0.017697038136879076,-1.0,-0.0025953802232026035,-0.0030953802232026035
2020-06-09,2020-06-08,RB,RB2010,0.0011065006915629283,0.00033396520522613435,0.0,0.0,0.0
2020-06-10,2020-06-09,AU,AU2012,0.0,-0.0022079723534529838,0.0,0.0,0.0
2020-06-10,2020-06-09,RB,RB2010,-0.0069213732004429485,-0.00023565188000169854,0.0,-0.0,-0.0
2020-06-11,2020-06-10,AG,AG2012,-0.0043349304129591815,0.003001142015320588,0.0,-0.0,-0.0
2020-06-11,2020-06-10,AU,AU2012,0.006390593047034709,0.007753371472028074,1.0,0.006390593047034709,0.005890593047034709
2020-06-11,2020-06-10,RB,RB2010,0.0030683403068341164,-0.0015907644050206456,0.0,0.0,0.0
2020-06-12,2020-06-11,AG,AG2012,-0.014901421366345757,0.0124464533253989,1.0,-0.014901421366345757,-0.015401421366345758
2020-06-12,2020-06-11,AU,AU2012,0.001068158697863808,0.002119374271281494,0.0,0.0,0.0
2020-06-12,2020-06-11,RB,RB2010,0.010309278350515427,-0.0005365018595015715,0.0,0.0,0.0
2020-06-15,2020-06-12,AG,AG2012,-0.025801952580195242,-0.00056483574820082,0.0,-0.0,-0.0
2020-06-15,2020-06-12,AU,AU2012,-0.005674046304270597,-0.0013965781054952897,0.0,-0.0,-0.0
2020-06-15,2020-06-12,RB,RB2010,-0.01597796143250685,-0.0021144912645386016,0.0,-0.0,-0.0
2020-06-16,2020-06-15,AG,AG2012,0.01686340640809436,0.0014074260095503692,0.0,0.0,0.0
2020-06-16,2020-06-15,AU,AU2012,0.00977869274318044,0.0028813908617107116,0.0,0.0,0.0
2020-06-16,2020-06-15,RB,RB2010,0.006150405367626455,0.0010902616557660974,0.0,0.0,0.0
2020-06-17,2020-06-16,AG,AG2012,0.004955167531854654,-0.009303085834393104,-1.0,-0.004955167531854654,-0.005455167531854654
2020-06-17,2020-06-16,AU,AU2012,0.0008661979007440479,-0.00984553928546993,-1.0,-0.0008661979007440479,-0.001366197900744048
2020-06-17,2020-06-16,RB,RB2010,-0.0027816411682892728,0.000878802670655564,0.0,-0.0,-0.0
2020-06-18,2020-06-17,AG,AG2012,-0.0009378663540445809,0.0036337467168447105,0.0,-0.0,-0.0
2020-06-18,2020-06-17,AU,AU2012,0.0017369093231163202,0.00029923372974752785,0.0,0.0,0.0
2020-06-18,2020-06-17,RB,RB2010,0.007244357759821574,-0.0009827337103383079,0.0,0.0,0.0
2020-06-19,2020-06-18,AG,AG2012,0.008943280771946283,0.000759283059887718,0.0,0.0,0.0
2020-06-19,2020-06-18,AU,AU2012,0.003165688026550928,-0.002201592144372969,0.0,0.0,0.0
2020-06-19,2020-06-18,RB,RB2010,0.008298755186721962,0.001237507986818371,0.0,0.0,0.0
2020-06-22,2020-06-19,AG,AG2012,0.011592858798979755,-0.0018009500204465559,0.0,0.0,0.0
2020-06-22,2020-06-19,AU,AU2012,0.008934463678359261,-0.0008490451366184619,0.0,0.0,0.0
2020-06-22,2020-06-19,RB,RB2101,-0.004286939125464406,-0.002621329170450503,0.0,-0.0,-0.0
2020-06-23,2020-06-22,AG,AG2012,-0.013692377909630293,0.006138737028529167,0.0,-0.0,-0.0
2020-06-23,2020-06-22,AU,AU2012,-0.004114400401404983,0.0029925528775205713,0.0,-0.0,-0.0
2020-06-23,2020-06-22,RB,RB2101,-0.004872456291200922,0.0011419775289467564,0.0,-0.0,-0.0
2020-06-24,2020-06-23,AG,AG2012,0.0013793103448276334,0.003690685982502671,0.0,0.0,0.0
2020-06-24,2020-06-23,AU,AU2012,0.0048224242728689415,0.0028850862507141194,0.0,0.0,0.0
2020-06-24,2020-06-23,RB,RB2010,0.0005527915975678255,-0.000820416741122339,0.0,0.0,0.0
2020-06-29,2020-06-24,AG,AG2012,-0.007100320659642723,0.004220384777480424,0.0,-0.0,-0.0
2020-06-29,2020-06-24,AU,AU2012,-0.0020450917797286694,0.0030276191018678462,0.0,-0.0,-0.0
2020-06-29,2020-06-24,RB,RB2010,-0.015793848711554426,0.0010987580818596098,0.0,-0.0,-0.0
2020-06-30,2020-06-29,AG,AG2012,0.005785697755149366,0.0005777638156350302,0.0,0.0,0.0
2020-06-30,2020-06-29,AU,AU2012,0.003304957436154332,0.0008390605887501725,0.0,0.0,0.0
2020-06-30,2020-06-29,RB,RB2010,0.003942551393973481,-0.002610159412428604,0.0,0.0,0.0
2020-07-01,2020-06-30,AG,AG2012,0.022119815668202758,-0.0017113569531466623,0.0,0.0,0.0
2020-07-01,2020-06-30,AU,AU2012,0.007901185177776826,-0.001129083841757986,0.0,0.0,0.0
2020-07-01,2020-06-30,RB,RB2010,-0.0005605381165919576,-0.00018954591699327464,0.0,-0.0,-0.0
2020-07-02,2020-07-01,AG,AG2012,-0.016256491307292897,-0.0016299880915476603,0.0,-0.0,-0.0
2020-07-02,2020-07-01,AU,AU2012,-0.006670981231642337,-0.0019802616050966742,0.0,-0.0,-0.0
2020-07-02,2020-07-01,RB,RB2010,0.0022440392706872814,0.0006723452507785732,0.0,0.0,0.0
2020-07-03,2020-07-02,AG,AG2012,0.009923840295407382,-0.0018705376589150007,0.0,0.0,0.0
2020-07-03,2020-07-02,AU,AU2012,0.006887883358471569,-0.004579906224555728,0.0,0.0,0.0
2020-07-03,2020-07-02,RB,RB2010,0.012307692307692353,-0.00017159448333267522,0.0,0.0,0.0
2020-07-06,2020-07-03,AG,AG2012,0.0006855575868371933,-0.005178395415029271,0.0,0.0,0.0
2020-07-06,2020-07-03,AU,AU2012,-0.002794550626278647,-0.002782070763717853,0.0,-0.0,-0.0
2020-07-06,2020-07-03,RB,RB2010,-0.001104362230811673,0.0005385273720426229,0.0,-0.0,-0.0
2020-07-07,2020-07-06,AU,AU2012,-0.0016957605985037372,0.00029923177909488947,0.0,-0.0,-0.0
2020-07-07,2020-07-06,RB,RB2010,0.004422332780541716,0.0006231648747877023,0.0,0.0,0.0
2020-07-08,2020-07-07,AG,AG2012,0.01373311970702673,0.007582447542076788,0.0,0.0,0.0
2020-07-08,2020-07-07,AU,AU2012,0.008319967923015259,0.002054753092255465,0.0,0.0,0.0
2020-07-08,2020-07-07,RB,RB2101,0.012003429551300293,0.0016936851375637552,0.0,0.0,0.0
2020-07-09,2020-07-08,AG,AG2012,0.017724927080996267,-0.0034825386721221577,0.0,0.0,0.0
2020-07-09,2020-07-08,AU,AU2012,0.0020786933927245954,-0.002898020301963749,0.0,0.0,0.0
2020-07-09,2020-07-08,RB,RB2010,0.004854368932038833,0.0012474643246162202,0.0,0.0,0.0
2020-07-10,2020-07-09,AG,AG2012,-0.01895943562610225,0.008424462578348028,0.0,-0.0,-0.0
2020-07-10,2020-07-09,AU,AU2012,-0.006477132262051932,0.004688460712475965,1.0,-0.006477132262051932,-0.006977132262051933
2020-07-10,2020-07-09,RB,RB2010,-0.009129967776584369,0.0016011652468954334,0.0,-0.0,-0.0
2020-07-13,2020-07-10,AU,AU2012,-0.000396137657835971,-0.0012651783726712754,0.0,-0.0,-0.0
2020-07-13,2020-07-10,RB,RB2010,0.012730227518959802,-0.0005361421473984188,0.0,0.0,0.0
2020-07-14,2020-07-13,AG,AG2012,-0.0015277171540811763,0.009188289388483886,1.0,-0.0015277171540811763,-0.0020277171540811763
2020-07-14,2020-07-13,AU,AU2012,-0.002425742574257428,0.004520414120083199,0.0,-0.0,-0.0
2020-07-14,2020-07-13,RB,RB2010,0.0010695187165774556,0.0006339540959328158,0.0,0.0,0.0
2020-07-15,2020-07-14,AG,AG2012,0.004575163398692794,0.0005972494750702141,0.0,0.0,0.0
2020-07-15,2020-07-14,AU,AU2012,0.0006942034015966492,0.0005621678636619268,0.0,0.0,0.0
2020-07-15,2020-07-14,RB,RB2010,0.0005341880341880323,0.00021730297795998039,0.0,0.0,0.0
2020-07-16,2020-07-15,AG,AG2012,-0.005412426932236425,0.0029578501846242496,0.0,-0.0,-0.0
2020-07-16,2020-07-15,AU,AU2012,-0.0025796209941463255,0.0007322662574872161,0.0,-0.0,-0.0
2020-07-16,2020-07-15,RB,RB2101,-0.009431345353675402,-0.0004861170800590221,0.0,-0.0,-0.0
2020-07-17,2020-07-16,AG,AG2012,-0.010021786492374729,0.001717860678164748,0.0,-0.0,-0.0
2020-07-17,2020-07-16,AU,AU2012,-0.004829474732387373,-0.0010938333782753332,0.0,-0.0,-0.0
2020-07-17,2020-07-16,RB,RB2010,0.005668016194331882,-0.0018159186705385617,0.0,0.0,0.0
2020-07-20,2020-07-17,AG,AG2012,0.006565988181221227,-0.0008434499528068355,0.0,0.0,0.0
2020-07-20,2020-07-17,AU,AU2012,0.0018951673233253974,-0.0009486983197679689,0.0,0.0,0.0
2020-07-20,2020-07-17,RB,RB2010,-0.005374899220639606,0.00044474796116918423,0.0,-0.0,-0.0
2020-07-21,2020-07-20,AG,AG2012,0.0392030848329048,0.004681107757137813,0.0,0.0,0.0
2020-07-21,2020-07-20,AU,AU2012,0.0038711598590501772,0.0022394813116239053,0.0,0.0,0.0
2020-07-21,2020-07-20,RB,RB2010,0.017297297297297343,-0.0012452694660463172,0.0,0.0,0.0
2020-07-22,2020-07-21,AG,AG2012,0.024395120975804874,0.02338139721702941,1.0,0.024395120975804874,0.023895120975804873
2020-07-22,2020-07-21,AU,AU2012,0.016241413150147155,0.0025760929195952627,0.0,0.0,0.0
2020-07-22,2020-07-21,RB,RB2010,0.0031830238726791027,-0.00025733305119485407,0.0,0.0,0.0
2020-07-23,2020-07-22,AG,AG2012,0.022727272727272707,0.029274261139321984,1.0,0.022727272727272707,0.022227272727272707
2020-07-23,2020-07-22,AU,AU2012,0.008669540369060869,0.015995605858537678,1.0,0.008669540369060869,0.008169540369060868
2020-07-23,2020-07-22,RB,RB2010,0.008746355685131268,0.0017059624720853644,0.0,0.0,0.0
2020-07-24,2020-07-23,AG,AG2012,0.0011235955056179137,0.0864181820527327,1.0,0.0011235955056179137,0.0006235955056179136
2020-07-24,2020-07-23,AU,AU2012,0.010479761561388301,-0.005467113629728851,-1.0,-0.010479761561388301,-0.010979761561388302
2020-07-24,2020-07-23,RB,RB2010,-0.014984227129337557,-0.0018600187984141308,0.0,-0.0,-0.0
2020-07-27,2020-07-24,AG,AG2012,0.06381395348837215,-0.023244414660293648,-1.0,-0.06381395348837215,-0.06431395348837216
2020-07-27,2020-07-24,AU,AU2012,0.018134469696969857,-0.002060938370277546,0.0,0.0,0.0
2020-07-27,2020-07-24,RB,RB2010,-0.007199999999999984,-0.0006937905075219098,0.0,-0.0,-0.0
2020-07-28,2020-07-27,AG,AG2012,0.008552976086577013,0.01443877685146176,1.0,0.008552976086577013,0.008052976086577013
2020-07-28,2020-07-27,AU,AU2012,0.0004188384214445229,0.010602824072406985,1.0,0.0004188384214445229,-8.116157855547713e-05
2020-07-28,2020-07-27,RB,RB2010,0.0005373455131649774,0.0007669580640209446,0.0,0.0,0.0
2020-07-29,2020-07-28,AG,AG2012,0.017699115044247815,0.004533668665021573,0.0,0.0,0.0
2020-07-29,2020-07-28,AU,AU2012,0.006063715658379598,-0.0019842990871811552,0.0,0.0,0.0
2020-07-29,2020-07-28,RB,RB2010,0.01236559139784954,-0.00024530929755848705,0.0,0.0,0.0
2020-07-30,2020-07-29,AG,AG2012,-0.033998265394622695,-0.054270197389829536,-1.0,0.033998265394622695,0.033498265394622695
2020-07-30,2020-07-29,AU,AU2012,-0.00708333333333333,-0.004250395186232984,0.0,-0.0,-0.0
2020-07-30,2020-07-29,RB,RB2010,-0.0002653927813163204,-0.0008544707976209608,0.0,-0.0,-0.0
2020-07-31,2020-07-30,AG,AG2012,0.04644359115011887,0.004112940504065823,0.0,0.0,0.0
2020-07-31,2020-07-30,AU,AU2012,0.013723653395784519,0.0018426245594011556,0.0,0.0,0.0
2020-07-31,2020-07-30,RB,RB2010,0.0031872509960160222,0.00040367130426360637,0.0,0.0,0.0
2020-08-03,2020-07-31,AG,AG2012,-0.0019193857965451588,-0.036755511253078015,-1.0,0.0019193857965451588,0.0014193857965451588
2020-08-03,2020-07-31,AU,AU2012,-0.002912217445569354,-0.006962719624114586,-1.0,0.002912217445569354,0.002412217445569354
2020-08-03,2020-07-31,RB,RB2010,0.017236807212940963,-0.0005777312941904361,0.0,0.0,0.0
2020-08-04,2020-08-03,AG,AG2012,0.0019237495627841827,0.0020566035831421463,0.0,0.0,0.0
2020-08-04,2020-08-03,AU,AU2012,0.0031117922994752245,-0.0004851175406460181,0.0,0.0,0.0
2020-08-04,2020-08-03,RB,RB2010,0.0020876826722338038,-0.0016551547168053061,0.0,0.0,0.0
2020-08-05,2020-08-04,AG,AG2012,0.07826694619147445,-0.0002712980210904197,0.0,0.0,0.0
2020-08-05,2020-08-04,AU,AU2012,0.02801185294934716,-0.0012857104248320988,0.0,0.0,0.0
2020-08-05,2020-08-04,RB,RB2010,-0.0007822685788787531,-0.0006874766856918918,0.0,-0.0,-0.0
2020-08-06,2020-08-05,AG,AG2012,0.04034721105931527,-0.0018662855397141205,0.0,0.0,0.0
2020-08-06,2020-08-05,RB,RB2010,0.0057351407716370595,-0.0009984650543757567,0.0,0.0,0.0
2020-08-07,2020-08-06,AG,AG2012,0.005182926829268242,0.0136121111489952,1.0,0.005182926829268242,0.004682926829268241
2020-08-07,2020-08-06,AU,AU2012,0.00361526444989968,-0.00012742455919651657,0.0,0.0,0.0
2020-08-07,2020-08-06,RB,RB2010,-0.014403292181069949,0.0010649489352085805,0.0,-0.0,-0.0
2020-08-10,2020-08-07,AG,AG2012,-0.0039033178201470786,0.02440267966558879,1.0,-0.0039033178201470786,-0.004403317820147079
2020-08-10,2020-08-07,AU,AU2012,-0.010024395653138174,0.0017303338904655957,0.0,-0.0,-0.0
2020-08-10,2020-08-07,RB,RB2010,-0.002088772845952991,0.007137177944430665,1.0,-0.002088772845952991,-0.002588772845952991
2020-08-11,2020-08-10,AG,AG2012,-0.019357743097238922,0.017394912806589884,1.0,-0.019357743097238922,-0.019857743097238922
2020-08-11,2020-08-10,AU,AU2012,-0.02224310776942351,0.0033025245902544324,0.0,-0.0,-0.0
2020-08-11,2020-08-10,RB,RB2010,-0.007064364207221341,-0.0003797491162972486,0.0,-0.0,-0.0
2020-08-12,2020-08-11,AG,AG2012,-0.0278740157480315,0.008856410394772963,0.0,-0.0,-0.0
2020-08-12,2020-08-11,AU,AU2012,-0.023090253383916348,0.0014608334598736567,0.0,-0.0,-0.0
2020-08-12,2020-08-11,RB,RB2101,0.005121293800539162,0.0038614412375623307,1.0,0.005121293800539162,0.004621293800539161
2020-08-13,2020-08-12,AG,AG2012,-0.0026490066225165476,-0.028304881790195403,-1.0,0.0026490066225165476,0.0021490066225165476
2020-08-13,2020-08-12,AU,AU2012,-0.0036341031894037146,-0.02565712387986184,-1.0,0.0036341031894037146,0.0031341031894037146
2020-08-13,2020-08-12,RB,RB2101,-0.0037523452157598447,-0.001937284892143236,0.0,-0.0,-0.0
2020-08-14,2020-08-13,AG,AG2012,-0.0009800718719372714,-0.031706039504843186,-1.0,0.0009800718719372714,0.0004800718719372714
2020-08-14,2020-08-13,AU,AU2012,0.008058713483954483,0.0029419984034551503,0.0,0.0,0.0
2020-08-14,2020-08-13,RB,RB2010,0.0023746701846965035,0.0011107141113902489,0.0,0.0,0.0
2020-08-17,2020-08-14,AG,AG2012,0.011378413524057107,0.0314388891742886,1.0,0.011378413524057107,0.010878413524057107
2020-08-17,2020-08-14,AU,AU2012,0.00649751007825472,0.0006722102436216079,0.0,0.0,0.0
2020-08-17,2020-08-14,RB,RB2010,0.010548523206751037,-0.00018998447626105474,0.0,0.0,0.0
2020-08-18,2020-08-17,AG,AG2012,0.02442505947660578,0.011252665231276712,1.0,0.02442505947660578,0.02392505947660578
2020-08-18,2020-08-17,AU,AU2012,0.019452144904383628,0.003490981638505418,0.0,0.0,0.0
2020-08-18,2020-08-17,RB,RB2010,0.0041753653444676075,-0.001473705437592971,0.0,0.0,0.0
2020-08-19,2020-08-18,AG,AG2012,-0.04224705342109292,0.015662359323051205,1.0,-0.04224705342109292,-0.04274705342109292
2020-08-19,2020-08-18,AU,AU2012,-0.01668041426083766,0.0035142324014422422,0.0,-0.0,-0.0
2020-08-19,2020-08-18,RB,RB2101,-0.0029077451757864026,0.0026820676583988643,0.0,-0.0,-0.0
2020-08-20,2020-08-19,AG,AG2012,-0.028911834789515534,0.02037904990244154,1.0,-0.028911834789515534,-0.029411834789515534
2020-08-20,2020-08-19,AU,AU2012,-0.02874657502438127,0.007827334498520615,1.0,-0.02874657502438127,-0.02924657502438127
2020-08-20,2020-08-19,RB,RB2010,-0.007643647865050118,-0.0019132492772748273,0.0,-0.0,-0.0
2020-08-21,2020-08-20,AG,AG2012,-0.008145975887911328,0.00914930581775672,1.0,-0.008145975887911328,-0.008645975887911328
2020-08-21,2020-08-20,AU,AU2012,0.005947242206234993,0.005011331130323985,1.0,0.005947242206234993,0.005447242206234992
2020-08-21,2020-08-20,RB,RB2101,-0.000267952840300123,-0.0026488143847946876,0.0,-0.0,-0.0
2020-08-24,2020-08-21,AG,AG2012,-0.018474576271186427,0.0033290804024615744,0.0,-0.0,-0.0
2020-08-24,2020-08-21,AU,AU2012,-0.0018256065337496352,-0.0030514187891762415,0.0,-0.0,-0.0
2020-08-24,2020-08-21,RB,RB2101,0.0010729613733906351,-0.0013543190437857093,0.0,0.0,0.0
2020-08-25,2020-08-24,AG,AG2012,-0.01662189388851576,-0.03173314394802802,-1.0,0.01662189388851576,0.01612189388851576
2020-08-25,2020-08-24,AU,AU2012,-0.005966587112171795,-0.007930446508030849,-1.0,0.005966587112171795,0.005466587112171795
2020-08-25,2020-08-24,RB,RB2010,-0.0021158423697434925,-0.0011925603904089058,0.0,-0.0,-0.0
2020-08-26,2020-08-25,AG,AG2012,-0.0020530367835757124,0.020145844130205877,1.0,-0.0020530367835757124,-0.0025530367835757124
2020-08-26,2020-08-25,AU,AU2012,-0.0002405233788723704,0.006117605800987829,1.0,-0.0002405233788723704,-0.0007405233788723704
2020-08-26,2020-08-25,RB,RB2101,0.005668016194331882,0.008829437811583756,1.0,0.005668016194331882,0.005168016194331881
2020-08-27,2020-08-26,AG,AG2012,0.039286326985760844,-0.0010159208700350633,0.0,0.0,0.0
2020-08-27,2020-08-26,AU,AU2012,0.014963556499493214,-0.0012112269777410272,0.0,0.0,0.0
2020-08-27,2020-08-26,RB,RB2101,-0.004552758435993565,0.0007444097561388932,0.0,-0.0,-0.0
2020-08-28,2020-08-27,AG,AG2012,0.009601059427247094,-0.000542876225112155,0.0,0.0,0.0
2020-08-28,2020-08-27,AU,AU2012,0.00028552393642344853,-0.0034195831493970346,0.0,0.0,0.0
2020-08-28,2020-08-27,RB,RB2101,0.005385029617662962,0.005273390857114924,1.0,0.005385029617662962,0.0048850296176629615
2020-08-31,2020-08-28,AG,AG2012,0.015522875816993409,-0.002771555362485428,0.0,0.0,0.0
2020-08-31,2020-08-28,AU,AU2012,0.001896273821939909,-0.000880087535717051,0.0,0.0,0.0
2020-08-31,2020-08-28,RB,RB2101,0.013136729222520183,-0.001688301255041275,0.0,0.0,0.0
2020-09-01,2020-08-31,AG,AG2012,0.02327447833065821,0.001999855313821231,0.0,0.0,0.0
2020-09-01,2020-08-31,AU,AU2012,0.009599924335571774,0.003122953306059271,0.0,0.0,0.0
2020-09-01,2020-08-31,RB,RB2101,-0.00026490066225171027,-0.0027184744107226766,0.0,-0.0,-0.0
2020-09-02,2020-09-01,AG,AG2012,-0.02460815047021947,0.0012316969773100367,0.0,-0.0,-0.0
2020-09-02,2020-09-01,AU,AU2012,-0.011276964110242815,0.0004564652501748325,0.0,-0.0,-0.0
2020-09-02,2020-09-01,RB,RB2101,0.0010598834128245915,-0.0012305493846007263,0.0,0.0,0.0
2020-09-03,2020-09-02,AG,AG2012,-0.037842190016103006,0.0004206334491521933,0.0,-0.0,-0.0
2020-09-03,2020-09-02,AU,AU2012,-0.018388957171220466,0.0008528967889978213,0.0,-0.0,-0.0
2020-09-03,2020-09-02,RB,RB2105,0.00459832296456586,-0.003608368240206649,-1.0,-0.00459832296456586,-0.00509832296456586
2020-09-04,2020-09-03,AG,AG2012,-0.014947683109118093,-0.0015458735446030073,0.0,-0.0,-0.0
2020-09-04,2020-09-03,AU,AU2012,0.0012980769230770406,0.0011532797331362916,0.0,0.0,0.0
2020-09-04,2020-09-03,RB,RB2101,-0.010021097046413519,-0.0005856324494170563,0.0,-0.0,-0.0
2020-09-07,2020-09-04,AG,AG2012,0.004729729729729737,0.007687749140747617,0.0,0.0,0.0
2020-09-07,2020-09-04,AU,AU2012,0.0032771084337350764,0.0017575265508625207,0.0,0.0,0.0
2020-09-07,2020-09-04,RB,RB2101,-0.0050599201065246735,0.001057171344147852,0.0,-0.0,-0.0
2020-09-08,2020-09-07,AG,AG2012,0.00840618695359785,-0.0014582850298302558,0.0,0.0,0.0
2020-09-08,2020-09-07,AU,AU2012,0.001731435167372064,-0.0034221407637337574,0.0,0.0,0.0
2020-09-08,2020-09-07,RB,RB2101,-0.005880780539962549,0.0005091063362269501,0.0,-0.0,-0.0
2020-09-09,2020-09-08,AU,AU2012,0.006330337295834543,-0.0006218656712402879,0.0,0.0,0.0
2020-09-09,2020-09-08,RB,RB2101,-0.012685560053981138,0.0017433619953798201,0.0,-0.0,-0.0
2020-09-10,2020-09-09,AG,AG2012,0.007254935043023547,-0.015203254284829281,-1.0,-0.007254935043023547,-0.0077549350430235475
2020-09-10,2020-09-09,AU,AU2012,0.0041173935941014594,-0.00713350952347291,-1.0,-0.0041173935941014594,-0.00461739359410146
2020-09-10,2020-09-09,RB,RB2101,-0.00952380952380949,-0.008240393643889662,-1.0,0.00952380952380949,0.00902380952380949
2020-09-11,2020-09-10,AG,AG2012,-0.023140495867768562,0.004366608289084393,0.0,-0.0,-0.0
2020-09-11,2020-09-10,AU,AU2012,-0.00810887708649477,0.002134466917485335,0.0,-0.0,-0.0
2020-09-11,2020-09-10,RB,RB2101,0.006868131868131844,0.007105922222517554,1.0,0.006868131868131844,0.006368131868131843
2020-09-14,2020-09-11,AG,AG2012,-0.0047329276538201626,0.007270373795405568,0.0,-0.0,-0.0
2020-09-14,2020-09-11,AU,AU2012,-4.7794293361325124e-05,0.004537782092637422,0.0,-0.0,-0.0
2020-09-14,2020-09-11,RB,RB2105,-0.001941747572815511,-0.0023579914329524736,0.0,-0.0,-0.0
2020-09-15,2020-09-14,AG,AG2012,0.005894240485011748,0.00044594333392121655,0.0,0.0,0.0
2020-09-15,2020-09-14,AU,AU2012,-0.00042859183770660447,0.00015620802009779598,0.0,-0.0,-0.0
2020-09-15,2020-09-14,RB,RB2101,-0.018042646254784023,0.0039824330089874675,1.0,-0.018042646254784023,-0.018542646254784023
2020-09-16,2020-09-15,AG,AG2012,-0.008017370970435977,0.0038258096883228947,0.0,-0.0,-0.0
2020-09-16,2020-09-15,AU,AU2012,-0.003238095238095262,0.002151325811433782,0.0,-0.0,-0.0
2020-09-16,2020-09-15,RB,RB2101,-0.005009741163373271,-0.0026448517255513167,0.0,-0.0,-0.0
2020-09-17,2020-09-16,AG,AG2012,-0.022727272727272707,0.0010321392487976629,0.0,-0.0,-0.0
2020-09-17,2020-09-16,AU,AU2012,-0.008066825775656317,0.0003024679717482109,0.0,-0.0,-0.0
2020-09-17,2020-09-16,RB,RB2101,0.0005594405594404606,0.0004255985341645882,0.0,0.0,0.0
2020-09-18,2020-09-17,AG,AG2012,0.014825030167212594,0.00010445580342823392,0.0,0.0,0.0
2020-09-18,2020-09-17,AU,AU2012,0.0035624879645677066,0.0007385896017120391,0.0,0.0,0.0
2020-09-18,2020-09-17,RB,RB2105,0.002277255906632414,0.0005266544587377251,0.0,0.0,0.0
2020-09-21,2020-09-18,AG,AG2012,-0.011998628728145389,-0.0005492636026733631,0.0,-0.0,-0.0
2020-09-21,2020-09-18,AU,AU2012,0.0010561689870378643,-0.0002998195889022449,0.0,0.0,0.0
2020-09-21,2020-09-18,RB,RB2101,-0.01585094549499444,0.0009207330384757909,0.0,-0.0,-0.0
2020-09-22,2020-09-21,AG,AG2012,-0.07324840764331209,-0.005485182815901152,0.0,-0.0,-0.0
2020-09-22,2020-09-21,AU,AU2012,-0.014221448265854031,-0.0004906849736153767,0.0,-0.0,-0.0
2020-09-22,2020-09-21,RB,RB2101,-0.0011296243998870636,-0.0024729880257788944,0.0,-0.0,-0.0
2020-09-23,2020-09-22,AG,AG2012,-0.04740061162079512,-0.033979468873710485,-1.0,0.04740061162079512,0.04690061162079512
2020-09-23,2020-09-22,AU,AU2012,-0.01836434867776693,-0.01648247453747165,-1.0,0.01836434867776693,0.017864348677766928
2020-09-23,2020-09-22,RB,RB2101,0.0008476970895732183,0.0005676296164492446,0.0,0.0,0.0
2020-09-24,2020-09-23,AG,AG2012,-0.04304968819151078,-0.0016188882072832088,0.0,-0.0,-0.0
2020-09-24,2020-09-23,AU,AU2012,-0.01210641689916303,0.0024481503086156227,0.0,-0.0,-0.0
2020-09-24,2020-09-23,RB,RB2101,0.0019746121297601338,0.0006199288771789927,0.0,0.0,0.0
2020-09-25,2020-09-24,AG,AG2012,0.0419974926870037,-0.0039474657844369345,0.0,0.0,0.0
2020-09-25,2020-09-24,AU,AU2012,0.009006742477608798,0.0015893896255757922,0.0,0.0,0.0
2020-09-25,2020-09-24,RB,RB2101,-0.008445945945945943,0.0008003125978397412,0.0,-0.0,-0.0
2020-09-28,2020-09-25,AG,AG2012,-0.00934769355821985,0.00870790620084391,0.0,-0.0,-0.0
2020-09-28,2020-09-25,AU,AU2012,0.0023044937628373674,0.002075847981306268,0.0,0.0,0.0
2020-09-28,2020-09-25,RB,RB2105,0.0,0.000272764961038659,0.0,0.0,0.0
2020-09-29,2020-09-28,AG,AG2012,0.016585760517799253,-0.013089154157034776,-1.0,-0.016585760517799253,-0.017085760517799253
2020-09-29,2020-09-28,AU,AU2012,0.011059632341951842,-0.00330094058560792,0.0,0.0,0.0
2020-09-29,2020-09-28,RB,RB2101,-0.0028200789622109257,-0.0013298529317807572,0.0,-0.0,-0.0
2020-09-30,2020-09-29,AG,AG2012,0.0029638411381149865,0.011599409677035571,1.0,0.0029638411381149865,0.0024638411381149865
2020-09-30,2020-09-29,AU,AU2012,0.0,0.002292810977502982,0.0,0.0,0.0
2020-09-30,2020-09-29,RB,RB2101,0.006787330316742057,0.00179444983016148,0.0,0.0,0.0
2020-10-09,2020-09-30,AG,AG2012,0.003140333660451411,0.004643366404059767,0.0,0.0,0.0
2020-10-09,2020-09-30,AU,AU2012,0.002373887240356254,0.00027328450634402524,0.0,0.0,0.0
2020-10-09,2020-09-30,RB,RB2105,0.013647995450668082,0.0025809990783798916,0.0,0.0,0.0
2020-10-12,2020-10-09,AG,AG2012,0.03945841392649907,0.0007845901508804771,0.0,0.0,0.0
2020-10-12,2020-10-09,AU,AU2012,0.006480435956600639,-0.0012349222409175117,0.0,0.0,0.0
2020-10-12,2020-10-09,RB,RB2101,0.0002750275027503246,0.007602721032639227,1.0,0.0002750275027503246,-0.0002249724972496754
2020-10-13,2020-10-12,AG,AG2012,-0.015567086730911783,0.009590545445777502,1.0,-0.015567086730911783,-0.016067086730911784
2020-10-13,2020-10-12,AU,AU2012,-0.0056466923039477646,0.003780312792774805,0.0,-0.0,-0.0
2020-10-13,2020-10-12,RB,RB2101,-0.00247456695078363,0.0005552318108508192,0.0,-0.0,-0.0
2020-10-14,2020-10-13,AG,AG2012,-0.024071266110689882,0.0030016827515321463,0.0,-0.0,-0.0
2020-10-14,2020-10-13,AU,AU2012,-0.007955215085444833,0.0012973378880266238,0.0,-0.0,-0.0
2020-10-14,2020-10-13,RB,RB2105,-0.0028169014084507005,0.0015562643814827479,0.0,-0.0,-0.0
2020-10-15,2020-10-14,AG,AG2012,-0.016132129825235264,-0.0071648237494497955,0.0,-0.0,-0.0
2020-10-15,2020-10-14,AU,AU2012,-0.005813094241095662,-0.002775772089886276,0.0,-0.0,-0.0
2020-10-15,2020-10-14,RB,RB2101,-0.003036157880209722,-0.0005972519858220832,0.0,-0.0,-0.0
2020-10-16,2020-10-15,AG,AG2012,0.01986886548778055,0.008644952770188211,0.0,0.0,0.0
2020-10-16,2020-10-15,AU,AU2012,0.0059115747640337,0.003237773970952459,0.0,0.0,0.0
2020-10-16,2020-10-15,RB,RB2101,0.008048848182070412,0.0012967314066366735,0.0,0.0,0.0
2020-10-19,2020-10-16,AG,AG2012,0.016886645962732816,-0.01671522539270839,-1.0,-0.016886645962732816,-0.017386645962732816
2020-10-19,2020-10-16,AU,AU2012,0.0016822522388797445,-0.001841912944431068,0.0,0.0,0.0
2020-10-19,2020-10-16,RB,RB2101,-0.006875687568756894,-0.002249951452565056,0.0,-0.0,-0.0
2020-10-20,2020-10-19,AG,AG2012,-0.014052411697683231,0.0033595775845033232,0.0,-0.0,-0.0
2020-10-20,2020-10-19,AU,AU2012,-0.0037521599605037093,-0.0014323194327856724,0.0,-0.0,-0.0
2020-10-20,2020-10-19,RB,RB2101,-0.0011049723756906271,0.0014496056531003757,0.0,-0.0,-0.0
2020-10-21,2020-10-20,AG,AG2012,0.009935040122277528,0.0035631763237202953,0.0,0.0,0.0
2020-10-21,2020-10-20,AU,AU2012,0.0018816538747215006,0.0003379585171243072,0.0,0.0,0.0
2020-10-21,2020-10-20,RB,RB2101,0.009402654867256555,0.0014576148235993594,0.0,0.0,0.0
2020-10-22,2020-10-21,AG,AG2012,-0.01049868766404205,0.005977431981441799,0.0,-0.0,-0.0
2020-10-22,2020-10-21,AU,AU2012,-0.0037893700787400286,0.0006070087672526016,0.0,-0.0,-0.0
2020-10-23,2020-10-22,AG,AG2012,-0.005350659277660985,0.007323198780367252,0.0,-0.0,-0.0
2020-10-23,2020-10-22,AU,AU2012,-0.0007427948895711856,0.003343553537270746,0.0,-0.0,-0.0
2020-10-23,2020-10-22,RB,RB2101,-0.006866245536940374,0.0009878157467705193,0.0,-0.0,-0.0
2020-10-26,2020-10-23,AG,AG2012,-0.02655205348615086,-0.005819230032348715,0.0,-0.0,-0.0
2020-10-26,2020-10-23,AU,AU2012,-0.005005203429307659,-0.001802339707641755,0.0,-0.0,-0.0
2020-10-26,2020-10-23,RB,RB2101,-0.002209334438000532,-0.00032640863982134893,0.0,-0.0,-0.0
2020-10-27,2020-10-26,AG,AG2012,0.01702210917628655,0.00397338762387582,0.0,0.0,0.0
2020-10-27,2020-10-26,RB,RB2101,0.0008303349017437789,0.0012503140809085374,0.0,0.0,0.0
2020-10-28,2020-10-27,AG,AG2012,0.00521739130434784,0.001780974862961229,0.0,0.0,0.0
2020-10-28,2020-10-27,AU,AU2012,0.001383399209486269,0.002578994637684918,0.0,0.0,0.0
2020-10-28,2020-10-27,RB,RB2105,0.01030337721808805,-0.0003342918845452121,0.0,0.0,0.0
2020-10-29,2020-10-28,AG,AG2012,-0.017828843106180714,-0.0021837439893226808,0.0,-0.0,-0.0
2020-10-29,2020-10-28,AU,AU2012,-0.0031418312387793135,-0.0007849457315905697,0.0,-0.0,-0.0
2020-10-29,2020-10-28,RB,RB2101,0.004381161007666945,0.0014358290461541148,0.0,0.0,0.0
2020-10-30,2020-10-29,AG,AG2012,0.023076923076922995,-0.03222601265791406,-1.0,-0.023076923076922995,-0.023576923076922995
2020-10-30,2020-10-29,AU,AU2012,0.0005543237250555944,-0.013238144185427058,-1.0,-0.0005543237250555944,-0.0010543237250555944
2020-10-30,2020-10-29,RB,RB2101,0.010371179039301293,-0.004291171284466076,-1.0,-0.010371179039301293,-0.010871179039301293
2020-11-02,2020-10-30,AG,AG2106,0.01868239921337267,-0.04883643752894388,-1.0,-0.01868239921337267,-0.01918239921337267
2020-11-02,2020-10-30,RB,RB2101,0.004320820955981741,-0.0012992419010820107,0.0,0.0,0.0
2020-11-03,2020-11-02,AG,AG2106,0.004605641911341385,0.022973481779005784,1.0,0.004605641911341385,0.0041056419113413845
2020-11-03,2020-11-02,RB,RB2101,-0.003225806451612856,0.00021342745363125788,0.0,-0.0,-0.0
2020-11-04,2020-11-03,AG,AG2106,-0.026415094339622636,0.007414472548446756,0.0,-0.0,-0.0
2020-11-04,2020-11-03,RB,RB2101,0.011317704122878025,0.00016917650121881382,0.0,0.0,0.0
2020-11-05,2020-11-04,AG,AG2106,0.0068846815834766595,0.021961336211435832,1.0,0.0068846815834766595,0.006384681583476659
2020-11-05,2020-11-04,RB,RB2101,-0.0031914893617021045,0.0008674579634109434,0.0,-0.0,-0.0
2020-11-06,2020-11-05,AG,AG2106,0.009658246656760738,0.015231863720671274,1.0,0.009658246656760738,0.009158246656760738
2020-11-06,2020-11-05,RB,RB2101,0.009071504802561359,0.0015264966513788012,0.0,0.0,0.0
2020-11-09,2020-11-06,AG,AG2106,-0.005266981474754795,0.05128915681732891,1.0,-0.005266981474754795,-0.005766981474754795
2020-11-09,2020-11-06,AU,AU2106,-0.00438005390835583,0.011091664707114157,1.0,-0.00438005390835583,-0.00488005390835583
2020-11-09,2020-11-06,RB,RB2105,0.0183079056865465,0.001925753500214596,0.0,0.0,0.0
2020-11-10,2020-11-09,AG,AG2106,-0.020628311884935635,0.025516768333237197,1.0,-0.020628311884935635,-0.021128311884935636
2020-11-10,2020-11-09,AU,AU2106,-0.010123347584647946,0.008241962046305142,1.0,-0.010123347584647946,-0.010623347584647946
2020-11-10,2020-11-09,RB,RB2101,-0.01264516129032256,0.002859636832510121,0.0,-0.0,-0.0
2020-11-11,2020-11-10,AG,AG2106,0.008518877057115182,-0.10762235742451606,-1.0,-0.008518877057115182,-0.009018877057115182
2020-11-11,2020-11-10,AU,AU2106,0.0004981320049812776,-0.04913108784396763,-1.0,-0.0004981320049812776,-0.0009981320049812776
2020-11-11,2020-11-10,RB,RB2101,0.004443282801881887,0.003930627079344976,1.0,0.004443282801881887,0.003943282801881887
2020-11-12,2020-11-11,AG,AG2106,-0.0030775149067128194,-0.0019092947303198321,0.0,-0.0,-0.0
2020-11-12,2020-11-11,RB,RB2105,-0.003556771545827675,-0.0001847498952512461,0.0,-0.0,-0.0
2020-11-13,2020-11-12,AG,AG2106,0.001734104046242857,-0.0029566330131316617,0.0,0.0,0.0
2020-11-13,2020-11-12,AU,AU2106,0.004988526389304582,-0.0049310431011632995,-1.0,-0.004988526389304582,-0.005488526389304582
2020-11-13,2020-11-12,RB,RB2101,0.0026109660574411553,-0.0013902854458938637,0.0,0.0,0.0
2020-11-16,2020-11-13,AG,AG2106,0.023385087214874423,0.0011521189827429332,0.0,0.0,0.0
2020-11-16,2020-11-13,RB,RB2101,0.0031250000000000444,-0.00041272375580596223,0.0,0.0,0.0
2020-11-17,2020-11-16,AG,AG2106,0.006301317548214724,0.005293502347449638,0.0,0.0,0.0
2020-11-17,2020-11-16,AU,AU2106,0.004245118114168722,0.0038703731685526214,0.0,0.0,0.0
2020-11-17,2020-11-16,RB,RB2105,0.014207650273224015,-0.00042179640132602596,0.0,0.0,0.0
2020-11-18,2020-11-17,AG,AG2106,-0.010446343779677125,-0.03152142220615492,-1.0,0.010446343779677125,0.009946343779677125
2020-11-18,2020-11-17,AU,AU2106,-0.007314888535031816,-0.009439641259952796,-1.0,0.007314888535031816,0.006814888535031816
2020-11-18,2020-11-17,RB,RB2101,-0.0033163265306122014,0.0003462554536500919,0.0,-0.0,-0.0
2020-11-19,2020-11-18,AG,AG2106,-0.014230769230769269,-0.001172607369809764,0.0,-0.0,-0.0
2020-11-19,2020-11-18,AU,AU2106,-0.0017085427135679065,-0.001577031297838812,0.0,-0.0,-0.0
2020-11-19,2020-11-18,RB,RB2101,0.008704557091653964,0.00019855019844523017,0.0,0.0,0.0
2020-11-20,2020-11-19,AG,AG2106,0.005071191730056546,-0.004062423578590814,0.0,0.0,0.0
2020-11-20,2020-11-19,AU,AU2106,0.00015097378088668734,-0.006858228368179165,-1.0,-0.00015097378088668734,-0.0006509737808866873
2020-11-20,2020-11-19,RB,RB2101,0.01195928753180664,-0.00025206347114465033,0.0,0.0,0.0
2020-11-23,2020-11-20,AG,AG2106,0.0015506881178521947,0.00035203318083060025,0.0,0.0,0.0
2020-11-23,2020-11-20,AU,AU2106,0.003986878627302515,0.0006667615212182774,0.0,0.0,0.0
2020-11-23,2020-11-20,RB,RB2101,-0.017583521728208984,-0.0020991193715023566,0.0,-0.0,-0.0
2020-11-24,2020-11-23,AG,AG2106,-0.026285046728971917,0.001949255208946064,0.0,-0.0,-0.0
2020-11-24,2020-11-23,AU,AU2106,-0.022991397092116617,-0.00629795356978465,-1.0,0.022991397092116617,0.022491397092116616
2020-11-24,2020-11-23,RB,RB2101,-0.00025568908207618257,0.0015750310369566098,0.0,-0.0,-0.0
2020-11-25,2020-11-24,AG,AG2106,0.00040298206729794117,-0.0180530487521625,-1.0,-0.00040298206729794117,-0.0009029820672979412
2020-11-25,2020-11-24,AU,AU2106,-0.005129799471475294,-0.0025646829652803856,0.0,-0.0,-0.0
2020-11-25,2020-11-24,RB,RB2105,0.004344284550638067,-0.0017416741682644648,0.0,0.0,0.0
2020-11-26,2020-11-25,AG,AG2106,0.0009990009990010762,-0.015978491396331295,-1.0,-0.0009990009990010762,-0.0014990009990010762
2020-11-26,2020-11-25,AU,AU2106,-0.0010389610389609505,-0.01674810052910593,-1.0,0.0010389610389609505,0.0005389610389609505
2020-11-26,2020-11-25,RB,RB2101,0.007522697795071309,-0.0032843171485965024,0.0,0.0,0.0
2020-11-27,2020-11-26,AG,AG2106,-0.003204486280793062,0.012640396882914908,1.0,-0.003204486280793062,-0.003704486280793062
2020-11-27,2020-11-26,AU,AU2106,0.0001560468140442417,0.004381338361322322,0.0,0.0,0.0
2020-11-27,2020-11-26,RB,RB2101,0.01029866117404743,-0.0022027793694618424,0.0,0.0,0.0
2020-11-30,2020-11-27,AG,AG2106,-0.04481511254019288,-0.00435279289302956,0.0,-0.0,-0.0
2020-11-30,2020-11-27,AU,AU2106,-0.024682357842116143,-0.0004853628686283263,0.0,-0.0,-0.0
2020-11-30,2020-11-27,RB,RB2105,-0.002913907284768258,0.002291880923151848,0.0,-0.0,-0.0
2020-12-01,2020-11-30,AG,AG2106,0.033516020236087796,-0.0006028333186164073,0.0,0.0,0.0
2020-12-01,2020-11-30,AU,AU2106,0.010929547281007146,-0.0037468780890610757,0.0,0.0,0.0
2020-12-01,2020-11-30,RB,RB2110,-0.0005473453749316182,0.004372534619061586,1.0,-0.0005473453749316182,-0.0010473453749316182
2020-12-02,2020-12-01,AG,AG2106,0.015169660678642671,-0.0056860078093442295,0.0,0.0,0.0
2020-12-02,2020-12-01,AU,AU2106,0.004617725770058145,-0.006984899649410265,-1.0,-0.004617725770058145,-0.005117725770058146
2020-12-02,2020-12-01,RB,RB2105,0.012483399734395828,0.00040235190687977257,0.0,0.0,0.0
2020-12-03,2020-12-02,AG,AG2106,0.006078431372549042,0.06476595728303157,1.0,0.006078431372549042,0.005578431372549042
2020-12-03,2020-12-02,AU,AU2106,0.008283838699593593,0.02131341847783337,1.0,0.008283838699593593,0.007783838699593593
2020-12-03,2020-12-02,RB,RB2105,-0.009968520461699937,0.0006148276431208712,0.0,-0.0,-0.0
2020-12-04,2020-12-03,AG,AG2106,0.0029097963142579175,0.0063295777920650016,0.0,0.0,0.0
2020-12-04,2020-12-03,AU,AU2106,-0.0013917525773196049,0.005160202446653265,1.0,-0.0013917525773196049,-0.001891752577319605
2020-12-04,2020-12-03,RB,RB2110,0.007344940152339552,0.003156638241471664,0.0,0.0,0.0
2020-12-07,2020-12-04,AG,AG2106,-0.005436893203883519,0.009575984468613023,1.0,-0.005436893203883519,-0.00593689320388352
2020-12-07,2020-12-04,AU,AU2106,-0.002631850552172521,0.0036875909112234592,0.0,-0.0,-0.0
2020-12-07,2020-12-04,RB,RB2105,0.024888656012575394,0.0015894040106870155,0.0,0.0,0.0
2020-12-08,2020-12-07,AG,AG2106,0.03954913980620911,-0.007386874311757118,0.0,0.0,0.0
2020-12-08,2020-12-07,AU,AU2106,0.01665024119508285,0.00040349685221702925,0.0,0.0,0.0
2020-12-08,2020-12-07,RB,RB2105,-0.0017852588625351107,0.003145478662997788,0.0,-0.0,-0.0
2020-12-09,2020-12-08,AG,AG2106,-0.017169019458222023,-0.028093072701359908,-1.0,0.017169019458222023,0.016669019458222023
2020-12-09,2020-12-08,AU,AU2106,-0.0027109974424552874,-0.004405158577508652,0.0,-0.0,-0.0
2020-12-09,2020-12-08,RB,RB2105,0.02177254098360648,0.0068939134128711815,1.0,0.02177254098360648,0.02127254098360648
2020-12-10,2020-12-09,AG,AG2106,-0.014062499999999978,-0.004536336694603791,0.0,-0.0,-0.0
2020-12-10,2020-12-09,AU,AU2106,-0.009542865938125256,-0.003199076633878535,0.0,-0.0,-0.0
2020-12-10,2020-12-09,RB,RB2105,0.01126408010012514,-0.00767460126911532,-1.0,-0.01126408010012514,-0.01176408010012514
2020-12-11,2020-12-10,AG,AG2106,0.001379038613081196,-0.009467386166640446,-1.0,-0.001379038613081196,-0.001879038613081196
2020-12-11,2020-12-10,AU,AU2106,-0.002018215690333336,-0.0004138861898490514,0.0,-0.0,-0.0
2020-12-11,2020-12-10,RB,RB2105,-0.0029666254635352107,0.0045090188849055595,1.0,-0.0029666254635352107,-0.0034666254635352107
2020-12-14,2020-12-11,AG,AG2106,0.0009852216748769127,0.007317126300119317,0.0,0.0,0.0
2020-12-14,2020-12-11,AU,AU2106,0.0008821545327175606,0.0010394603412900779,0.0,0.0,0.0
2020-12-14,2020-12-11,RB,RB2105,-0.014091470951792306,0.0037105756121886013,1.0,-0.014091470951792306,-0.014591470951792307
2020-12-15,2020-12-14,AG,AG2106,0.01834319526627226,-0.0017723394787369,0.0,0.0,0.0
2020-12-15,2020-12-14,AU,AU2106,0.011448792672772878,-0.0006623343276161107,0.0,0.0,0.0
2020-12-15,2020-12-14,RB,RB2105,0.021313941825476412,0.008413359231075591,1.0,0.021313941825476412,0.020813941825476412
2020-12-16,2020-12-15,AG,AG2106,0.024296182028538338,-0.0028816816178004146,0.0,0.0,0.0
2020-12-16,2020-12-15,AU,AU2106,0.005755987254599582,-0.004480517951863769,0.0,0.0,0.0
2020-12-16,2020-12-15,RB,RB2110,0.014332411365350683,0.0013194996890153233,0.0,0.0,0.0
2020-12-17,2020-12-16,AG,AG2106,0.0162586432442533,0.007018292161109845,0.0,0.0,0.0
2020-12-17,2020-12-16,AU,AU2106,0.006239132658279578,0.0013639131178803249,0.0,0.0,0.0
2020-12-17,2020-12-16,RB,RB2105,0.004813477737665384,0.0076680433926608425,1.0,0.004813477737665384,0.004313477737665383
2020-12-18,2020-12-17,AG,AG2106,-0.003272727272727316,0.011907858868821957,1.0,-0.003272727272727316,-0.003772727272727316
2020-12-18,2020-12-17,AU,AU2106,0.004867166903264941,-0.0008890535743060476,0.0,0.0,0.0
2020-12-18,2020-12-17,RB,RB2105,0.03130227001194741,0.0033659255365842446,0.0,0.0,0.0
2020-12-21,2020-12-18,AG,AG2106,0.0540983606557377,0.017559691547753425,1.0,0.0540983606557377,0.0535983606557377
2020-12-21,2020-12-18,AU,AU2106,0.010881063926250656,0.002745182653015987,0.0,0.0,0.0
2020-12-21,2020-12-18,RB,RB2105,0.03384330088085297,0.005739464480757306,1.0,0.03384330088085297,0.033343300880852966
2020-12-22,2020-12-21,AG,AG2106,-0.029463968761093362,0.0027962173820389115,0.0,-0.0,-0.0
2020-12-22,2020-12-21,AU,AU2106,-0.007478417988355801,0.0018842466910667767,0.0,-0.0,-0.0
2020-12-22,2020-12-21,RB,RB2105,-0.02281879194630876,-0.0009788991692984703,0.0,-0.0,-0.0
2020-12-23,2020-12-22,AG,AG2106,-0.013121924548933794,-0.06649848466784325,-1.0,0.013121924548933794,0.012621924548933794
2020-12-23,2020-12-22,AU,AU2106,-0.0026295828065739935,-0.009213106853403997,-1.0,0.0026295828065739935,0.0021295828065739934
2020-12-23,2020-12-22,RB,RB2105,-0.02236932207258613,0.006718927780513979,1.0,-0.02236932207258613,-0.02286932207258613
2020-12-24,2020-12-23,AG,AG2106,0.01907407407407402,0.006024461362946326,0.0,0.0,0.0
2020-12-24,2020-12-23,RB,RB2105,0.0018678496381041576,0.007671815128454831,1.0,0.0018678496381041576,0.0013678496381041576
2020-12-25,2020-12-24,AG,AG2106,0.0007287301876479635,-0.0031918191980225266,0.0,0.0,0.0
2020-12-25,2020-12-24,AU,AU2106,0.005154899681609093,-0.002434618335135388,0.0,0.0,0.0
2020-12-25,2020-12-24,RB,RB2110,0.007409177820267621,-0.0008214973388779371,0.0,0.0,0.0
2020-12-28,2020-12-25,AG,AG2106,0.029690346083788732,-0.002305522808961803,0.0,0.0,0.0
2020-12-28,2020-12-25,AU,AU2106,0.0037811948575749987,-7.311993305257128e-05,0.0,0.0,0.0
2020-12-28,2020-12-25,RB,RB2105,-0.022119815668202758,-0.005275902323180974,-1.0,0.022119815668202758,0.021619815668202758
2020-12-29,2020-12-28,AG,AG2106,-0.00853636848657302,-0.0007571436778940156,0.0,-0.0,-0.0
2020-12-29,2020-12-28,AU,AU2106,0.00045454545454548523,-0.002800540222912323,0.0,0.0,0.0
2020-12-29,2020-12-28,RB,RB2105,-0.005169172932330879,-0.00039209939070348077,0.0,-0.0,-0.0
2020-12-30,2020-12-29,AG,AG2106,0.010388679921189414,-0.008547921586169129,0.0,0.0,0.0
2020-12-30,2020-12-29,AU,AU2106,0.0007075352504168908,-0.00798494120586288,-1.0,-0.0007075352504168908,-0.0012075352504168908
2020-12-30,2020-12-29,RB,RB2105,0.0014117647058824456,0.004131508252651094,1.0,0.0014117647058824456,0.0009117647058824456
2020-12-31,2020-12-30,AG,AG2106,0.004794034090909172,0.002069314929585326,0.0,0.0,0.0
2020-12-31,2020-12-30,AU,AU2106,0.004801617386909429,-0.0009348801219945112,0.0,0.0,0.0
2020-12-31,2020-12-30,RB,RB2105,0.03101503759398505,0.006721838221348894,1.0,0.03101503759398505,0.03051503759398505
2021-01-04,2020-12-31,AG,AG2106,0.005223750652968873,-0.0022050618635222462,0.0,0.0,0.0
2021-01-04,2020-12-31,AU,AU2106,0.00244145490782266,-0.0007126243991690124,0.0,0.0,0.0
2021-01-04,2020-12-31,RB,RB2110,0.0025851938895418147,-0.0026362247633793644,0.0,0.0,0.0
2021-01-05,2021-01-04,AG,AG2106,0.0022452504317789224,0.014249809423785311,1.0,0.0022452504317789224,0.0017452504317789224
2021-01-05,2021-01-04,AU,AU2106,0.001982160555004775,0.008021793432543856,1.0,0.001982160555004775,0.001482160555004775
2021-01-05,2021-01-04,RB,RB2105,0.002051048313582493,-0.004738909772157443,-1.0,-0.002051048313582493,-0.002551048313582493
2021-01-06,2021-01-05,AG,AG2106,-0.006354113000171746,0.004996771299846774,0.0,-0.0,-0.0
2021-01-06,2021-01-05,AU,AU2106,-0.001971900419028838,0.004382378588993983,0.0,-0.0,-0.0
2021-01-06,2021-01-05,RB,RB2105,-0.005227272727272747,0.0007593362455531337,0.0,-0.0,-0.0
2021-01-07,2021-01-06,AG,AG2106,-0.004673706075817852,0.0036566164740559387,0.0,-0.0,-0.0
2021-01-07,2021-01-06,AU,AU2106,-0.002931677018633505,0.00451510310978995,0.0,-0.0,-0.0
2021-01-07,2021-01-06,RB,RB2105,0.017820424948594926,0.0006138650810456548,0.0,0.0,0.0
2021-01-08,2021-01-07,AG,AG2106,-0.00803633822501748,-0.002776993643842234,0.0,-0.0,-0.0
2021-01-08,2021-01-07,AU,AU2106,-0.006688629330138807,-0.010267940427814022,-1.0,0.006688629330138807,0.006188629330138806
2021-01-08,2021-01-07,RB,RB2110,0.005091414024531282,0.003761257595986994,1.0,0.005091414024531282,0.004591414024531282
2021-01-11,2021-01-08,AG,AG2106,-0.07108325872873766,-0.004942546165634947,0.0,-0.0,-0.0
2021-01-11,2021-01-08,AU,AU2106,-0.019950377234290384,-0.0019110912278418495,0.0,-0.0,-0.0
2021-01-11,2021-01-08,RB,RB2110,-0.029661991262359133,-0.0008342183805974363,0.0,-0.0,-0.0
2021-01-12,2021-01-11,AG,AG2106,0.022517321016166214,-0.049543876588846264,-1.0,-0.022517321016166214,-0.023017321016166215
2021-01-12,2021-01-11,AU,AU2106,0.007767593599502964,-0.018951966632967436,-1.0,-0.007767593599502964,-0.008267593599502965
2021-01-12,2021-01-11,RB,RB2105,-0.00505863416877439,0.0019818261540222363,0.0,-0.0,-0.0
2021-01-13,2021-01-12,AG,AG2106,0.0011303692539563759,0.002295591811189633,0.0,0.0,0.0
2021-01-13,2021-01-12,AU,AU2106,-0.0009751090582499344,-0.0030102838634597853,0.0,-0.0,-0.0
2021-01-13,2021-01-12,RB,RB2105,-0.006249999999999978,0.00020059551005151963,0.0,-0.0,-0.0
2021-01-14,2021-01-13,AG,AG2106,-0.003599166508808538,-0.0010374326597990175,0.0,-0.0,-0.0
2021-01-14,2021-01-13,AU,AU2106,-0.0063756491336316445,0.0015392898688472326,0.0,-0.0,-0.0
2021-01-14,2021-01-13,RB,RB2105,0.00116577290743769,-0.0012432162118273626,0.0,0.0,0.0
2021-01-15,2021-01-14,AG,AG2106,0.0024630541871921707,-0.007116940796387995,0.0,0.0,0.0
2021-01-15,2021-01-14,AU,AU2106,0.0036222509702457106,-0.0009545664606830693,0.0,0.0,0.0
2021-01-15,2021-01-14,RB,RB2105,0.012775842044134622,-0.0005562811527483518,0.0,0.0,0.0
2021-01-18,2021-01-15,AG,AG2106,-0.00472589792060496,0.0050104913499432885,0.0,-0.0,-0.0
2021-01-18,2021-01-15,RB,RB2105,0.005034324942791768,0.002184419893661942,0.0,0.0,0.0
2021-01-19,2021-01-18,AG,AG2106,0.007425742574257432,-0.00035910004158489287,0.0,0.0,0.0
2021-01-19,2021-01-18,AU,AU2106,0.0014464304163652741,0.00042038971683697575,0.0,0.0,0.0
2021-01-19,2021-01-18,RB,RB2105,-0.023679417122040025,0.0014199853065763827,0.0,-0.0,-0.0
2021-01-20,2021-01-19,AG,AG2106,0.010959939531368201,-0.002326746475409341,0.0,0.0,0.0
2021-01-20,2021-01-19,AU,AU2106,0.006262939958592284,0.0009003949925057027,0.0,0.0,0.0
2021-01-20,2021-01-19,RB,RB2110,0.004796163069544335,0.0015188448075883019,0.0,0.0,0.0
2021-01-21,2021-01-20,AG,AG2106,0.02451904941531491,0.00022696039961848103,0.0,0.0,0.0
2021-01-21,2021-01-20,AU,AU2106,0.014203811786581255,-0.004616098049536166,-1.0,-0.014203811786581255,-0.014703811786581256
2021-01-21,2021-01-20,RB,RB2105,0.013689095127610296,0.0002840538176179857,0.0,0.0,0.0
2021-01-22,2021-01-21,AG,AG2106,-0.012393636699962962,-0.015786833951704743,-1.0,0.012393636699962962,0.011893636699962962
2021-01-22,2021-01-21,AU,AU2106,-0.0011753883892069439,-0.008584257931564634,-1.0,0.0011753883892069439,0.0006753883892069439
2021-01-22,2021-01-21,RB,RB2110,-0.013676019806649342,0.0036949047459410027,1.0,-0.013676019806649342,-0.014176019806649343
2021-01-25,2021-01-22,AG,AG2106,0.009092631180147803,-0.006517311754881083,0.0,0.0,0.0
2021-01-25,2021-01-22,AU,AU2106,0.002577319587628857,-0.0049726930727783105,-1.0,-0.002577319587628857,-0.003077319587628857
2021-01-25,2021-01-22,RB,RB2105,0.009579439252336508,-0.00038318623676238236,0.0,0.0,0.0
2021-01-26,2021-01-25,AG,AG2106,-0.010839095496168905,-0.01683925296947601,-1.0,0.010839095496168905,0.010339095496168904
2021-01-26,2021-01-25,AU,AU2106,-0.0035756244572713314,-0.01102525004831588,-1.0,0.0035756244572713314,0.0030756244572713314
2021-01-26,2021-01-25,RB,RB2105,-0.003935185185185208,-0.0032347920368324696,0.0,-0.0,-0.0
2021-01-27,2021-01-26,AG,AG2106,-0.005447032306536426,0.0066507105591103064,0.0,-0.0,-0.0
2021-01-27,2021-01-26,AU,AU2106,-0.005384063173007991,0.009255972221494773,1.0,-0.005384063173007991,-0.005884063173007992
2021-01-27,2021-01-26,RB,RB2105,0.0164580435790449,-0.00017311296239530953,0.0,0.0,0.0
2021-01-28,2021-01-27,AG,AG2106,-0.0005718642775447424,0.009439668739480895,1.0,-0.0005718642775447424,-0.0010718642775447425
2021-01-28,2021-01-27,AU,AU2106,-0.001292657704239919,-0.0003302042478944935,0.0,-0.0,-0.0
2021-01-28,2021-01-27,RB,RB2105,-0.022410244683283786,0.002306225383120463,0.0,-0.0,-0.0
2021-01-29,2021-01-28,AG,AG2106,0.03710013250047317,-0.02367195092209833,-1.0,-0.03710013250047317,-0.03760013250047317
2021-01-29,2021-01-28,AU,AU2106,0.004604718543046227,-0.004335246743041657,0.0,0.0,0.0
2021-01-29,2021-01-28,RB,RB2105,0.0004689331770222349,-0.0027678265004058857,0.0,0.0,0.0
2021-02-01,2021-01-29,AG,AG2106,0.05040679165192774,0.022800793775349416,1.0,0.05040679165192774,0.04990679165192774
2021-02-01,2021-01-29,AU,AU2106,0.005789231005686846,0.001250665826558722,0.0,0.0,0.0
2021-02-01,2021-01-29,RB,RB2105,-0.01216943599344722,-0.0022726184745859583,0.0,-0.0,-0.0
2021-02-02,2021-02-01,AG,AG2106,-0.028103818813026926,0.09432197014535987,1.0,-0.028103818813026926,-0.028603818813026927
2021-02-02,2021-02-01,AU,AU2106,-0.008905852417302795,0.013000746062594114,1.0,-0.008905852417302795,-0.009405852417302796
2021-02-02,2021-02-01,RB,RB2105,-0.01680473372781066,0.0011667242433823226,0.0,-0.0,-0.0
2021-02-03,2021-02-02,AG,AG2106,-0.019298245614035037,0.055056600273162434,1.0,-0.019298245614035037,-0.019798245614035037
2021-02-03,2021-02-02,AU,AU2106,-0.005834365964477506,0.0014595537460058794,0.0,-0.0,-0.0
2021-02-03,2021-02-02,RB,RB2105,0.0031234983181163134,0.0009211784494110315,0.0,0.0,0.0
2021-02-04,2021-02-03,AG,AG2106,-0.0160513643659711,-0.09276151373884024,-1.0,0.0160513643659711,0.015551364365971099
2021-02-04,2021-02-03,AU,AU2106,-0.006497556918598657,-0.008688765094390767,-1.0,0.006497556918598657,0.005997556918598657
2021-02-04,2021-02-03,RB,RB2105,0.015546519971298745,0.0013919803955411234,0.0,0.0,0.0
2021-02-05,2021-02-04,AG,AG2106,-0.006361323155216314,0.00472308867115322,0.0,-0.0,-0.0
2021-02-05,2021-02-04,AU,AU2106,-0.00902176763703122,-0.0011292126141638351,0.0,-0.0,-0.0
2021-02-05,2021-02-04,RB,RB2105,0.009898656610888512,0.0011150894365127243,0.0,0.0,0.0
2021-02-08,2021-02-05,AG,AG2106,0.01972602739726037,-0.0042895017760674545,0.0,0.0,0.0
2021-02-08,2021-02-05,AU,AU2106,0.0058078141499471325,-0.0037351443488186746,0.0,0.0,0.0
2021-02-08,2021-02-05,RB,RB2105,0.010254020041948309,-0.0004968206050538206,0.0,0.0,0.0
2021-02-09,2021-02-08,AG,AG2106,0.004992867332382245,0.0018735517494777934,0.0,0.0,0.0
2021-02-09,2021-02-08,AU,AU2106,0.007946465913843737,0.0029857361502906225,0.0,0.0,0.0
2021-02-09,2021-02-08,RB,RB2105,0.019607843137254832,0.0009469022623555244,0.0,0.0,0.0
2021-02-10,2021-02-09,AG,AG2106,-0.007083407118824159,0.003516169908708121,0.0,-0.0,-0.0
2021-02-10,2021-02-09,AU,AU2106,0.00129816180288711,0.003681150121001149,0.0,0.0,0.0
2021-02-10,2021-02-09,RB,RB2110,-0.002078042022627624,0.0008314005028913325,0.0,-0.0,-0.0
2021-02-18,2021-02-10,AG,AG2106,-0.0019607843137254832,0.0016437586639480876,0.0,-0.0,-0.0
2021-02-18,2021-02-10,AU,AU2106,-0.0021334471171796654,-0.0008586635901746024,0.0,-0.0,-0.0
2021-02-18,2021-02-10,RB,RB2105,0.009585376727597072,-0.0005993294611372455,0.0,0.0,0.0
2021-02-19,2021-02-18,AG,AG2106,-0.010003572704537333,0.0001688991802358854,0.0,-0.0,-0.0
2021-02-19,2021-02-18,AU,AU2106,-0.005447263017356541,-0.014813953749518265,-1.0,0.005447263017356541,0.00494726301735654
2021-02-19,2021-02-18,RB,RB2105,-0.0015449128227764675,0.010970452534937825,1.0,-0.0015449128227764675,-0.0020449128227764675
2021-02-22,2021-02-19,AG,AG2106,0.03012912482065988,-0.00016805855259130345,0.0,0.0,0.0
2021-02-22,2021-02-19,AU,AU2106,0.01062516769519739,0.0010382488004744253,0.0,0.0,0.0
2021-02-22,2021-02-19,RB,RB2105,0.012820512820512775,0.0004095627522833812,0.0,0.0,0.0
2021-02-23,2021-02-22,AG,AG2106,0.022156315422191097,0.007077118615742449,0.0,0.0,0.0
2021-02-23,2021-02-22,AU,AU2106,0.009440466719703,0.0008288643324567246,0.0,0.0,0.0
2021-02-24,2021-02-23,AG,AG2106,-0.013207547169811318,-0.0023029453261397483,0.0,-0.0,-0.0
2021-02-24,2021-02-23,AU,AU2106,-0.002784637209057972,0.001229983305816794,0.0,-0.0,-0.0
2021-02-24,2021-02-23,RB,RB2105,0.014945054945054936,-0.0033524130954009058,0.0,0.0,0.0
2021-02-25,2021-02-24,AG,AG2106,0.00553729018861393,-0.004816665031446078,0.0,0.0,0.0
2021-02-25,2021-02-24,RB,RB2105,0.01538461538461533,-0.0004517976032013151,0.0,0.0,0.0
2021-02-26,2021-02-25,AG,AG2106,-0.04457064188607818,0.004808525873384992,0.0,-0.0,-0.0
2021-02-26,2021-02-25,AU,AU2106,-0.012190557664545798,-0.003281545270126822,0.0,-0.0,-0.0
2021-02-26,2021-02-25,RB,RB2105,-0.0008545182653278971,-0.0008435945779037483,0.0,-0.0,-0.0
2021-03-01,2021-02-26,AU,AU2106,-0.0029266706411575916,-0.007978600039030982,-1.0,0.0029266706411575916,0.0024266706411575916
2021-03-01,2021-02-26,RB,RB2105,-0.0034371643394199847,-0.0012096056009857907,0.0,-0.0,-0.0
2021-03-02,2021-03-01,AG,AG2106,-0.024680237794991844,-0.008565916149116485,0.0,-0.0,-0.0
2021-03-02,2021-03-01,AU,AU2106,-0.008931506849315096,-0.0023003259547773962,0.0,-0.0,-0.0
2021-03-02,2021-03-01,RB,RB2105,0.020047424013796,-0.006313454359849856,-1.0,-0.020047424013796,-0.020547424013796
2021-03-03,2021-03-02,AG,AG2106,0.009145783793671036,-0.0032362945592461076,0.0,0.0,0.0
2021-03-03,2021-03-02,AU,AU2106,-0.0019220208676551387,-0.010231062986942808,-1.0,0.0019220208676551387,0.0014220208676551387
2021-03-03,2021-03-02,RB,RB2110,0.01744680851063829,0.010175294162678,1.0,0.01744680851063829,0.01694680851063829
2021-03-04,2021-03-03,AG,AG2106,-0.021636363636363676,0.006172753135337755,0.0,-0.0,-0.0
2021-03-04,2021-03-03,AU,AU2106,-0.004640627589635904,0.005782069339488717,1.0,-0.004640627589635904,-0.005140627589635904
2021-03-04,2021-03-03,RB,RB2105,0.0010322047894302244,0.019460123896074627,1.0,0.0010322047894302244,0.0005322047894302244
2021-03-05,2021-03-04,AG,AG2106,-0.03819766363804933,-0.0028241621086659455,0.0,-0.0,-0.0
2021-03-05,2021-03-04,AU,AU2106,-0.011531211886018355,-0.0051071524940857075,-1.0,0.011531211886018355,0.011031211886018355
2021-03-05,2021-03-04,RB,RB2105,-0.026130236416424757,0.00043108837246169976,0.0,-0.0,-0.0
2021-03-08,2021-03-05,AG,AG2106,0.01780585870189544,0.002489843500626838,0.0,0.0,0.0
2021-03-08,2021-03-05,AU,AU2106,0.007380073800737907,0.0014117049259980104,0.0,0.0,0.0
2021-03-08,2021-03-05,RB,RB2105,0.01084875558391829,-0.009605441863645653,-1.0,-0.01084875558391829,-0.01134875558391829
2021-03-09,2021-03-08,AG,AG2106,0.006465107434873607,0.007448304467600703,0.0,0.0,0.0
2021-03-09,2021-03-08,AU,AU2106,0.0011153245594468508,0.003252045845138694,0.0,0.0,0.0
2021-03-09,2021-03-08,RB,RB2105,-0.03367003367003363,0.0012071712694371266,0.0,-0.0,-0.0
2021-03-10,2021-03-09,AG,AG2106,0.0016819286114744258,-0.008665299306927863,0.0,0.0,0.0
2021-03-10,2021-03-09,AU,AU2106,0.0065457369501302765,-0.004256154519084135,0.0,0.0,0.0
2021-03-10,2021-03-09,RB,RB2110,-0.006971677559912903,-0.0037897769837977884,-1.0,0.006971677559912903,0.006471677559912903
2021-03-11,2021-03-10,AG,AG2106,0.017344274524431214,0.009560423694403129,1.0,0.017344274524431214,0.016844274524431213
2021-03-11,2021-03-10,AU,AU2106,0.009937065253395216,0.004269277434151866,0.0,0.0,0.0
2021-03-11,2021-03-10,RB,RB2105,0.01714409722222232,0.005866244432782863,1.0,0.01714409722222232,0.01664409722222232
2021-03-12,2021-03-11,AG,AG2106,-0.02052785923753664,0.00029243362813128726,0.0,-0.0,-0.0
2021-03-12,2021-03-11,AU,AU2106,-0.0146400087403038,-0.0014948051205600239,0.0,-0.0,-0.0
2021-03-12,2021-03-11,RB,RB2105,0.0,0.0057182545664747715,1.0,0.0,-0.0005
2021-03-15,2021-03-12,AG,AG2106,0.013133208255159401,0.00015133380001147327,0.0,0.0,0.0
2021-03-15,2021-03-12,AU,AU2106,0.01038542707986223,0.0005949479187260325,0.0,0.0,0.0
2021-03-15,2021-03-12,RB,RB2105,0.012264749418481768,0.013226702652861423,1.0,0.012264749418481768,0.011764749418481768
2021-03-16,2021-03-15,AG,AG2106,-0.004582951420714965,-0.002424203307683521,0.0,-0.0,-0.0
2021-03-16,2021-03-15,AU,AU2106,-0.0018071299490718395,-0.001692789220131998,0.0,-0.0,-0.0
2021-03-16,2021-03-15,RB,RB2110,-0.016337789093995303,-0.007948735848915055,-1.0,0.016337789093995303,0.015837789093995303
2021-03-17,2021-03-16,AG,AG2106,0.00018480872297166329,0.00694263937967211,0.0,0.0,0.0
2021-03-17,2021-03-16,AU,AU2106,0.0032876712328766544,0.0026530584857725795,0.0,0.0,0.0
2021-03-17,2021-03-16,RB,RB2105,0.020473448496481028,0.00024448840327062973,0.0,0.0,0.0
2021-03-18,2021-03-17,AG,AG2106,0.03040415276232844,-0.002424015025673745,0.0,0.0,0.0
2021-03-18,2021-03-17,AU,AU2106,0.011339359079704181,0.000918057748730956,0.0,0.0,0.0
2021-03-18,2021-03-17,RB,RB2105,-0.004601547793348648,-0.002380707845520901,0.0,-0.0,-0.0
2021-03-19,2021-03-18,AG,AG2106,-0.004387568555758725,-0.002663418962888212,0.0,-0.0,-0.0
2021-03-19,2021-03-18,AU,AU2106,0.005084745762711895,-0.0028316010468643783,0.0,0.0,0.0
2021-03-19,2021-03-18,RB,RB2105,0.00105462982493143,-0.0009213042845983656,0.0,0.0,0.0
2021-03-22,2021-03-19,AG,AG2106,-0.02675462708447862,-0.014281795605276289,-1.0,0.02675462708447862,0.02625462708447862
2021-03-22,2021-03-19,AU,AU2106,-0.004139208104133818,-0.009236124422589153,-1.0,0.004139208104133818,0.003639208104133818
2021-03-22,2021-03-19,RB,RB2105,-0.0002099076406381073,-0.004065753030711918,-1.0,0.0002099076406381073,-0.0002900923593618927
2021-03-23,2021-03-22,AG,AG2106,0.00395480225988698,0.0016109680860404013,0.0,0.0,0.0
2021-03-23,2021-03-22,AU,AU2106,0.0027337342810278553,-0.0009985222055845996,0.0,0.0,0.0
2021-03-23,2021-03-22,RB,RB2105,-0.010077682133109334,0.005059880514564153,1.0,-0.010077682133109334,-0.010577682133109334
2021-03-24,2021-03-23,AG,AG2106,-0.017816954238559668,-0.00011202640742680872,0.0,-0.0,-0.0
2021-03-24,2021-03-23,AU,AU2106,-0.002070844686648532,0.00016504839114089598,0.0,-0.0,-0.0
2021-03-24,2021-03-23,RB,RB2110,0.01304812834224589,-0.002797942035432009,0.0,0.0,0.0
2021-03-25,2021-03-24,AG,AG2106,-0.008935361216729998,0.0001623563826373189,0.0,-0.0,-0.0
2021-03-25,2021-03-24,AU,AU2106,0.001855186337098358,0.00042581122308481473,0.0,0.0,0.0
2021-03-25,2021-03-24,RB,RB2105,-0.0047737650477376325,-0.0026709404844888042,0.0,-0.0,-0.0
2021-03-26,2021-03-25,AG,AG2106,0.029947152084556672,0.002649267988058269,0.0,0.0,0.0
2021-03-26,2021-03-25,AU,AU2106,-0.0007094133697135296,0.0005150948940047346,0.0,-0.0,-0.0
2021-03-26,2021-03-25,RB,RB2105,0.030277719774483236,0.00033865500206344126,0.0,0.0,0.0
2021-03-29,2021-03-26,AG,AG2106,-0.008390541571319576,-0.023573686408089368,-1.0,0.008390541571319576,0.007890541571319576
2021-03-29,2021-03-26,AU,AU2106,0.0015305564666010518,-0.0021077995983225357,0.0,0.0,0.0
2021-03-29,2021-03-26,RB,RB2105,0.005054589567327072,-0.0011574837885346167,0.0,0.0,0.0
2021-03-30,2021-03-29,AG,AG2106,-0.010591180435201242,-0.0025563003817183896,0.0,-0.0,-0.0
2021-03-30,2021-03-29,AU,AU2106,-0.013857820939494725,-0.0007169200337290672,0.0,-0.0,-0.0
2021-03-30,2021-03-29,RB,RB2105,-0.002411575562700996,0.0026048867288634365,0.0,-0.0,-0.0
2021-03-31,2021-03-30,AG,AG2106,-0.000988728495155189,-0.0011550108952777037,0.0,-0.0,-0.0
2021-03-31,2021-03-30,AU,AU2106,-0.00067110340584986,0.0004296341950467935,0.0,-0.0,-0.0
2021-03-31,2021-03-30,RB,RB2105,-0.004036326942482349,0.000674126530479243,0.0,-0.0,-0.0
2021-04-01,2021-03-31,AG,AG2106,0.014512922465208744,-0.01673110416929016,-1.0,-0.014512922465208744,-0.015012922465208745
2021-04-01,2021-03-31,AU,AU2106,0.021037318860851695,-0.010878018528577801,-1.0,-0.021037318860851695,-0.021537318860851695
2021-04-01,2021-03-31,RB,RB2201,0.014015714589084682,0.0012842210398332746,0.0,0.0,0.0
2021-04-02,2021-04-01,AG,AG2106,0.02452316076294281,-0.0036897696338577517,0.0,0.0,0.0
2021-04-02,2021-04-01,AU,AU2106,0.011427009294696644,0.0002478097693491167,0.0,0.0,0.0
2021-04-02,2021-04-01,RB,RB2110,0.030809504631494233,-0.006148444713864255,-1.0,-0.030809504631494233,-0.031309504631494234
2021-04-06,2021-04-02,AG,AG2106,0.0017274472168906652,0.005014783276091769,0.0,0.0,0.0
2021-04-06,2021-04-02,AU,AU2106,-0.00021775817954161614,0.0019954504865384213,0.0,-0.0,-0.0
2021-04-06,2021-04-02,RB,RB2110,0.0023369036027263146,0.018589045890000724,1.0,0.0023369036027263146,0.0018369036027263146
2021-04-07,2021-04-06,AG,AG2106,0.0019047619047618536,-0.0036774167197655833,0.0,0.0,0.0
2021-04-07,2021-04-06,AU,AU2106,0.0020089043327180534,-0.0030697144342275323,0.0,0.0,0.0
2021-04-07,2021-04-06,RB,RB2110,-0.005828638041577627,0.005805320334376907,1.0,-0.005828638041577627,-0.006328638041577628
2021-04-08,2021-04-07,AG,AG2106,0.01008179570097023,0.004258476786700661,0.0,0.0,0.0
2021-04-08,2021-04-07,AU,AU2106,0.0031443131302177907,0.0023522950897633434,0.0,0.0,0.0
2021-04-08,2021-04-07,RB,RB2201,-0.002022244691607722,-0.002378875768248193,0.0,-0.0,-0.0
2021-04-09,2021-04-08,AG,AG2106,-0.005066616626008602,-0.0005107036176636506,0.0,-0.0,-0.0
2021-04-09,2021-04-08,AU,AU2106,0.0029119930974979003,-0.00047287476005271735,0.0,0.0,0.0
2021-04-09,2021-04-08,RB,RB2110,-0.011121951219512205,-0.0041067768220251965,-1.0,0.011121951219512205,0.010621951219512205
2021-04-12,2021-04-09,AG,AG2106,-0.003218477849299517,0.002922207111124001,0.0,-0.0,-0.0
2021-04-12,2021-04-09,AU,AU2106,-0.0014605647517040854,0.0023995065907020936,0.0,-0.0,-0.0
2021-04-12,2021-04-09,RB,RB2110,-0.01598894591393607,0.0054734056151238735,1.0,-0.01598894591393607,-0.01648894591393607
2021-04-13,2021-04-12,AG,AG2106,-0.012352717597871488,-0.0030165301079429015,0.0,-0.0,-0.0
2021-04-13,2021-04-12,AU,AU2106,-0.008725814319006986,-0.006509866958095425,-1.0,0.008725814319006986,0.008225814319006985
2021-04-13,2021-04-12,RB,RB2110,0.024839743589743613,-0.0011841326382272983,0.0,0.0,0.0
2021-04-14,2021-04-13,AG,AG2106,0.013095464034921234,-0.0005453232987093181,0.0,0.0,0.0
2021-04-14,2021-04-13,AU,AU2106,0.004512340980754592,-0.00043464394223570045,0.0,0.0,0.0
2021-04-14,2021-04-13,RB,RB2110,-0.006794797126771446,0.0031038147992238944,0.0,-0.0,-0.0
2021-04-15,2021-04-14,AG,AG2106,0.004882629107981318,0.01253278607654389,1.0,0.004882629107981318,0.004382629107981317
2021-04-15,2021-04-14,AU,AU2106,0.0004331582652012944,0.005348628837053262,1.0,0.0004331582652012944,-6.68417347987056e-05
2021-04-15,2021-04-14,RB,RB2110,-0.004289335153051299,0.011981534359737901,1.0,-0.004289335153051299,-0.0047893351530512995
2021-04-16,2021-04-15,AG,AG2106,0.011044552602021751,-0.002304530117258112,0.0,0.0,0.0
2021-04-16,2021-04-15,AU,AU2106,0.010132206328565152,-0.00045176143693559796,0.0,0.0,0.0
2021-04-16,2021-04-15,RB,RB2110,0.0011741682974559797,0.004607849582841676,1.0,0.0011741682974559797,0.0006741682974559797
2021-04-19,2021-04-16,AG,AG2106,-0.014038286235186881,-0.0017212688655638007,0.0,-0.0,-0.0
2021-04-19,2021-04-16,AU,AU2106,-0.0026560424966799445,-0.0012614452166956308,0.0,-0.0,-0.0
2021-04-19,2021-04-16,RB,RB2110,-0.007809449433814897,0.0013269412121899458,0.0,-0.0,-0.0
2021-04-20,2021-04-19,AG,AG2106,-0.0012965363956287668,0.014517367122483695,1.0,-0.0012965363956287668,-0.0017965363956287668
2021-04-20,2021-04-19,AU,AU2106,-0.005611972207375637,0.009931991722031895,1.0,-0.005611972207375637,-0.006111972207375638
2021-04-20,2021-04-19,RB,RB2110,0.014535454724022845,0.0020720279393112748,0.0,0.0,0.0
2021-04-21,2021-04-20,AG,AG2106,0.008351893095768448,-0.0014879120330469158,0.0,0.0,0.0
2021-04-21,2021-04-20,AU,AU2106,0.010264402407566653,-0.0032861662080579607,0.0,0.0,0.0
2021-04-21,2021-04-20,RB,RB2110,0.005816207832493259,0.002483298786590419,0.0,0.0,0.0
2021-04-22,2021-04-21,AG,AG2106,0.0136229749631811,-0.0008285479907855478,0.0,0.0,0.0
2021-04-22,2021-04-21,AU,AU2106,0.0013845252675861452,0.00015409612605581365,0.0,0.0,0.0
2021-04-22,2021-04-21,RB,RB2110,0.002502406159768933,-0.0017178418246176972,0.0,0.0,0.0
2021-04-23,2021-04-22,AG,AG2106,-0.008036529680365279,-0.00021084236083660806,0.0,-0.0,-0.0
2021-04-23,2021-04-22,AU,AU2106,0.0005866979572242137,-0.0010914889998672676,0.0,0.0,0.0
2021-04-23,2021-04-22,RB,RB2110,0.014162679425837377,0.002075242805222927,0.0,0.0,0.0
2021-04-26,2021-04-23,AG,AG2106,-0.01752784371006022,-0.005280368445377647,0.0,-0.0,-0.0
2021-04-26,2021-04-23,AU,AU2106,-0.009450491106981707,-0.002890217956617564,0.0,-0.0,-0.0
2021-04-26,2021-04-23,RB,RB2110,0.013396226415094414,0.0038940840650283225,1.0,0.013396226415094414,0.012896226415094414
2021-04-27,2021-04-26,AG,AG2106,0.0038824181919023815,0.009284282353729493,1.0,0.0038824181919023815,0.0033824181919023815
2021-04-27,2021-04-26,AU,AU2106,0.0010184937014205975,0.004690079494818913,1.0,0.0010184937014205975,0.0005184937014205975
2021-04-27,2021-04-26,RB,RB2110,0.009138381201044377,0.0003378030938596673,0.0,0.0,0.0
2021-04-28,2021-04-27,AG,AG2106,-0.01064024949550546,0.0036266876707419645,0.0,-0.0,-0.0
2021-04-28,2021-04-27,AU,AU2106,-0.0072173215717723505,-9.420930244291245e-05,0.0,-0.0,-0.0
2021-04-28,2021-04-27,RB,RB2110,-0.009794862317501374,-0.0013070545514392562,0.0,-0.0,-0.0
2021-04-29,2021-04-28,AG,AG2106,0.012057132257466074,0.003985391275467283,0.0,0.0,0.0
2021-04-29,2021-04-28,AU,AU2106,0.0033923859781379573,0.0018148671574278856,0.0,0.0,0.0
2021-04-29,2021-04-28,RB,RB2201,0.02596153846153837,0.014968928560258297,1.0,0.02596153846153837,0.02546153846153837
2021-04-30,2021-04-29,AG,AG2106,-0.025580120591997102,-0.00034669207451709845,0.0,-0.0,-0.0
2021-04-30,2021-04-29,AU,AU2106,-0.006484806259713816,5.4482023521882404e-05,0.0,-0.0,-0.0
2021-04-30,2021-04-29,RB,RB2110,-0.013360175695461218,-0.00714452307256725,-1.0,0.013360175695461218,0.012860175695461218
2021-05-06,2021-04-30,AG,AG2112,0.0250681198910081,0.004402030038467055,0.0,0.0,0.0
2021-05-06,2021-04-30,RB,RB2110,0.026268115942029047,0.0023714215355171205,0.0,0.0,0.0
2021-05-07,2021-05-06,AG,AG2112,0.01624867537972441,0.027801182962043463,1.0,0.01624867537972441,0.01574867537972441
2021-05-07,2021-05-06,RB,RB2110,0.0015875815840535878,0.018780960646230388,1.0,0.0015875815840535878,0.0010875815840535878
2021-05-10,2021-05-07,AG,AG2112,0.006555114714507537,0.010084043108114782,1.0,0.006555114714507537,0.006055114714507537
2021-05-10,2021-05-07,AU,AU2112,-0.0035277028429133717,0.0023772419955466625,0.0,-0.0,-0.0
2021-05-10,2021-05-07,RB,RB2110,0.0590100405143561,0.0005392810986743128,0.0,0.0,0.0
2021-05-11,2021-05-10,AG,AG2112,-0.016952054794520555,0.022335831684719084,1.0,-0.016952054794520555,-0.017452054794520555
2021-05-11,2021-05-10,AU,AU2112,-0.003688120097657177,0.021084502542340608,1.0,-0.003688120097657177,-0.0041881200976571775
2021-05-11,2021-05-10,RB,RB2110,-0.004416816620317343,-0.00015406938038400512,0.0,-0.0,-0.0
2021-05-12,2021-05-11,AG,AG2112,0.00838135149292829,0.002569593304849284,0.0,0.0,0.0
2021-05-12,2021-05-11,AU,AU2112,0.00486427114388821,0.006708445552607148,1.0,0.00486427114388821,0.00436427114388821
2021-05-12,2021-05-11,RB,RB2110,0.01496710526315792,0.030161612443939067,1.0,0.01496710526315792,0.01446710526315792
2021-05-13,2021-05-12,AG,AG2112,-0.016421780466724267,-0.007324733321338508,0.0,-0.0,-0.0
2021-05-13,2021-05-12,AU,AU2112,-0.00638728773952324,-0.007958061787105298,-1.0,0.00638728773952324,0.005887287739523239
2021-05-13,2021-05-12,RB,RB2110,-0.029373153921890438,-0.00112941186772602,0.0,-0.0,-0.0
2021-05-14,2021-05-13,AG,AG2112,0.006868615709757053,0.005190312713348201,0.0,0.0,0.0
2021-05-14,2021-05-13,AU,AU2112,0.007484168105929889,0.0070186415855184306,1.0,0.007484168105929889,0.006984168105929889
2021-05-14,2021-05-13,RB,RB2110,-0.04146134239592181,-0.020964933268878713,-1.0,0.04146134239592181,0.04096134239592181
2021-05-17,2021-05-14,AG,AG2112,0.019354838709677358,-0.006132421935599325,0.0,0.0,0.0
2021-05-17,2021-05-14,AU,AU2112,0.009857328145265853,-0.003785298434525368,0.0,0.0,0.0
2021-05-17,2021-05-14,RB,RB2110,-0.014788732394366177,-0.006408652460059868,-1.0,0.014788732394366177,0.014288732394366177
2021-05-18,2021-05-17,AG,AG2112,0.0391042204995693,0.009430674898499566,1.0,0.0391042204995693,0.0386042204995693
2021-05-18,2021-05-17,AU,AU2112,0.008907883219195556,0.0038935761468000376,0.0,0.0,0.0
2021-05-18,2021-05-17,RB,RB2110,0.0019646365422396617,0.009130712654460174,1.0,0.0019646365422396617,0.0014646365422396617
2021-05-19,2021-05-18,AG,AG2112,-0.01605428666004638,-0.02111415461759807,-1.0,0.01605428666004638,0.01555428666004638
2021-05-19,2021-05-18,AU,AU2112,0.0026053639846743692,-0.006789078657314084,-1.0,-0.0026053639846743692,-0.0031053639846743693
2021-05-19,2021-05-18,RB,RB2110,-0.05179496338631895,0.0003918950594097344,0.0,-0.0,-0.0
2021-05-20,2021-05-19,AG,AG2112,-0.0032406617772471336,0.004969356776475681,0.0,-0.0,-0.0
2021-05-20,2021-05-19,AU,AU2112,0.0009694866823144466,-0.002910465136751205,0.0,0.0,0.0
2021-05-20,2021-05-19,RB,RB2110,-0.0026923076923076605,-0.0022801737302225217,0.0,-0.0,-0.0
2021-05-21,2021-05-20,AG,AG2112,-0.010432700530186412,-0.04166733648200145,-1.0,0.010432700530186412,0.009932700530186411
2021-05-21,2021-05-20,AU,AU2112,-0.00015289740584067957,-0.004283092712025264,0.0,-0.0,-0.0
2021-05-21,2021-05-20,RB,RB2110,-0.014459224985540753,-0.02973599566084687,-1.0,0.014459224985540753,0.013959224985540752
2021-05-24,2021-05-21,AG,AG2112,-0.007006151742993794,0.0012982555197036442,0.0,-0.0,-0.0
2021-05-24,2021-05-21,AU,AU2112,-0.003086888315368741,0.0005569461971682619,0.0,-0.0,-0.0
2021-05-24,2021-05-21,RB,RB2110,-0.024705882352941133,0.00016604139987215383,0.0,-0.0,-0.0
2021-05-25,2021-05-24,AG,AG2112,-0.005321888412017195,0.03402682981180353,1.0,-0.005321888412017195,-0.005821888412017195
2021-05-25,2021-05-24,AU,AU2112,-0.003250711093051528,0.021788358553625167,1.0,-0.003250711093051528,-0.003750711093051528
2021-05-25,2021-05-24,RB,RB2110,-0.01145498392282962,-0.0035679427688890433,-1.0,0.01145498392282962,0.01095498392282962
2021-05-26,2021-05-25,AG,AG2112,0.017005032101336193,0.005503259989525123,0.0,0.0,0.0
2021-05-26,2021-05-25,AU,AU2112,0.010038728088055393,-0.00176433967271169,0.0,0.0,0.0
2021-05-26,2021-05-25,RB,RB2110,-0.04521276595744683,0.0003578009144361908,0.0,-0.0,-0.0
2021-05-27,2021-05-26,AG,AG2112,-0.01963127347217475,-0.01581603156477527,-1.0,0.01963127347217475,0.019131273472174748
2021-05-27,2021-05-26,RB,RB2110,0.03658274155369057,-0.008333584231598622,-1.0,-0.03658274155369057,-0.03708274155369057
2021-05-28,2021-05-27,AG,AG2112,-0.003134250391781279,-0.0015359672662511679,0.0,-0.0,-0.0
2021-05-28,2021-05-27,AU,AU2112,-0.007707519902641957,0.0037814813285741737,0.0,-0.0,-0.0
2021-05-28,2021-05-27,RB,RB2110,0.018163054695562453,-0.004840379296130168,-1.0,-0.018163054695562453,-0.018663054695562453
2021-05-31,2021-05-28,AU,AU2112,0.005353319057815886,0.0010650437540541714,0.0,0.0,0.0
2021-05-31,2021-05-28,RB,RB2110,0.023828920570264867,0.007043019479244292,1.0,0.023828920570264867,0.023328920570264866
2021-06-01,2021-05-31,AG,AG2112,0.018140981340704965,-0.009120890198752642,-1.0,-0.018140981340704965,-0.018640981340704965
2021-06-01,2021-05-31,AU,AU2112,0.0059306569343065,0.006890746464179486,1.0,0.0059306569343065,0.005430656934306499
2021-06-01,2021-05-31,RB,RB2110,0.03137570394207567,-0.0057605513815002386,-1.0,-0.03137570394207567,-0.03187570394207567
2021-06-02,2021-06-01,AU,AU2112,-0.01743512219702681,0.0009947169660916425,0.0,-0.0,-0.0
2021-06-02,2021-06-01,RB,RB2110,-0.022091886608015643,-0.012549183653623704,-1.0,0.022091886608015643,0.021591886608015642
2021-06-03,2021-06-02,AG,AG2112,-0.0015573628655476401,0.009743920677496498,1.0,-0.0015573628655476401,-0.00205736286554764
2021-06-03,2021-06-02,RB,RB2110,0.033527404135715644,-0.0021421359524076773,0.0,0.0,0.0
2021-06-04,2021-06-03,AG,AG2112,-0.012280701754386003,0.006482241450007149,0.0,-0.0,-0.0
2021-06-04,2021-06-03,AU,AU2112,-0.0003135287662643371,0.005529658248865638,1.0,-0.0003135287662643371,-0.0008135287662643371
2021-06-04,2021-06-03,RB,RB2110,-0.00019379844961242565,-0.0039056718514535508,-1.0,0.00019379844961242565,-0.00030620155038757436
2021-06-07,2021-06-04,AG,AG2112,-0.0014084507042253502,-0.027006947897718,-1.0,0.0014084507042253502,0.0009084507042253502
2021-06-07,2021-06-04,AU,AU2112,-0.0014512283611485266,-0.03684935834854006,-1.0,0.0014512283611485266,0.0009512283611485266
2021-06-07,2021-06-04,RB,RB2110,-0.04173913043478261,0.0023533912535852347,0.0,-0.0,-0.0
2021-06-08,2021-06-07,AG,AG2112,0.004760225669957707,0.011099632455176844,1.0,0.004760225669957707,0.004260225669957707
2021-06-08,2021-06-07,AU,AU2112,0.006225680933852118,0.012601362027838979,1.0,0.006225680933852118,0.0057256809338521175
2021-06-08,2021-06-07,RB,RB2110,0.01090909090909098,0.0024692403524133183,0.0,0.0,0.0
2021-06-09,2021-06-08,AU,AU2112,0.0006194187787127436,0.0005900559080076634,0.0,0.0,0.0
2021-06-09,2021-06-08,RB,RB2110,0.006195043964828173,-0.0012615126610404663,0.0,0.0,0.0
2021-06-10,2021-06-09,AG,AG2112,-0.005252100840336116,-0.002965250367609848,0.0,-0.0,-0.0
2021-06-10,2021-06-09,AU,AU2112,-0.004533511926227529,-0.0011641960040760229,0.0,-0.0,-0.0
2021-06-10,2021-06-09,RB,RB2201,0.02470635884973671,-0.0004961535710239297,0.0,0.0,0.0
2021-06-11,2021-06-10,AG,AG2112,0.01570406560809623,0.007289302508366657,0.0,0.0,0.0
2021-06-11,2021-06-10,AU,AU2112,0.0051038820436151155,0.0016604698219544625,0.0,0.0,0.0
2021-06-11,2021-06-10,RB,RB2110,0.025235985359275626,0.0007870311382738517,0.0,0.0,0.0
2021-06-15,2021-06-11,AG,AG2112,-0.008521739130434747,0.01129449422016636,1.0,-0.008521739130434747,-0.009021739130434747
2021-06-15,2021-06-11,AU,AU2112,-0.0020862671465079474,0.0041173879821742206,0.0,-0.0,-0.0
2021-06-15,2021-06-11,RB,RB2110,-0.006153846153846176,0.003084107344604274,0.0,-0.0,-0.0
2021-06-16,2021-06-15,AG,AG2112,0.00475017593244198,-0.007231716807950283,0.0,0.0,0.0
2021-06-16,2021-06-15,AU,AU2112,0.00041876046901179187,-0.014165295480078626,-1.0,-0.00041876046901179187,-0.0009187604690117919
2021-06-16,2021-06-15,RB,RB2110,-0.029986457728767624,-0.014229672505184237,-1.0,0.029986457728767624,0.029486457728767623
2021-06-17,2021-06-16,AG,AG2112,-0.027140605848362753,-0.0026646629371036906,0.0,-0.0,-0.0
2021-06-17,2021-06-16,AU,AU2112,-0.01618478944060331,-0.0014439681928379929,0.0,-0.0,-0.0
2021-06-17,2021-06-16,RB,RB2110,0.018773716796484985,0.00013627501632878342,0.0,0.0,0.0
2021-06-18,2021-06-17,AU,AU2112,0.003781535303333028,-0.0014316713716092354,0.0,0.0,0.0
2021-06-18,2021-06-17,RB,RB2110,-0.005697445972495108,-0.0010856430931304169,0.0,-0.0,-0.0
2021-06-21,2021-06-18,AG,AG2112,0.0022205773501109416,-0.03218722914036959,-1.0,-0.0022205773501109416,-0.0027205773501109416
2021-06-21,2021-06-18,AU,AU2112,0.0027499191200257567,-0.02133875894817044,-1.0,-0.0027499191200257567,-0.0032499191200257567
2021-06-21,2021-06-18,RB,RB2110,-0.03436697610112582,-0.0021041194852536543,0.0,-0.0,-0.0
2021-06-22,2021-06-21,AG,AG2112,0.000370164723301869,-0.0035432192864194444,0.0,0.0,0.0
2021-06-22,2021-06-21,AU,AU2112,0.005817711700064621,-0.0025562522452623315,0.0,0.0,0.0
2021-06-22,2021-06-21,RB,RB2110,0.00493725570870196,0.0003330351052890587,0.0,0.0,0.0
2021-06-23,2021-06-22,AG,AG2112,0.009860465116279027,-0.001992416410097671,0.0,0.0,0.0
2021-06-23,2021-06-22,AU,AU2112,0.005484165815366371,-0.0017346058621708314,0.0,0.0,0.0
2021-06-23,2021-06-22,RB,RB2110,0.01210256410256405,-0.003892053849492256,-1.0,-0.01210256410256405,-0.012602564102564051
2021-06-24,2021-06-23,AG,AG2112,-0.0005529953917050578,-0.0038509245215430387,0.0,-0.0,-0.0
2021-06-24,2021-06-23,AU,AU2112,-0.005188830640847297,-0.002352128231044757,0.0,-0.0,-0.0
2021-06-24,2021-06-23,RB,RB2110,-0.0036356291658250495,-0.0015314696445672986,0.0,-0.0,-0.0
2021-06-25,2021-06-24,AG,AG2112,0.0034894398530762594,-0.00046523995655731675,0.0,0.0,0.0
2021-06-25,2021-06-24,AU,AU2112,-0.00428954423592498,-0.00034593447847970117,0.0,-0.0,-0.0
2021-06-25,2021-06-24,RB,RB2110,0.022401614530777048,0.0023743539835082133,0.0,0.0,0.0
2021-06-28,2021-06-25,AG,AG2112,-0.004377165785154125,0.0031141037280907145,0.0,-0.0,-0.0
2021-06-28,2021-06-25,AU,AU2112,-0.0007517989474814524,0.0021989585725238885,0.0,-0.0,-0.0
2021-06-28,2021-06-25,RB,RB2110,-0.00137876698837891,0.003194100534672059,0.0,-0.0,-0.0
2021-06-29,2021-06-28,AG,AG2112,-0.006227106227106205,0.003484100204518708,0.0,-0.0,-0.0
2021-06-29,2021-06-28,AU,AU2112,-0.0029041626331074433,0.002729078102762263,0.0,-0.0,-0.0
2021-06-29,2021-06-28,RB,RB2110,-0.01254901960784316,0.001462708404332848,0.0,-0.0,-0.0
2021-06-30,2021-06-29,AG,AG2112,0.004483467214646097,0.00010104675026162324,0.0,0.0,0.0
2021-06-30,2021-06-29,AU,AU2112,0.00010885538562033226,-0.0005117933157933102,0.0,0.0,0.0
2021-06-30,2021-06-29,RB,RB2110,0.012192723697148411,0.004437380957480476,1.0,0.012192723697148411,0.01169272369714841
2021-07-01,2021-06-30,AG,AG2112,0.01784386617100364,-0.01144710805171405,-1.0,-0.01784386617100364,-0.018343866171003642
2021-07-01,2021-06-30,AU,AU2112,0.011646258503401397,-0.009353217627693854,-1.0,-0.011646258503401397,-0.012146258503401397
2021-07-01,2021-06-30,RB,RB2110,-0.0019394879751745142,0.00626103176256401,1.0,-0.0019394879751745142,-0.0024394879751745142
2021-07-02,2021-07-01,AG,AG2112,-0.008736803785948322,0.0004883492609682454,0.0,-0.0,-0.0
2021-07-02,2021-07-01,RB,RB2110,-0.006206361520558534,0.001170165887244531,0.0,-0.0,-0.0
2021-07-05,2021-07-02,AG,AG2112,0.007811080835604001,0.002378700940960919,0.0,0.0,0.0
2021-07-05,2021-07-02,AU,AU2112,-0.0019220501868660866,4.54456879564129e-05,0.0,-0.0,-0.0
2021-07-05,2021-07-02,RB,RB2110,0.020918866080156473,0.001545520632516498,0.0,0.0,0.0
2021-07-06,2021-07-05,AG,AG2112,0.0036068530207393756,0.011432353289666597,1.0,0.0036068530207393756,0.0031068530207393756
2021-07-06,2021-07-05,AU,AU2112,0.007903871829105347,0.005808358832170213,1.0,0.007903871829105347,0.007403871829105346
2021-07-06,2021-07-05,RB,RB2110,0.014149139579349823,-0.0014028638897045384,0.0,0.0,0.0
2021-07-07,2021-07-06,AG,AG2112,-0.008984725965858087,-0.00042417465323870335,0.0,-0.0,-0.0
2021-07-07,2021-07-06,AU,AU2112,-0.002854273481684988,0.0012971420136149725,0.0,-0.0,-0.0
2021-07-07,2021-07-06,RB,RB2110,0.023908132530120474,0.0011058537990107093,0.0,0.0,0.0
2021-07-08,2021-07-07,AU,AU2112,-0.001802279353299796,0.003084435128565256,0.0,-0.0,-0.0
2021-07-08,2021-07-07,RB,RB2110,-0.01209012639677598,0.0015667774399249089,0.0,-0.0,-0.0
2021-07-09,2021-07-08,AG,AG2112,-0.0055045871559632475,-0.004167708017378022,0.0,-0.0,-0.0
2021-07-09,2021-07-08,RB,RB2110,0.011177347242921076,0.0036843139393824206,1.0,0.011177347242921076,0.010677347242921076
2021-07-12,2021-07-09,AG,AG2112,0.0011029411764706953,0.004812790095221025,0.0,0.0,0.0
2021-07-12,2021-07-09,AU,AU2112,-0.0028565382987727483,0.011137547334136846,1.0,-0.0028565382987727483,-0.0033565382987727484
2021-07-12,2021-07-09,RB,RB2110,-0.00785388127853881,-0.005338503400812221,-1.0,0.00785388127853881,0.00735388127853881
2021-07-13,2021-07-12,AG,AG2112,0.01008804108584016,0.003577074255174499,0.0,0.0,0.0
2021-07-13,2021-07-12,AU,AU2112,0.004295031549923056,0.0007192642528990376,0.0,0.0,0.0
2021-07-13,2021-07-12,RB,RB2110,0.007940904893813494,0.008517451261228265,1.0,0.007940904893813494,0.007440904893813494
2021-07-14,2021-07-13,AG,AG2112,0.0007339449541283738,0.000999924332361106,0.0,0.0,0.0
2021-07-14,2021-07-13,AU,AU2112,0.005884223918575238,0.0004671385997270436,0.0,0.0,0.0
2021-07-14,2021-07-13,RB,RB2110,0.02235251007695127,-0.002582867616180467,0.0,0.0,0.0
2021-07-15,2021-07-14,AG,AG2112,0.003094284674189929,-0.010139352229663192,-1.0,-0.003094284674189929,-0.003594284674189929
2021-07-15,2021-07-14,AU,AU2112,0.0025688073394496413,-0.003994414291560523,0.0,0.0,0.0
2021-07-15,2021-07-14,RB,RB2201,-0.004882459312839038,0.00024162899777224847,0.0,-0.0,-0.0
2021-07-16,2021-07-15,AG,AG2112,-0.00036409976333517946,0.008273873692201455,0.0,-0.0,-0.0
2021-07-16,2021-07-15,AU,AU2112,0.0005245488879563887,0.004976505666215475,1.0,0.0005245488879563887,2.4548887956388644e-05
2021-07-16,2021-07-15,RB,RB2110,0.0034296028880866913,-0.0018794266365874813,0.0,0.0,0.0
2021-07-19,2021-07-16,AG,AG2112,-0.02904109589041093,-0.0027556448302547545,0.0,-0.0,-0.0
2021-07-19,2021-07-16,AU,AU2112,-0.009541784628289918,-0.0026810392782095076,0.0,-0.0,-0.0
2021-07-19,2021-07-16,RB,RB2110,-0.0021505376344086446,-0.0011305869491049507,0.0,-0.0,-0.0
2021-07-20,2021-07-19,AG,AG2112,-0.007165755232887094,-0.00528633752202711,0.0,-0.0,-0.0
2021-07-20,2021-07-19,RB,RB2110,0.013205499276411015,0.003367877281646779,0.0,0.0,0.0
2021-07-21,2021-07-20,AG,AG2112,0.002466325175488615,-0.003035768645025631,0.0,0.0,0.0
2021-07-21,2021-07-20,AU,AU2112,-0.008470145351877068,0.004743600070024293,1.0,-0.008470145351877068,-0.008970145351877068
2021-07-21,2021-07-20,RB,RB2110,-0.00855767516491357,-0.007056651329033212,-1.0,0.00855767516491357,0.00805767516491357
2021-07-22,2021-07-21,AG,AG2112,0.011240236235473322,0.0015303617640579285,0.0,0.0,0.0
2021-07-22,2021-07-21,AU,AU2112,-0.0005312084993359667,0.006083291008342346,1.0,-0.0005312084993359667,-0.0010312084993359667
2021-07-22,2021-07-21,RB,RB2110,0.0176576576576577,0.0011745969299228227,0.0,0.0,0.0
2021-07-23,2021-07-22,AG,AG2112,0.00888300888300897,-0.005875845938871386,0.0,0.0,0.0
2021-07-23,2021-07-22,AU,AU2112,0.003983852119409326,-0.008017193254848525,-1.0,-0.003983852119409326,-0.004483852119409326
2021-07-23,2021-07-22,RB,RB2110,0.0010591350397175514,-0.0025832690965858765,0.0,0.0,0.0
2021-07-26,2021-07-23,AG,AG2112,0.0022569117923640913,-0.00320079360016797,0.0,0.0,0.0
2021-07-26,2021-07-23,AU,AU2112,0.00471823145841066,0.0005388459596948779,0.0,0.0,0.0
2021-07-26,2021-07-23,RB,RB2110,0.004770318021201314,0.002067973786608017,0.0,0.0,0.0
2021-07-27,2021-07-26,AG,AG2112,-0.0037523452157598447,-0.0038908232342077095,0.0,-0.0,-0.0
2021-07-27,2021-07-26,AU,AU2112,-0.007132667617689159,-0.0018522859733492811,0.0,-0.0,-0.0
2021-07-27,2021-07-26,RB,RB2110,-0.01179577464788728,-0.0017475517064064457,0.0,-0.0,-0.0
2021-07-28,2021-07-27,AG,AG2112,-0.006591337099811634,0.00014697810343105262,0.0,-0.0,-0.0
2021-07-28,2021-07-27,AU,AU2112,0.0034337031167457344,-0.0012037263713005125,0.0,0.0,0.0
2021-07-28,2021-07-27,RB,RB2110,0.010537595999285498,-0.0010874460713278088,0.0,0.0,0.0
2021-07-29,2021-07-28,AU,AU2112,0.00649590705043579,0.008578886847031111,1.0,0.00649590705043579,0.005995907050435789
2021-07-29,2021-07-28,RB,RB2110,0.016431095406360452,-0.001975143733988405,0.0,0.0,0.0
2021-07-30,2021-07-29,AG,AG2112,0.0018539117538005634,-0.004145671958102986,0.0,0.0,0.0
2021-07-30,2021-07-29,AU,AU2112,0.0015710919088767206,-0.0032977204932831726,0.0,0.0,0.0
2021-07-30,2021-07-29,RB,RB2110,-0.004511539128925879,0.00026109460926347395,0.0,-0.0,-0.0
2021-08-02,2021-07-30,AG,AG2112,-0.002407853306167773,0.004681581220048472,0.0,-0.0,-0.0
2021-08-02,2021-07-30,AU,AU2112,-0.009334032511798651,0.0016641981528815928,0.0,-0.0,-0.0
2021-08-02,2021-07-30,RB,RB2110,-0.047334154495864866,0.0017052642114477883,0.0,-0.0,-0.0
2021-08-03,2021-08-02,AG,AG2112,-0.004845322400298224,-0.000845421056102318,0.0,-0.0,-0.0
2021-08-03,2021-08-02,AU,AU2112,0.001006782534972439,-0.0032696458363738593,0.0,0.0,0.0
2021-08-03,2021-08-02,RB,RB2110,-0.02851323828920571,-0.015991337992811588,-1.0,0.02851323828920571,0.02801323828920571
2021-08-04,2021-08-03,AG,AG2112,0.008943543879262217,-0.002984780167133614,0.0,0.0,0.0
2021-08-04,2021-08-03,AU,AU2112,0.00042272126816378375,-0.0008435544638261586,0.0,0.0,0.0
2021-08-04,2021-08-03,RB,RB2110,0.04522805672671515,-0.002557185436065772,0.0,0.0,0.0
2021-08-05,2021-08-04,AG,AG2112,-0.01851173020527863,0.004152407802779776,0.0,-0.0,-0.0
2021-08-05,2021-08-04,AU,AU2112,-0.008445680113308374,0.0011785217469429147,0.0,-0.0,-0.0
2021-08-05,2021-08-04,RB,RB2110,-0.014851485148514865,-0.005906310457443287,-1.0,0.014851485148514865,0.014351485148514864
2021-08-06,2021-08-05,AG,AG2112,-0.010999254287844873,0.00838295405052766,0.0,-0.0,-0.0
2021-08-06,2021-08-05,AU,AU2112,-0.004976441315051039,0.00861666984898966,1.0,-0.004976441315051039,-0.005476441315051039
2021-08-06,2021-08-05,RB,RB2205,-0.00435441120787583,-0.0009607642443709945,0.0,-0.0,-0.0
2021-08-09,2021-08-06,AG,AG2112,-0.020721412125863425,0.0015725868825398489,0.0,-0.0,-0.0
2021-08-09,2021-08-06,AU,AU2112,-0.015934539190353036,-0.0006658227246499661,0.0,-0.0,-0.0
2021-08-09,2021-08-06,RB,RB2110,-0.007448789571694592,-0.001785645774462441,0.0,-0.0,-0.0
2021-08-10,2021-08-09,AG,AG2112,-0.0013768686073957204,-0.02958309677074137,-1.0,0.0013768686073957204,0.0008768686073957204
2021-08-10,2021-08-09,AU,AU2112,-0.00263100197325139,-0.021067833564021934,-1.0,0.00263100197325139,0.00213100197325139
2021-08-10,2021-08-09,RB,RB2110,0.014365671641791034,-0.0012872888584229436,0.0,0.0,0.0
2021-08-11,2021-08-10,AG,AG2112,0.009964129135113575,-0.004702348629234182,0.0,0.0,0.0
2021-08-11,2021-08-10,AU,AU2112,0.0019293313488781827,-0.0021978683909533456,0.0,0.0,0.0
2021-08-11,2021-08-10,RB,RB2201,0.017636363636363672,0.011555020154187813,1.0,0.017636363636363672,0.017136363636363672
2021-08-12,2021-08-11,AG,AG2112,-0.0009819324430478948,-0.011543379426612618,-1.0,0.0009819324430478948,0.00048193244304789483
2021-08-12,2021-08-11,AU,AU2112,0.0050917054475774215,-0.003073093795862014,0.0,0.0,0.0
2021-08-12,2021-08-11,RB,RB2201,-0.021223021582733814,0.001120316139715988,0.0,-0.0,-0.0
2021-08-13,2021-08-12,AG,AG2112,0.0013784954706577146,0.003714881470650679,0.0,0.0,0.0
2021-08-13,2021-08-12,AU,AU2112,0.0046404978981275935,0.0047970763200648105,1.0,0.0046404978981275935,0.004140497898127593
2021-08-13,2021-08-12,RB,RB2201,0.008091210003677851,-0.016248457830994347,-1.0,-0.008091210003677851,-0.008591210003677852
2021-08-16,2021-08-13,AG,AG2112,0.003730610642057819,-0.001516564067537448,0.0,0.0,0.0
2021-08-16,2021-08-13,AU,AU2112,0.00607046070460715,-0.001773119760181532,0.0,0.0,0.0
2021-08-16,2021-08-13,RB,RB2201,-0.027027027027026973,-0.0017429514488914956,0.0,-0.0,-0.0
2021-08-17,2021-08-16,AG,AG2112,0.0011691348402183,0.0013606506579760078,0.0,0.0,0.0
2021-08-17,2021-08-16,AU,AU2112,0.0080640825762055,0.0025221257963763265,0.0,0.0,0.0
2021-08-17,2021-08-16,RB,RB2201,0.00697061039939717,-0.0032559632402152762,0.0,0.0,0.0
2021-08-18,2021-08-17,AG,AG2112,-0.00019496977968413987,0.0027765300666689166,0.0,-0.0,-0.0
2021-08-18,2021-08-17,AU,AU2112,0.0025102814719863975,0.0017577177824592732,0.0,0.0,0.0
2021-08-18,2021-08-17,RB,RB2201,-0.03742514970059885,-0.006092432101370567,-1.0,0.03742514970059885,0.03692514970059885
2021-08-19,2021-08-18,AG,AG2112,-0.015649452269170583,-0.0013605280884344988,0.0,-0.0,-0.0
2021-08-19,2021-08-18,AU,AU2112,-0.0016537743398239435,-0.0013871987120604612,0.0,-0.0,-0.0
2021-08-19,2021-08-18,RB,RB2201,-0.016274509803921533,-0.000524410898984694,0.0,-0.0,-0.0
2021-08-20,2021-08-19,AG,AG2112,0.0021860095389507617,-0.004231467716782092,0.0,0.0,0.0
2021-08-20,2021-08-19,AU,AU2112,0.0016538625693556241,-0.0014210630856637725,0.0,0.0,0.0
2021-08-20,2021-08-19,RB,RB2201,0.030303030303030276,-0.025488525482258117,-1.0,-0.030303030303030276,-0.030803030303030277
2021-08-23,2021-08-20,AU,AU2112,0.000961230374879829,0.001480639590290022,0.0,0.0,0.0
2021-08-23,2021-08-20,RB,RB2201,-0.00039184952978055243,-0.02798550318182984,-1.0,0.00039184952978055243,-0.00010815047021944758
2021-08-24,2021-08-23,AG,AG2112,0.0035447026388342184,-0.005269019977887891,0.0,0.0,0.0
2021-08-24,2021-08-23,AU,AU2112,0.00121944753724601,-0.0027559223498827322,0.0,0.0,0.0
2021-08-24,2021-08-23,RB,RB2201,0.018680677174547577,0.0013545691308485574,0.0,0.0,0.0
2021-08-25,2021-08-24,AG,AG2112,-0.006431494835314799,0.010426359566566606,1.0,-0.006431494835314799,-0.0069314948353148
2021-08-25,2021-08-24,AU,AU2112,-0.007558139534883601,0.006479052550979962,1.0,-0.007558139534883601,-0.008058139534883602
2021-08-25,2021-08-24,RB,RB2201,-0.0005726283641915852,0.01072314566388918,1.0,-0.0005726283641915852,-0.0010726283641915853
2021-08-26,2021-08-25,AG,AG2112,-0.010924697619976609,0.004966512172817504,0.0,-0.0,-0.0
2021-08-26,2021-08-25,AU,AU2112,-0.00590143016640976,0.0017732288610549957,0.0,-0.0,-0.0
2021-08-26,2021-08-25,RB,RB2201,-0.02145593869731799,0.0009076527913783703,0.0,-0.0,-0.0
2021-08-27,2021-08-26,AG,AG2112,0.009702970297029712,0.004341039576641854,0.0,0.0,0.0
2021-08-27,2021-08-26,AU,AU2112,0.011675860960848272,0.0017856416591765865,0.0,0.0,0.0
2021-08-27,2021-08-26,RB,RB2201,0.02492639842983313,-0.004536256369364754,-1.0,-0.02492639842983313,-0.02542639842983313
2021-08-30,2021-08-27,AG,AG2112,0.010820381664371492,-0.003775967890686989,0.0,0.0,0.0
2021-08-30,2021-08-27,AU,AU2112,0.005197836002970302,-0.0017275344956741313,0.0,0.0,0.0
2021-08-30,2021-08-27,RB,RB2201,0.021365890881342997,-0.0033851297578537712,0.0,0.0,0.0
2021-08-31,2021-08-30,AG,AG2112,0.004271844660194146,-0.005167910793629113,0.0,0.0,0.0
2021-08-31,2021-08-30,AU,AU2112,-5.278994879387433e-05,-0.002955375008174621,0.0,-0.0,-0.0
2021-08-31,2021-08-30,RB,RB2201,-0.00988621525834732,0.00466610908308816,1.0,-0.00988621525834732,-0.01038621525834732
2021-09-01,2021-08-31,AG,AG2112,-0.0060287825748736035,0.0017819514468761784,0.0,-0.0,-0.0
2021-09-01,2021-08-31,AU,AU2112,0.004451038575667754,-0.0003689447550117171,0.0,0.0,0.0
2021-09-01,2021-08-31,RB,RB2201,-0.010570026425066104,0.0012829348293095654,0.0,-0.0,-0.0
2021-09-02,2021-09-01,AG,AG2112,0.0005810575246949501,-0.005636444684201578,0.0,0.0,0.0
2021-09-02,2021-09-01,AU,AU2112,-0.0018965335581075937,-0.003888111129585234,0.0,-0.0,-0.0
2021-09-02,2021-09-01,RB,RB2201,0.005338417540514673,-0.0022769901280900898,0.0,0.0,0.0
2021-09-03,2021-09-02,AG,AG2112,-0.0027179188507086005,0.008627616795711349,0.0,-0.0,-0.0
2021-09-03,2021-09-02,AU,AU2112,0.00015852885225120517,0.0010661898711983296,0.0,0.0,0.0
2021-09-03,2021-09-02,RB,RB2201,0.02716049382716057,0.0008299917061081762,0.0,0.0,0.0
2021-09-06,2021-09-03,AG,AG2112,0.01827977679430437,-0.0022530978095670856,0.0,0.0,0.0
2021-09-06,2021-09-03,AU,AU2112,0.0028430030535957496,-0.000903224114713279,0.0,0.0,0.0
2021-09-06,2021-09-03,RB,RB2201,0.009964938180476057,-0.0018324022382236274,0.0,0.0,0.0
2021-09-07,2021-09-06,AG,AG2112,-0.004553215708594238,0.01574422563644178,1.0,-0.004553215708594238,-0.005053215708594239
2021-09-07,2021-09-06,AU,AU2112,-0.002576235541535077,0.0038795972373671657,0.0,-0.0,-0.0
2021-09-07,2021-09-06,RB,RB2201,0.002554744525547381,0.0021881724185267406,0.0,0.0,0.0
2021-09-08,2021-09-07,AG,AG2112,-0.0045977011494252595,-0.0025056052655459196,0.0,-0.0,-0.0
2021-09-08,2021-09-07,AU,AU2112,-0.008147286001481402,-0.0009018328042967664,0.0,-0.0,-0.0
2021-09-08,2021-09-07,RB,RB2201,-0.005291005291005346,0.0011538907238221306,0.0,-0.0,-0.0
2021-09-09,2021-09-08,AG,AG2112,-0.014663322400154333,-0.004741626076904819,0.0,-0.0,-0.0
2021-09-09,2021-09-08,AU,AU2112,-0.004693834008960951,-0.00492495392565305,-1.0,0.004693834008960951,0.0041938340089609505
2021-09-09,2021-09-08,RB,RB2201,0.03818746574091003,-0.0022623525149103665,0.0,0.0,0.0
2021-09-10,2021-09-09,AG,AG2112,0.004077669902912584,-0.0025898077308360106,0.0,0.0,0.0
2021-09-10,2021-09-09,RB,RB2201,-0.012605042016806678,0.004557821630415956,1.0,-0.012605042016806678,-0.013105042016806678
2021-09-13,2021-09-10,AG,AG2112,-0.017923241768945997,0.0073248794097896105,0.0,-0.0,-0.0
2021-09-13,2021-09-10,AU,AU2112,0.0005896858582610243,0.0008984580562788674,0.0,0.0,0.0
2021-09-13,2021-09-10,RB,RB2201,0.00035460992907809796,0.005051069631670649,1.0,0.00035460992907809796,-0.00014539007092190205
2021-09-14,2021-09-13,AG,AG2112,0.011191047162270262,-0.008293736948862818,0.0,0.0,0.0
2021-09-14,2021-09-13,AU,AU2112,0.002574692914230514,-0.00645732954785956,-1.0,-0.002574692914230514,-0.003074692914230514
2021-09-15,2021-09-14,AG,AG2112,-0.004527559055118147,-0.00674177133840695,0.0,-0.0,-0.0
2021-09-15,2021-09-14,AU,AU2112,0.0018175014700378966,-0.0009040326389217569,0.0,0.0,0.0
2021-09-15,2021-09-14,RB,RB2201,0.0036376864314295876,0.003969431245539763,1.0,0.0036376864314295876,0.0031376864314295876
2021-09-16,2021-09-15,AG,AG2112,-0.00772277227722773,0.003327147573363269,0.0,-0.0,-0.0
2021-09-16,2021-09-15,AU,AU2112,-0.006255012028869356,0.0008751999256376267,0.0,-0.0,-0.0
2021-09-16,2021-09-15,RB,RB2201,-0.001621621621621605,0.0013652566530282892,0.0,-0.0,-0.0
2021-09-17,2021-09-16,AG,AG2112,-0.007336458121051548,-0.0013895931065188414,0.0,-0.0,-0.0
2021-09-17,2021-09-16,AU,AU2112,0.0016882692517155018,-0.001995362272359894,0.0,0.0,0.0
2021-09-17,2021-09-16,RB,RB2201,-0.01421630376102212,0.006867351425904315,1.0,-0.01421630376102212,-0.01471630376102212
2021-09-22,2021-09-17,AG,AG2112,0.01496881496881497,-0.03222049103829867,-1.0,-0.01496881496881497,-0.01546881496881497
2021-09-22,2021-09-17,AU,AU2112,0.0038805648377708835,-0.014704339028904041,-1.0,-0.0038805648377708835,-0.004380564837770884
2021-09-22,2021-09-17,RB,RB2201,0.02836363636363637,0.0036446763157024697,1.0,0.02836363636363637,0.027863636363636368
2021-09-23,2021-09-22,AG,AG2112,-0.00533223954060702,-0.0056566582964033395,0.0,-0.0,-0.0
2021-09-23,2021-09-22,AU,AU2112,-0.006457514933003394,0.0038153258534393236,0.0,-0.0,-0.0
2021-09-23,2021-09-22,RB,RB2201,-0.008140152185453942,0.0032836350452557393,0.0,-0.0,-0.0
2021-09-24,2021-09-23,AG,AG2112,0.0008247422680411898,-0.0014203430942762857,0.0,0.0,0.0
2021-09-24,2021-09-23,AU,AU2112,-0.004072987943955719,-0.0019906143954898582,0.0,-0.0,-0.0
2021-09-24,2021-09-23,RB,RB2201,-0.021649668992664184,-0.0008679395708862126,0.0,-0.0,-0.0
2021-09-27,2021-09-24,AU,AU2112,0.005686478210946477,-0.002902830648978645,0.0,0.0,0.0
2021-09-27,2021-09-24,RB,RB2201,0.01904761904761898,-0.003119174224511418,0.0,0.0,0.0
2021-09-28,2021-09-27,AG,AG2112,-0.017934446505875057,-0.012127410580789345,-1.0,0.017934446505875057,0.017434446505875056
2021-09-28,2021-09-27,AU,AU2112,-0.00811546840958599,-0.002554836838236068,0.0,-0.0,-0.0
2021-09-28,2021-09-27,RB,RB2201,0.009858397562287236,-0.001587015572755017,0.0,0.0,0.0
2021-09-29,2021-09-28,AG,AG2112,0.004226542688081203,0.00038080149433169396,0.0,0.0,0.0
2021-09-29,2021-09-28,AU,AU2112,0.00518477661334793,-0.0016020690844625834,0.0,0.0,0.0
2021-09-29,2021-09-28,RB,RB2201,0.003369989357928427,0.002156203897114377,0.0,0.0,0.0
2021-09-30,2021-09-29,AG,AG2112,-0.022245762711864403,-0.008558215465608018,0.0,-0.0,-0.0
2021-09-30,2021-09-29,AU,AU2112,-0.004063031900291003,-0.0046712844128472646,-1.0,0.004063031900291003,0.003563031900291003
2021-09-30,2021-09-29,RB,RB2201,0.012599822537710637,0.0005603730324608359,0.0,0.0,0.0
2021-10-08,2021-09-30,AG,AG2112,-0.0018761726078799779,-0.010021965771267476,-1.0,0.0018761726078799779,0.0013761726078799779
2021-10-08,2021-09-30,AU,AU2112,0.002072086809531637,-0.0007037066792820512,0.0,0.0,0.0
2021-10-08,2021-09-30,RB,RB2201,-0.0043290043290042934,-0.0032218528818390227,0.0,-0.0,-0.0
2021-10-11,2021-10-08,AG,AG2112,-0.01510204081632649,0.018072310052392997,1.0,-0.01510204081632649,-0.01560204081632649
2021-10-11,2021-10-08,AU,AU2112,-0.012726488352027499,0.005091437137237212,1.0,-0.012726488352027499,-0.013226488352027499
2021-10-11,2021-10-08,RB,RB2201,0.008508421600972316,0.0069642512009944636,1.0,0.008508421600972316,0.008008421600972315
2021-10-12,2021-10-11,AG,AG2112,0.002703264711998443,0.024613790947498826,1.0,0.002703264711998443,0.002203264711998443
2021-10-12,2021-10-11,AU,AU2112,0.005625955866287891,0.010745614773016991,1.0,0.005625955866287891,0.00512595586628789
2021-10-12,2021-10-11,RB,RB2201,-0.04153024297777008,0.001489747972916689,0.0,-0.0,-0.0
2021-10-13,2021-10-12,AG,AG2112,0.010455876202425829,-0.0025031192708147377,0.0,0.0,0.0
2021-10-13,2021-10-12,RB,RB2201,-0.02041922659920492,-0.0010648328374534425,0.0,-0.0,-0.0
2021-10-14,2021-10-13,AG,AG2112,0.02343912051441599,-0.008057520791074796,0.0,0.0,0.0
2021-10-14,2021-10-13,AU,AU2112,0.015784890050076328,-0.0019173877741187697,0.0,0.0,0.0
2021-10-14,2021-10-13,RB,RB2201,0.0077447907062511145,-0.007258544763386071,-1.0,-0.0077447907062511145,-0.008244790706251115
2021-10-15,2021-10-14,AG,AG2112,0.00060240963855418,-0.0033022637645936897,0.0,0.0,0.0
2021-10-15,2021-10-14,AU,AU2112,-0.006453333333333422,-0.0027931734831501496,0.0,-0.0,-0.0
2021-10-15,2021-10-14,RB,RB2201,0.00822669104204743,0.0003142259576272652,0.0,0.0,0.0
2021-10-18,2021-10-15,AG,AG2112,0.002642276422764267,0.009655619181690783,1.0,0.002642276422764267,0.002142276422764267
2021-10-18,2021-10-15,AU,AU2112,-0.0030917769581255694,0.003615897365783986,0.0,-0.0,-0.0
2021-10-18,2021-10-15,RB,RB2201,-0.01686310063463281,0.0006646900332110438,0.0,-0.0,-0.0
2021-10-19,2021-10-18,AG,AG2112,0.012791878172588866,-0.013314734484527751,-1.0,-0.012791878172588866,-0.013291878172588867
2021-10-19,2021-10-18,AU,AU2112,0.004795640326975548,-0.012179553710562872,-1.0,-0.004795640326975548,-0.005295640326975548
2021-10-19,2021-10-18,RB,RB2205,0.029274912756882543,0.006655217442936933,1.0,0.029274912756882543,0.028774912756882542
2021-10-20,2021-10-19,AG,AG2112,-0.008126858275520288,-0.001396362593865564,0.0,-0.0,-0.0
2021-10-20,2021-10-19,AU,AU2112,-0.002279511533242795,-0.0012557444396697048,0.0,-0.0,-0.0
2021-10-20,2021-10-19,RB,RB2201,-0.040000000000000036,-0.0018178418910292915,0.0,-0.0,-0.0
2021-10-21,2021-10-20,AG,AG2112,-0.00987556784515109,0.013843634490027427,1.0,-0.00987556784515109,-0.01037556784515109
2021-10-21,2021-10-20,AU,AU2112,-0.0014051775387774468,-0.0008293607236921441,0.0,-0.0,-0.0
2021-10-21,2021-10-20,RB,RB2201,-0.06042296072507558,-0.0046518965715976164,-1.0,0.06042296072507558,0.05992296072507558
2021-10-22,2021-10-21,AG,AG2112,-0.0005984440454817053,0.015532617182925264,1.0,-0.0005984440454817053,-0.0010984440454817053
2021-10-22,2021-10-21,AU,AU2112,0.005146540982718495,0.0067757075946599295,1.0,0.005146540982718495,0.0046465409827184945
2021-10-22,2021-10-21,RB,RB2201,-0.015273311897106123,-0.002400968930328101,0.0,-0.0,-0.0
2021-10-25,2021-10-22,AG,AG2206,-0.007235041063746617,0.0005902607003796069,0.0,-0.0,-0.0
2021-10-25,2021-10-22,AU,AU2112,-0.007507910119590289,-0.0008316458483590762,0.0,-0.0,-0.0
2021-10-25,2021-10-22,RB,RB2205,-0.02031746031746029,0.02747722803907254,1.0,-0.02031746031746029,-0.02081746031746029
2021-10-26,2021-10-25,AG,AG2112,-0.005379557680812885,0.010573151564736859,1.0,-0.005379557680812885,-0.005879557680812886
2021-10-26,2021-10-25,AU,AU2112,-0.000967741935483879,0.007794552230207742,1.0,-0.000967741935483879,-0.001467741935483879
2021-10-26,2021-10-25,RB,RB2201,0.01801242236024847,0.0034720280548618206,0.0,0.0,0.0
2021-10-27,2021-10-26,AG,AG2112,-0.014242728184553632,0.002663617199689137,0.0,-0.0,-0.0
2021-10-27,2021-10-26,AU,AU2112,-0.005606469002695347,0.003979367252040521,0.0,-0.0,-0.0
2021-10-27,2021-10-26,RB,RB2201,-0.05769230769230771,0.0012206490700244575,0.0,-0.0,-0.0
2021-10-28,2021-10-27,AG,AG2112,0.0008128429181060159,-0.001734340882108975,0.0,0.0,0.0
2021-10-28,2021-10-27,AU,AU2112,0.008063206883489382,-0.0022078947242701605,0.0,0.0,0.0
2021-10-28,2021-10-27,RB,RB2201,0.019913419913419883,0.007518363904496956,1.0,0.019913419913419883,0.019413419913419883
2021-10-29,2021-10-28,AG,AG2112,-0.01199186991869916,0.0013686325099664988,0.0,-0.0,-0.0
2021-10-29,2021-10-28,AU,AU2112,-0.0032285837279379948,0.002154353969834875,0.0,-0.0,-0.0
2021-10-29,2021-10-28,RB,RB2201,-0.014006791171477073,-0.014360652628425138,-1.0,0.014006791171477073,0.013506791171477073
2021-11-01,2021-10-29,AG,AG2206,0.008757637474541724,-0.0040388996902470265,0.0,0.0,0.0
2021-11-01,2021-10-29,RB,RB2205,-0.035227272727272774,-0.0024019886902585433,0.0,-0.0,-0.0
2021-11-02,2021-11-01,AG,AG2206,0.00040168708576016066,-0.01156776752596938,-1.0,-0.00040168708576016066,-0.0009016870857601607
2021-11-02,2021-11-01,RB,RB2201,-0.05979106468104023,-0.0035917978941378413,-1.0,0.05979106468104023,0.05929106468104023
2021-11-03,2021-11-02,AG,AG2206,-0.012903225806451646,0.007001175149166762,0.0,-0.0,-0.0
2021-11-03,2021-11-02,RB,RB2201,0.03176470588235292,-0.0029961205726844096,0.0,0.0,0.0
2021-11-04,2021-11-03,AG,AG2206,0.0036885245901638886,-0.0067708598186499045,0.0,0.0,0.0
2021-11-04,2021-11-03,RB,RB2201,-0.03910868576625737,0.005402521606715179,1.0,-0.03910868576625737,-0.03960868576625737
2021-11-05,2021-11-04,AG,AG2206,0.0022186365469947233,-0.006034950085041105,0.0,0.0,0.0
2021-11-05,2021-11-04,RB,RB2201,0.002123643227937677,0.003410556903535609,0.0,0.0,0.0
2021-11-08,2021-11-05,AG,AG2206,0.01974214343271563,0.023116561784432513,1.0,0.01974214343271563,0.01924214343271563
2021-11-08,2021-11-05,RB,RB2201,0.013396004700352515,0.002885678348345665,0.0,0.0,0.0
2021-11-09,2021-11-08,AG,AG2206,-0.0009834775767112447,-0.003020235833468282,0.0,-0.0,-0.0
2021-11-09,2021-11-08,AU,AU2206,0.0023171309705620757,-0.008649693642254411,-1.0,-0.0023171309705620757,-0.0028171309705620757
2021-11-09,2021-11-08,RB,RB2201,-0.007692307692307665,0.0017805104054621436,0.0,-0.0,-0.0
2021-11-10,2021-11-09,AG,AG2206,0.0027564481197086543,0.012214165732254045,1.0,0.0027564481197086543,0.0022564481197086543
2021-11-10,2021-11-09,AU,AU2206,0.0,0.0012643830833480216,0.0,0.0,0.0
2021-11-10,2021-11-09,RB,RB2201,0.006399620763213987,-0.004463652841688831,-1.0,-0.006399620763213987,-0.006899620763213987
2021-11-11,2021-11-10,RB,RB2201,0.039298245614035165,-0.011109703154432955,-1.0,-0.039298245614035165,-0.039798245614035166
2021-11-12,2021-11-11,AG,AG2206,0.010124164278892067,-0.012987033268756743,-1.0,-0.010124164278892067,-0.010624164278892068
2021-11-12,2021-11-11,AU,AU2206,-0.0024259316609889225,0.0006305170262805712,0.0,-0.0,-0.0
2021-11-12,2021-11-11,RB,RB2201,-0.03977401129943503,0.007759001478750272,1.0,-0.03977401129943503,-0.04027401129943503
2021-11-15,2021-11-12,AG,AG2206,-0.004760997905160935,-0.00042516741146996623,0.0,-0.0,-0.0
2021-11-15,2021-11-12,RB,RB2201,-0.013587604290822397,-0.00421879678507634,-1.0,0.013587604290822397,0.013087604290822397
2021-11-16,2021-11-15,AG,AG2206,-0.0062941064276177405,-0.021064703680988645,-1.0,0.0062941064276177405,0.00579410642761774
2021-11-16,2021-11-15,AU,AU2206,0.0033696215655780737,-0.011976063808612682,-1.0,-0.0033696215655780737,-0.0038696215655780737
2021-11-16,2021-11-15,RB,RB2201,-0.006019744762822077,-0.01378218227830136,-1.0,0.006019744762822077,0.005519744762822076
2021-11-17,2021-11-16,AG,AG2206,-0.0013358778625953693,0.007651811049601522,0.0,-0.0,-0.0
2021-11-17,2021-11-16,AU,AU2206,-0.008288288288288315,0.004364831361948915,0.0,-0.0,-0.0
2021-11-17,2021-11-16,RB,RB2201,0.02131782945736438,0.003279988512920459,0.0,0.0,0.0
2021-11-18,2021-11-17,AG,AG2206,-0.010456273764258506,0.016491083822246108,1.0,-0.010456273764258506,-0.010956273764258506
2021-11-18,2021-11-17,AU,AU2206,-5.174376487626642e-05,0.006852098087134621,1.0,-5.174376487626642e-05,-0.0005517437648762664
2021-11-18,2021-11-17,RB,RB2205,-0.025264243361691197,-0.0016235326273898935,0.0,-0.0,-0.0
2021-11-19,2021-11-18,AG,AG2206,-0.01071975497702915,0.008177871902922657,0.0,-0.0,-0.0
2021-11-19,2021-11-18,RB,RB2201,0.030048076923076872,-0.0009349806422461169,0.0,0.0,0.0
2021-11-22,2021-11-19,AG,AG2206,0.0017513134851139256,0.008172273811546633,0.0,0.0,0.0
2021-11-22,2021-11-19,RB,RB2201,0.0117647058823529,-0.0020770138190898298,0.0,0.0,0.0
2021-11-23,2021-11-22,AG,AG2206,-0.03161978661493692,-0.012625243289906798,-1.0,0.03161978661493692,0.031119786614936917
2021-11-23,2021-11-22,AU,AU2206,-0.01872874705728489,0.0013886688101739692,0.0,-0.0,-0.0
2021-11-23,2021-11-22,RB,RB2201,0.0034883720930232176,-0.0063044360362263735,-1.0,-0.0034883720930232176,-0.003988372093023218
2021-11-24,2021-11-23,AG,AG2206,-0.004239854633555473,0.0040764832051292214,0.0,-0.0,-0.0
2021-11-24,2021-11-23,RB,RB2205,0.05710723192019951,0.0016269052776725146,0.0,0.0,0.0
2021-11-25,2021-11-24,AG,AG2206,0.006108735491753281,-0.02278078411176528,-1.0,-0.006108735491753281,-0.0066087354917532815
2021-11-25,2021-11-24,AU,AU2206,0.002956989247311803,-0.006096680021117237,-1.0,-0.002956989247311803,-0.003456989247311803
2021-11-25,2021-11-24,RB,RB2205,0.0037744751120547537,0.002291276030863815,0.0,0.0,0.0
2021-11-26,2021-11-25,AG,AG2206,0.0022307848306630795,-0.009354991415118079,-1.0,-0.0022307848306630795,-0.0027307848306630795
2021-11-26,2021-11-25,AU,AU2206,0.004557640750670222,-0.004359281115362366,0.0,0.0,0.0
2021-11-26,2021-11-25,RB,RB2201,-0.02017484868863484,-0.0029686833768494685,0.0,-0.0,-0.0
2021-11-29,2021-11-26,AG,AG2206,-0.008908685968819552,-0.003625677389324739,0.0,-0.0,-0.0
2021-11-29,2021-11-26,AU,AU2206,-0.005222488675726167,-0.00029347973938532697,0.0,-0.0,-0.0
2021-11-29,2021-11-26,RB,RB2205,0.022194821208384674,-0.003629298019199381,-1.0,-0.022194821208384674,-0.022694821208384675
2021-11-30,2021-11-29,AG,AG2206,-0.01702564102564108,-0.001821678023791785,0.0,-0.0,-0.0
2021-11-30,2021-11-29,AU,AU2206,-0.002517272775962698,0.002963215680260883,0.0,-0.0,-0.0
2021-11-30,2021-11-29,RB,RB2205,0.0007211538461537881,-0.020662960155551087,-1.0,-0.0007211538461537881,-0.001221153846153788
2021-12-01,2021-11-30,AG,AG2206,0.0,-0.012282514597989676,-1.0,-0.0,-0.0005
2021-12-01,2021-11-30,AU,AU2206,-0.002366227480505523,0.00033481584509573414,0.0,-0.0,-0.0
2021-12-01,2021-11-30,RB,RB2205,0.0338535414165666,0.005910878081966441,1.0,0.0338535414165666,0.0333535414165666
2021-12-02,2021-12-01,AG,AG2206,-0.01567398119122254,-0.0012523481709730687,0.0,-0.0,-0.0
2021-12-02,2021-12-01,AU,AU2206,-0.0030770891816023216,-0.003693082222822972,0.0,-0.0,-0.0
2021-12-02,2021-12-01,RB,RB2205,-0.006257242178447253,0.000823152382809045,0.0,-0.0,-0.0
2021-12-03,2021-12-02,AG,AG2206,-0.0014833651197287967,-0.0031331595537188203,0.0,-0.0,-0.0
2021-12-03,2021-12-02,AU,AU2206,-0.0034635783093409644,-0.002013771878377905,0.0,-0.0,-0.0
2021-12-03,2021-12-02,RB,RB2205,0.021911421911421813,0.0036390256388300463,1.0,0.021911421911421813,0.021411421911421813
2021-12-06,2021-12-03,AG,AG2206,0.0036016949152541944,0.004388123130362793,0.0,0.0,0.0
2021-12-06,2021-12-03,AU,AU2206,0.005476035567121951,0.0007404626786205231,0.0,0.0,0.0
2021-12-06,2021-12-03,RB,RB2205,-0.011116152450090788,0.0007227854529344818,0.0,-0.0,-0.0
2021-12-07,2021-12-06,AG,AG2206,0.002540220152413175,0.005038336132667825,0.0,0.0,0.0
2021-12-07,2021-12-06,AU,AU2206,-0.001295196977873725,0.002147685949039242,0.0,-0.0,-0.0
2021-12-07,2021-12-06,RB,RB2205,0.015054744525547337,0.007105353478691337,1.0,0.015054744525547337,0.014554744525547336
2021-12-08,2021-12-07,AG,AG2206,-0.004425711275026334,-0.0045008944646747736,0.0,-0.0,-0.0
2021-12-08,2021-12-07,AU,AU2206,0.0010264721772015317,-0.0005271743706980595,0.0,0.0,0.0
2021-12-08,2021-12-07,RB,RB2205,-0.025537634408602128,0.007688022973452186,1.0,-0.025537634408602128,-0.02603763440860213
2021-12-09,2021-12-08,AG,AG2206,-0.007215619694397324,0.003035119902336909,0.0,-0.0,-0.0
2021-12-09,2021-12-08,AU,AU2206,-0.00210936232354364,0.00022864674352221775,0.0,-0.0,-0.0
2021-12-09,2021-12-08,RB,RB2205,-0.010373443983402453,0.004305323575823791,1.0,-0.010373443983402453,-0.010873443983402453
2021-12-10,2021-12-09,AG,AG2206,-0.012875536480686733,-0.003525905376839759,0.0,-0.0,-0.0
2021-12-10,2021-12-09,AU,AU2206,-0.0017906560312550557,-0.002083947632503951,0.0,-0.0,-0.0
2021-12-10,2021-12-09,RB,RB2205,0.010049076887123087,-0.0038614586634068797,-1.0,-0.010049076887123087,-0.010549076887123088
2021-12-13,2021-12-10,AG,AG2206,0.019930675909878737,-0.0075917262824851915,0.0,0.0,0.0
2021-12-13,2021-12-10,AU,AU2206,0.0056491037479631245,-0.0013294895098283732,0.0,0.0,0.0
2021-12-13,2021-12-10,RB,RB2205,0.021517815826006537,-0.0034810431337001947,-1.0,-0.021517815826006537,-0.022017815826006537
2021-12-14,2021-12-13,AG,AG2206,0.0014830508474577009,0.00612349129203665,0.0,0.0,0.0
2021-12-14,2021-12-13,AU,AU2206,-0.001455054968743319,0.001022564978402869,0.0,-0.0,-0.0
2021-12-14,2021-12-13,RB,RB2210,-0.0030696576151121313,0.00027654522589319386,0.0,-0.0,-0.0
2021-12-15,2021-12-14,AG,AG2206,-0.008719693747341606,0.00276368565901672,0.0,-0.0,-0.0
2021-12-15,2021-12-14,AU,AU2206,-0.009244242620823795,0.002222338309997367,0.0,-0.0,-0.0
2021-12-15,2021-12-14,RB,RB2205,0.013232945471138402,-0.00037220683989641455,0.0,0.0,0.0
2021-12-16,2021-12-15,AG,AG2206,0.017596566523605084,-0.007719799686366816,0.0,0.0,0.0
2021-12-16,2021-12-15,AU,AU2206,0.008173050727401598,-0.0019977629544716165,0.0,0.0,0.0
2021-12-16,2021-12-15,RB,RB2205,0.02096483318304787,0.00021255948455897394,0.0,0.0,0.0
2021-12-17,2021-12-16,AG,AG2206,0.012650221378874171,-0.00033349379355047704,0.0,0.0,0.0
2021-12-17,2021-12-16,AU,AU2206,0.013250405624661843,0.0016852940302516217,0.0,0.0,0.0
2021-12-17,2021-12-16,RB,RB2205,-0.0052991830426142306,-0.0008933659785072693,0.0,-0.0,-0.0
2021-12-20,2021-12-17,AG,AG2206,-0.009102192800993003,0.0003018956630208355,0.0,-0.0,-0.0
2021-12-20,2021-12-17,AU,AU2206,-0.0045224793828145815,-0.0011767326921519976,0.0,-0.0,-0.0
2021-12-20,2021-12-17,RB,RB2210,-0.005336426914153147,0.0015369281792673283,0.0,-0.0,-0.0
2021-12-21,2021-12-20,AG,AG2206,0.004609260423213968,0.006772357812103249,0.0,0.0,0.0
2021-12-21,2021-12-20,AU,AU2206,-0.004979919678714917,0.003357686059540649,0.0,-0.0,-0.0
2021-12-21,2021-12-20,RB,RB2205,-0.0026755852842809125,-0.0014922704456891815,0.0,-0.0,-0.0
2021-12-22,2021-12-21,AG,AG2206,-0.009053497942386857,-0.0030134607654740903,0.0,-0.0,-0.0
2021-12-22,2021-12-21,AU,AU2206,-0.0059517426273458796,-0.0018312658550183668,0.0,-0.0,-0.0
2021-12-22,2021-12-21,RB,RB2205,-0.009375000000000022,0.002042757856280959,0.0,-0.0,-0.0
2021-12-23,2021-12-22,AG,AG2206,0.005156765676567643,0.011543997527042493,1.0,0.005156765676567643,0.004656765676567642
2021-12-23,2021-12-22,AU,AU2206,0.007205850720584994,0.0032242554562583485,0.0,0.0,0.0
2021-12-23,2021-12-22,RB,RB2205,0.011289230074508882,0.0012651063022883614,0.0,0.0,0.0
2021-12-24,2021-12-23,AG,AG2206,0.0016443987667009718,0.005441494835045727,0.0,0.0,0.0
2021-12-24,2021-12-23,AU,AU2206,0.0026716537536735085,0.003225269340889795,0.0,0.0,0.0
2021-12-24,2021-12-23,RB,RB2205,0.008480249944208929,-0.0017062934670198581,0.0,0.0,0.0
2021-12-27,2021-12-24,AG,AG2206,-0.004731536720839369,-0.0011479253865373533,0.0,-0.0,-0.0
2021-12-27,2021-12-24,AU,AU2206,0.00042693990820796834,-0.0008336181865661128,0.0,0.0,0.0
2021-12-27,2021-12-24,RB,RB2205,-0.04501108647450114,0.00034655513301403844,0.0,-0.0,-0.0
2021-12-28,2021-12-27,AG,AG2206,0.008474576271186418,-0.0015434303842510684,0.0,0.0,0.0
2021-12-28,2021-12-27,AU,AU2206,0.0035760034158838216,-0.0009159630276472169,0.0,0.0,0.0
2021-12-28,2021-12-27,RB,RB2205,0.0013895321908290459,-0.0021917566599824662,0.0,0.0,0.0
2021-12-29,2021-12-28,AU,AU2206,-0.005367772108843538,-0.0006484137447980109,0.0,-0.0,-0.0
2021-12-29,2021-12-28,RB,RB2205,-0.000926140310256951,0.001977610950757218,0.0,-0.0,-0.0
2021-12-30,2021-12-29,AG,AG2206,-0.0035379812695108814,0.001504553156395754,0.0,-0.0,-0.0
2021-12-30,2021-12-29,AU,AU2206,0.0013978494623656523,0.0009221234729879066,0.0,0.0,0.0
2021-12-30,2021-12-29,RB,RB2205,-0.01157139551029851,-0.0009910934763154066,0.0,-0.0,-0.0
2021-12-31,2021-12-30,AG,AG2206,0.012658227848101333,-0.011368751119887856,-1.0,-0.012658227848101333,-0.013158227848101334
2021-12-31,2021-12-30,AU,AU2206,0.006470588235294228,-0.008736490026881824,-1.0,-0.006470588235294228,-0.006970588235294228
2021-12-31,2021-12-30,RB,RB2205,0.007706679121905591,0.0012705100374292358,0.0,0.0,0.0
2022-01-04,2021-12-31,AG,AG2206,-0.012820512820512775,0.006551371697508135,0.0,-0.0,-0.0
2022-01-04,2021-12-31,AU,AU2206,-0.0016576653654885032,0.006629009660396644,1.0,-0.0016576653654885032,-0.002157665365488503
2022-01-04,2021-12-31,RB,RB2205,0.021617852161785134,0.0019032690797978094,0.0,0.0,0.0
2022-01-05,2022-01-04,AG,AG2206,0.002520478890989386,-0.005016009708014129,0.0,0.0,0.0
2022-01-05,2022-01-04,AU,AU2206,0.003857693956279551,-0.006868245065121692,-1.0,-0.003857693956279551,-0.004357693956279551
2022-01-05,2022-01-04,RB,RB2205,0.010000000000000009,-0.0018713648178941297,0.0,0.0,0.0
2022-01-06,2022-01-05,AG,AG2206,-0.02187955824130028,-0.0026769351557171597,0.0,-0.0,-0.0
2022-01-06,2022-01-05,AU,AU2206,-0.010009050737369019,-0.0005404005930712321,0.0,-0.0,-0.0
2022-01-06,2022-01-05,RB,RB2205,0.009433962264151052,0.0007792567912521413,0.0,0.0,0.0
2022-01-07,2022-01-06,AG,AG2206,-0.001731227007141345,0.006559511424685665,0.0,-0.0,-0.0
2022-01-07,2022-01-06,AU,AU2206,-0.0008108108108108025,0.006836212680928207,1.0,-0.0008108108108108025,-0.0013108108108108025
2022-01-07,2022-01-06,RB,RB2205,0.006896551724137945,0.001409359603402598,0.0,0.0,0.0
2022-01-10,2022-01-07,AG,AG2206,0.001298420255356092,-0.019102466348294826,-1.0,-0.001298420255356092,-0.001798420255356092
2022-01-10,2022-01-07,AU,AU2206,0.0011360562618338843,-0.010716023648317056,-1.0,-0.0011360562618338843,-0.0016360562618338843
2022-01-10,2022-01-07,RB,RB2205,-0.007292817679558028,0.00016198245652791437,0.0,-0.0,-0.0
2022-01-11,2022-01-10,AG,AG2206,0.012939400474444751,0.00218058675934586,0.0,0.0,0.0
2022-01-11,2022-01-10,RB,RB2205,0.019777777777777672,-0.00014709718171918528,0.0,0.0,0.0
2022-01-12,2022-01-11,AG,AG2206,0.004237288135593209,0.002206226115414647,0.0,0.0,0.0
2022-01-12,2022-01-11,AU,AU2206,0.004066128083034526,-0.002434479795563984,0.0,0.0,0.0
2022-01-12,2022-01-11,RB,RB2205,0.009150326797385588,0.0016975459554349995,0.0,0.0,0.0
2022-01-13,2022-01-12,AG,AG2206,0.010341916420430586,0.004115902183337664,0.0,0.0,0.0
2022-01-13,2022-01-12,AU,AU2206,0.0021308331557639004,0.0019303968279992827,0.0,0.0,0.0
2022-01-13,2022-01-12,RB,RB2205,0.00021588946459405456,0.00014282808951142793,0.0,0.0,0.0
2022-01-14,2022-01-13,AG,AG2206,-0.0010414496979795906,-0.00043897935511494666,0.0,-0.0,-0.0
2022-01-14,2022-01-13,AU,AU2206,-0.0003190980162740553,0.00040279445693401004,0.0,-0.0,-0.0
2022-01-17,2022-01-14,AG,AG2206,0.002527379949452291,0.0023270205189314993,0.0,0.0,0.0
2022-01-17,2022-01-14,AU,AU2206,-0.0007476635514017671,-0.0007553926374803401,0.0,-0.0,-0.0
2022-01-17,2022-01-14,RB,RB2205,-0.025053533190578126,-0.0012692805935650532,0.0,-0.0,-0.0
2022-01-18,2022-01-17,AG,AG2206,-0.0002099076406381073,-0.010006427401837844,-1.0,0.0002099076406381073,-0.0002900923593618927
2022-01-18,2022-01-17,AU,AU2206,-0.002723776970732894,-0.00596601132649572,-1.0,0.002723776970732894,0.002223776970732894
2022-01-18,2022-01-17,RB,RB2205,0.01143611172201453,0.001482673553612613,0.0,0.0,0.0
2022-01-19,2022-01-18,AG,AG2206,0.030843474611833788,0.0005660883482487312,0.0,0.0,0.0
2022-01-19,2022-01-18,AU,AU2206,-0.0011780455153949099,0.00075062628248769,0.0,-0.0,-0.0
2022-01-19,2022-01-18,RB,RB2205,0.01792656587473007,-0.0009045987535403347,0.0,0.0,0.0
2022-01-20,2022-01-19,AG,AG2206,0.011979695431472148,0.0010211517906868583,0.0,0.0,0.0
2022-01-20,2022-01-19,AU,AU2206,0.012522744300545785,0.00027795866056890163,0.0,0.0,0.0
2022-01-20,2022-01-19,RB,RB2205,-0.001059771089444661,0.007205951581938964,1.0,-0.001059771089444661,-0.001559771089444661
2022-01-21,2022-01-20,AG,AG2206,0.018644747393744998,0.0031181874217599314,0.0,0.0,0.0
2022-01-21,2022-01-20,AU,AU2206,-0.0005285132921092339,0.0051693107648746505,1.0,-0.0005285132921092339,-0.001028513292109234
2022-01-21,2022-01-20,RB,RB2205,-0.0004243581582855649,0.000831654832511414,0.0,-0.0,-0.0
2022-01-24,2022-01-21,AG,AG2206,-0.014627396718719154,0.0011046538428694564,0.0,-0.0,-0.0
2022-01-24,2022-01-21,AU,AU2206,0.00015909211433418058,0.00010696786442363454,0.0,0.0,0.0
2022-01-25,2022-01-24,AG,AG2206,-0.006654567453115545,-0.005314808749213394,0.0,-0.0,-0.0
2022-01-25,2022-01-24,AU,AU2206,0.0012717253073337709,-0.00519559109295802,-1.0,-0.0012717253073337709,-0.0017717253073337709
2022-01-25,2022-01-24,RB,RB2205,0.013304721030042987,0.0020823051871141428,0.0,0.0,0.0
2022-01-26,2022-01-25,AG,AG2206,-0.0016289961311342083,-0.005171672862158562,0.0,-0.0,-0.0
2022-01-26,2022-01-25,AU,AU2206,0.002329891448239252,0.0011942548072617384,0.0,0.0,0.0
2022-01-26,2022-01-25,RB,RB2205,-0.005929690808979204,-0.0009025450008187972,0.0,-0.0,-0.0
2022-01-27,2022-01-26,AG,AG2206,-0.032408345148875806,-0.0028732558524911314,0.0,-0.0,-0.0
2022-01-27,2022-01-26,AU,AU2206,-0.018282694848084535,-0.0010462367960395208,0.0,-0.0,-0.0
2022-01-27,2022-01-26,RB,RB2210,-0.00574585635359115,0.0002194559238122522,0.0,-0.0,-0.0
2022-01-28,2022-01-27,AG,AG2206,-0.011351692243010247,0.007647526825210027,0.0,-0.0,-0.0
2022-01-28,2022-01-27,AU,AU2206,-0.004358119014311823,-0.00046254071417350934,0.0,-0.0,-0.0
2022-01-28,2022-01-27,RB,RB2205,0.029418034534214543,0.0006172265180564247,0.0,0.0,0.0
2022-02-07,2022-01-28,AG,AG2206,0.004665959703075373,-0.0044034161016621165,0.0,0.0,0.0
2022-02-07,2022-01-28,AU,AU2206,-0.0016632685910505929,0.0005762549516907505,0.0,-0.0,-0.0
2022-02-07,2022-01-28,RB,RB2205,-0.005743589743589794,0.003439916884658417,0.0,-0.0,-0.0
2022-02-08,2022-02-07,AG,AG2206,0.0010501995379121887,0.0010291737212216442,0.0,0.0,0.0
2022-02-08,2022-02-07,AU,AU2206,0.005310873880156608,0.003812060536009404,0.0,0.0,0.0
2022-02-08,2022-02-07,RB,RB2205,0.015085761520975405,0.005341379985785955,1.0,0.015085761520975405,0.014585761520975404
2022-02-09,2022-02-08,AG,AG2206,0.014096360193561974,0.003319683674032662,0.0,0.0,0.0
2022-02-09,2022-02-08,AU,AU2206,0.0055003738118124534,0.0017442084135340754,0.0,0.0,0.0
2022-02-09,2022-02-08,RB,RB2205,-0.011632653061224518,-0.0015227753379013183,0.0,-0.0,-0.0
2022-02-10,2022-02-09,AG,AG2206,0.0010349824052990897,-0.00199524740683845,0.0,0.0,0.0
2022-02-10,2022-02-09,AU,AU2206,0.0024436889077772417,-0.0006533007495432244,0.0,0.0,0.0
2022-02-10,2022-02-09,RB,RB2205,0.021649484536082397,-0.0025169906256709176,0.0,0.0,0.0
2022-02-11,2022-02-10,AG,AG2206,-0.01798635517882985,0.0014980210652132335,0.0,-0.0,-0.0
2022-02-11,2022-02-10,AU,AU2206,-0.0049851506151887826,-0.0002544296650251589,0.0,-0.0,-0.0
2022-02-11,2022-02-10,RB,RB2205,-0.017034068136272507,0.0015624140982916405,0.0,-0.0,-0.0
2022-02-14,2022-02-11,AG,AG2206,0.03002939941201177,0.00030268155727088196,0.0,0.0,0.0
2022-02-14,2022-02-11,AU,AU2206,0.013865278368040634,-0.0011978157181489536,0.0,0.0,0.0
2022-02-14,2022-02-11,RB,RB2205,-0.016938775510204063,0.008036552463278867,1.0,-0.016938775510204063,-0.017438775510204063
2022-02-15,2022-02-14,AG,AG2206,0.00020337604230213913,0.0030231890995821133,0.0,0.0,0.0
2022-02-15,2022-02-14,AU,AU2206,0.00953029271613337,0.005343274681186718,1.0,0.00953029271613337,0.00903029271613337
2022-02-15,2022-02-14,RB,RB2205,-0.01602497398543179,-0.0014741986364192414,0.0,-0.0,-0.0
2022-02-16,2022-02-15,AG,AG2206,-0.0020686801820438694,0.0024580652627840902,0.0,-0.0,-0.0
2022-02-16,2022-02-15,AU,AU2206,0.0008959156785242062,0.0010178648084199378,0.0,0.0,0.0
2022-02-16,2022-02-15,RB,RB2205,0.018335089567966367,-0.003972131331974059,-1.0,-0.018335089567966367,-0.018835089567966368
2022-02-17,2022-02-16,AG,AG2206,0.002072538860103723,-0.01584006300384006,-1.0,-0.002072538860103723,-0.002572538860103723
2022-02-17,2022-02-16,AU,AU2206,0.010645586297760357,-0.021856741779630318,-1.0,-0.010645586297760357,-0.011145586297760357
2022-02-17,2022-02-16,RB,RB2205,-0.030816959669079602,0.003948881631257161,1.0,-0.030816959669079602,-0.0313169596690796
2022-02-18,2022-02-17,AG,AG2206,0.011733223548785476,0.00014690046697613313,0.0,0.0,0.0
2022-02-18,2022-02-17,AU,AU2206,0.0026970954356846377,-0.001008815891455268,0.0,0.0,0.0
2022-02-18,2022-02-17,RB,RB2205,0.024217745392198786,0.0009571898736023033,0.0,0.0,0.0
2022-02-21,2022-02-18,AG,AG2206,-0.006114961271911912,0.004441061247708592,0.0,-0.0,-0.0
2022-02-21,2022-02-18,AU,AU2206,-0.002274607113316729,0.008665713333957015,1.0,-0.002274607113316729,-0.002774607113316729
2022-02-21,2022-02-18,RB,RB2205,0.012539184952978122,-0.004750529462267227,-1.0,-0.012539184952978122,-0.013039184952978122
2022-02-22,2022-02-21,AG,AG2206,0.01737885912901249,-0.0015190476888762843,0.0,0.0,0.0
2022-02-22,2022-02-21,AU,AU2206,0.007997523347608615,0.0008345060031741432,0.0,0.0,0.0
2022-02-22,2022-02-21,RB,RB2205,-0.022910216718266208,0.0014159151614892992,0.0,-0.0,-0.0
2022-02-23,2022-02-22,AG,AG2206,0.0032349373230893264,0.0026794896133316166,0.0,0.0,0.0
2022-02-23,2022-02-22,AU,AU2206,-0.0008249548852796718,0.004200370135647579,0.0,-0.0,-0.0
2022-02-23,2022-02-22,RB,RB2210,0.008582746478873249,0.0027409931506912027,0.0,0.0,0.0
2022-02-24,2022-02-23,AG,AG2206,0.03143260124924452,-0.00450651137158177,0.0,0.0,0.0
2022-02-24,2022-02-23,AU,AU2206,0.024100124120810973,-0.0074150264138468395,-1.0,-0.024100124120810973,-0.024600124120810973
2022-02-24,2022-02-23,RB,RB2205,-0.03153717627401842,0.0002166048285137164,0.0,-0.0,-0.0
2022-02-25,2022-02-24,AG,AG2206,-0.037258687258687306,0.0002685298852019421,0.0,-0.0,-0.0
2022-02-25,2022-02-24,AU,AU2206,-0.022036777933239993,-0.0035457643206690216,0.0,-0.0,-0.0
2022-02-25,2022-02-24,RB,RB2205,-0.003883495145631022,0.0006444448956640452,0.0,-0.0,-0.0
2022-02-28,2022-02-25,AG,AG2206,0.006490872210953347,0.022318534121442194,1.0,0.006490872210953347,0.005990872210953346
2022-02-28,2022-02-25,AU,AU2206,0.00516769159216568,0.025955756203944795,1.0,0.00516769159216568,0.004667691592165679
2022-02-28,2022-02-25,RB,RB2205,0.016460905349794164,-0.0006123770127028884,0.0,0.0,0.0
2022-03-01,2022-02-28,AG,AG2206,0.0042338709677418596,-0.013243126611988346,-1.0,-0.0042338709677418596,-0.00473387096774186
2022-03-01,2022-02-28,AU,AU2206,0.00030846743098034146,-0.019236014624398022,-1.0,-0.00030846743098034146,-0.0008084674309803415
2022-03-02,2022-03-01,AG,AG2206,0.012797440511897573,-0.0003560342838330791,0.0,0.0,0.0
2022-03-02,2022-03-01,RB,RB2205,0.0020618556701030855,0.003691831169369958,1.0,0.0020618556701030855,0.0015618556701030854
2022-03-03,2022-03-02,AG,AG2206,0.008313539192398967,0.006419583888198463,0.0,0.0,0.0
2022-03-03,2022-03-02,AU,AU2206,0.0015282730514518672,0.007369169168897537,1.0,0.0015282730514518672,0.0010282730514518672
2022-03-03,2022-03-02,RB,RB2205,0.003908660769389005,0.0025116605938669883,0.0,0.0,0.0
2022-03-04,2022-03-03,AG,AG2206,-0.0064769381746810906,-0.0028530382751648362,0.0,-0.0,-0.0
2022-03-04,2022-03-03,AU,AU2206,0.002642276422764045,-0.006604906370828692,-1.0,-0.002642276422764045,-0.003142276422764045
2022-03-04,2022-03-03,RB,RB2205,0.0030699959066722293,0.00024085215293256551,0.0,0.0,0.0
2022-03-07,2022-03-04,AG,AG2206,0.018156700217091037,0.00021980935405757702,0.0,0.0,0.0
2022-03-07,2022-03-04,AU,AU2206,0.01792024230186784,0.0013708593463347863,0.0,0.0,0.0
2022-03-07,2022-03-04,RB,RB2205,0.03916768665850667,0.0012597913526631707,0.0,0.0,0.0
2022-03-08,2022-03-07,AG,AG2206,0.03062609032758279,0.0018013540144205277,0.0,0.0,0.0
2022-03-08,2022-03-07,AU,AU2206,0.023845007451564815,0.0071510467384005615,1.0,0.023845007451564815,0.023345007451564814
2022-03-08,2022-03-07,RB,RB2205,-0.027090694935217874,0.0002396068344217685,0.0,-0.0,-0.0
2022-03-09,2022-03-08,AU,AU2206,0.018705738705738773,-0.0029574686552798976,0.0,0.0,0.0
2022-03-09,2022-03-08,RB,RB2210,0.0014802283780925851,0.002987466663196979,0.0,0.0,0.0
2022-03-10,2022-03-09,AG,AG2206,-0.0268571428571428,-0.020862037904016705,-1.0,0.0268571428571428,0.0263571428571428
2022-03-10,2022-03-09,AU,AU2206,-0.010579937304075249,-0.014350362290333133,-1.0,0.010579937304075249,0.010079937304075248
2022-03-10,2022-03-09,RB,RB2205,0.009484536082474238,-0.0053697802026170735,-1.0,-0.009484536082474238,-0.009984536082474238
2022-03-11,2022-03-10,AG,AG2206,-0.00560494781600307,-0.03726062121106354,-1.0,0.00560494781600307,0.005104947816003069
2022-03-11,2022-03-10,AU,AU2206,-0.006577332744318487,-0.03400528627754363,-1.0,0.006577332744318487,0.006077332744318487
2022-03-11,2022-03-10,RB,RB2205,0.001833740831295838,-0.010552337738726762,-1.0,-0.001833740831295838,-0.002333740831295838
2022-03-14,2022-03-11,AG,AG2206,-0.0033307210031348067,0.01203216374690858,1.0,-0.0033307210031348067,-0.0038307210031348067
2022-03-14,2022-03-11,AU,AU2206,0.0003479471120388933,0.008906779619595472,1.0,0.0003479471120388933,-0.00015205288796110673
2022-03-14,2022-03-11,RB,RB2205,-0.03633004926108374,0.0017445690153374412,0.0,-0.0,-0.0
2022-03-15,2022-03-14,AG,AG2206,-0.011332007952286283,-0.007504398741009896,0.0,-0.0,-0.0
2022-03-15,2022-03-14,AU,AU2206,-0.01453982212451288,-0.006375042920530432,-1.0,0.01453982212451288,0.01403982212451288
2022-03-15,2022-03-14,RB,RB2205,0.012569237324243643,-0.009322561493324865,-1.0,-0.012569237324243643,-0.013069237324243643
2022-03-16,2022-03-15,AG,AG2206,0.008646692137542766,-0.008854128704372728,0.0,0.0,0.0
2022-03-16,2022-03-15,AU,AU2206,-0.0057462496821764075,-0.005067114520646216,-1.0,0.0057462496821764075,0.005246249682176407
2022-03-16,2022-03-15,RB,RB2205,0.03678646934460894,-0.0002100569108040899,0.0,0.0,0.0
2022-03-17,2022-03-16,AU,AU2206,0.008775510204081627,-0.002441856732753325,0.0,0.0,0.0
2022-03-17,2022-03-16,RB,RB2205,-0.003658536585365857,-0.0037994236811768967,-1.0,0.003658536585365857,0.003158536585365857
2022-03-18,2022-03-17,AG,AG2206,0.0009769441187963412,0.0018554979649344208,0.0,0.0,0.0
2022-03-18,2022-03-17,AU,AU2206,-0.0012109591805843367,0.00208973957610118,0.0,-0.0,-0.0
2022-03-18,2022-03-17,RB,RB2205,0.01040391676866581,0.0022621912694789203,0.0,0.0,0.0
2022-03-21,2022-03-18,AG,AG2206,-0.0037254901960784848,0.0023059410819312944,0.0,-0.0,-0.0
2022-03-21,2022-03-18,AU,AU2206,-0.0053416649868978094,0.0015516846034453345,0.0,-0.0,-0.0
2022-03-21,2022-03-18,RB,RB2210,0.0,0.0015907433328123145,0.0,0.0,0.0
2022-03-22,2022-03-21,AG,AG2206,0.01333333333333342,-0.002503047727372894,0.0,0.0,0.0
2022-03-22,2022-03-21,AU,AU2206,0.005773905996758533,0.0015892028782852246,0.0,0.0,0.0
2022-03-22,2022-03-21,RB,RB2205,0.0018333672845793902,-0.00445435556176418,-1.0,-0.0018333672845793902,-0.0023333672845793903
2022-03-23,2022-03-22,AG,AG2206,-0.0033326798666928337,0.0025037452478330457,0.0,-0.0,-0.0
2022-03-23,2022-03-22,AU,AU2206,-0.0035842293906810374,0.00016716329900737071,0.0,-0.0,-0.0
2022-03-23,2022-03-22,RB,RB2205,0.014861563517915233,-0.0013669328430249692,0.0,0.0,0.0
2022-03-24,2022-03-23,AG,AG2206,0.003130502837018101,-0.007877339825749782,0.0,0.0,0.0
2022-03-24,2022-03-23,AU,AU2206,0.0063556116015131,-0.0014223185044977716,0.0,0.0,0.0
2022-03-24,2022-03-23,RB,RB2205,-0.008024072216649913,-0.0008014932155715596,0.0,-0.0,-0.0
2022-03-25,2022-03-24,AG,AG2206,0.012371931181132778,0.0031581915881191613,0.0,0.0,0.0
2022-03-25,2022-03-24,AU,AU2206,0.003447242206235046,0.0025911063002712,0.0,0.0,0.0
2022-03-25,2022-03-24,RB,RB2210,0.01821903787103385,0.006231605458071946,1.0,0.01821903787103385,0.01771903787103385
2022-03-28,2022-03-25,AG,AG2206,-0.01510227489963678,0.007904208521671117,0.0,-0.0,-0.0
2022-03-28,2022-03-25,AU,AU2206,-0.00951432129514318,0.002296399804291354,0.0,-0.0,-0.0
2022-03-28,2022-03-25,RB,RB2210,0.011457286432160707,0.002606965974038646,0.0,0.0,0.0
2022-03-29,2022-03-28,AG,AG2206,-0.006599378881987583,-0.0009372837260415871,0.0,-0.0,-0.0
2022-03-29,2022-03-28,AU,AU2206,-0.00702917105989842,-0.00037716606835326203,0.0,-0.0,-0.0
2022-03-29,2022-03-28,RB,RB2210,-0.003974562798092163,0.0003974638273892116,0.0,-0.0,-0.0
2022-03-30,2022-03-29,AU,AU2206,0.012153846153846182,0.000913850750625019,0.0,0.0,0.0
2022-03-30,2022-03-29,RB,RB2205,0.015455640305098273,-0.0019896817581415405,0.0,0.0,0.0
2022-03-31,2022-03-30,AG,AG2206,-0.010466034755134301,-0.02530385808723048,-1.0,0.010466034755134301,0.009966034755134301
2022-03-31,2022-03-30,AU,AU2206,-0.0015697792181487147,-0.011510100523455549,-1.0,0.0015697792181487147,0.0010697792181487147
2022-03-31,2022-03-30,RB,RB2210,-0.0017751479289941363,-0.017175053021848793,-1.0,0.0017751479289941363,0.0012751479289941363
2022-04-01,2022-03-31,AG,AG2206,0.0007945967421534306,0.0003885659262381054,0.0,0.0,0.0
2022-04-01,2022-03-31,AU,AU2206,0.0009598868343942968,0.00033218966835667116,0.0,0.0,0.0
2022-04-01,2022-03-31,RB,RB2210,0.01915860161959304,0.01775237235296829,1.0,0.01915860161959304,0.01865860161959304
2022-04-06,2022-04-01,AG,AG2206,0.00728155339805836,0.00261120251707331,0.0,0.0,0.0
2022-04-06,2022-04-01,AU,AU2206,0.0010149708195887897,0.0024999478793936666,0.0,0.0,0.0
2022-04-06,2022-04-01,RB,RB2210,-0.007173322993408338,0.0007390581283741908,0.0,-0.0,-0.0
2022-04-07,2022-04-06,AG,AG2206,-0.0012079726192872897,-0.005801494952739617,0.0,-0.0,-0.0
2022-04-07,2022-04-06,AU,AU2206,-0.0006073181841186326,-0.0015561101531926542,0.0,-0.0,-0.0
2022-04-07,2022-04-06,RB,RB2210,-0.010152284263959421,-0.000564043840862572,0.0,-0.0,-0.0
2022-04-08,2022-04-07,AG,AG2206,0.013908486192300007,-0.0016141445679297302,0.0,0.0,0.0
2022-04-08,2022-04-07,AU,AU2206,0.0018719959524411411,0.0009795218206886116,0.0,0.0,0.0
2022-04-08,2022-04-07,RB,RB2210,-0.0065320665083135054,0.00038453819434679015,0.0,-0.0,-0.0
2022-04-11,2022-04-08,AU,AU2206,0.007259528130671544,0.0006004666713529849,0.0,0.0,0.0
2022-04-11,2022-04-08,RB,RB2210,-0.030091669988043024,-0.007869546589346885,-1.0,0.030091669988043024,0.029591669988043023
2022-04-12,2022-04-11,AG,AG2206,0.0011598685482312465,-0.00528496646925307,0.0,0.0,0.0
2022-04-12,2022-04-11,AU,AU2206,-0.004114614316874987,0.0016720154709108663,0.0,-0.0,-0.0
2022-04-12,2022-04-11,RB,RB2210,0.03176229508196715,-0.0004018795406554344,0.0,0.0,0.0
2022-04-13,2022-04-12,AG,AG2206,0.0005763688760807018,0.02024511781353028,1.0,0.0005763688760807018,7.636887608070174e-05
2022-04-13,2022-04-12,AU,AU2206,-0.0015828263342730908,0.009570233102157197,1.0,-0.0015828263342730908,-0.002082826334273091
2022-04-13,2022-04-12,RB,RB2210,-0.024027005559968284,0.004894779082283265,1.0,-0.024027005559968284,-0.024527005559968285
2022-04-14,2022-04-13,AG,AG2206,0.0009531071292412374,0.005364506335657879,0.0,0.0,0.0
2022-04-14,2022-04-13,AU,AU2206,-0.00340152822282469,0.006971955821621149,1.0,-0.00340152822282469,-0.00390152822282469
2022-04-14,2022-04-13,RB,RB2210,0.012955465587044523,0.00038229946249841647,0.0,0.0,0.0
2022-04-15,2022-04-14,AG,AG2206,0.004991361105778358,0.007224548441412363,0.0,0.0,0.0
2022-04-15,2022-04-14,AU,AU2206,0.0021236665349664285,0.003998326726001496,0.0,0.0,0.0
2022-04-15,2022-04-14,RB,RB2210,0.009800000000000031,0.008124244126465344,1.0,0.009800000000000031,0.00930000000000003
2022-04-18,2022-04-15,AG,AG2206,0.006679389312977069,-0.007288582366551343,0.0,0.0,0.0
2022-04-18,2022-04-15,AU,AU2206,0.00542112266522099,0.001551570775829988,0.0,0.0,0.0
2022-04-18,2022-04-15,RB,RB2210,0.008565737051792865,-0.0010484653709823151,0.0,0.0,0.0
2022-04-19,2022-04-18,AG,AG2206,-0.01369349090226979,0.0008995299897380085,0.0,-0.0,-0.0
2022-04-19,2022-04-18,RB,RB2210,-0.013582677165354329,-0.00889680132736134,-1.0,0.013582677165354329,0.013082677165354328
2022-04-20,2022-04-19,AG,AG2206,-0.02241215574548905,0.010210767034357908,1.0,-0.02241215574548905,-0.02291215574548905
2022-04-20,2022-04-19,AU,AU2206,-0.010878702467487456,0.0011439747171564576,0.0,-0.0,-0.0
2022-04-20,2022-04-19,RB,RB2210,0.01692889862577185,0.0062827448552744015,1.0,0.01692889862577185,0.01642889862577185
2022-04-21,2022-04-20,AG,AG2206,0.002130544257214817,0.0018579065497480213,0.0,0.0,0.0
2022-04-21,2022-04-20,AU,AU2206,0.00651028724778846,-0.0023503050010728597,0.0,0.0,0.0
2022-04-21,2022-04-20,RB,RB2210,-0.011530193472737982,0.0026643050281439534,0.0,-0.0,-0.0
2022-04-22,2022-04-21,AG,AG2206,-0.006237816764132598,0.002342504282935264,0.0,-0.0,-0.0
2022-04-22,2022-04-21,AU,AU2206,0.0065320665083135054,0.005532790597152719,1.0,0.0065320665083135054,0.006032066508313505
2022-04-22,2022-04-21,RB,RB2210,-0.019940769990128282,0.0027266758163751945,0.0,-0.0,-0.0
2022-04-25,2022-04-22,AG,AG2206,-0.01598894591393607,-0.010536083853854019,-1.0,0.01598894591393607,0.01548894591393607
2022-04-25,2022-04-22,AU,AU2206,-0.003056747029532181,-0.002524881934508281,0.0,-0.0,-0.0
2022-04-25,2022-04-22,RB,RB2210,-0.03669354838709682,0.0015322400148471043,0.0,-0.0,-0.0
2022-04-26,2022-04-25,AG,AG2206,0.00444534249343298,-0.00808919563362731,0.0,0.0,0.0
2022-04-26,2022-04-25,AU,AU2206,0.003551065319595814,-0.004589312765743623,0.0,0.0,0.0
2022-04-26,2022-04-25,RB,RB2210,0.006041666666666723,-0.001446338035605006,0.0,0.0,0.0
2022-04-27,2022-04-26,AG,AG2206,-0.0020197939810139287,-0.0075068421712555745,0.0,-0.0,-0.0
2022-04-27,2022-04-26,AU,AU2206,-0.00024937655860357566,-0.015174330794565588,-1.0,0.00024937655860357566,-0.00025062344139642435
2022-04-27,2022-04-26,RB,RB2210,0.00309342132398438,0.005327871125822979,1.0,0.00309342132398438,0.00259342132398438
2022-04-28,2022-04-27,AG,AG2206,-0.009491114701130843,-0.003790008729573422,0.0,-0.0,-0.0
2022-04-28,2022-04-27,AU,AU2206,4.990019960082748e-05,-0.0008317085941989429,0.0,0.0,0.0
2022-04-28,2022-04-27,RB,RB2210,-0.002057613168724326,0.004843424826558475,1.0,-0.002057613168724326,-0.002557613168724326
2022-04-29,2022-04-28,AG,AG2206,0.012053115423901861,0.002814625555328328,0.0,0.0,0.0
2022-04-29,2022-04-28,AU,AU2206,0.010709304642358974,-0.0003308198842790019,0.0,0.0,0.0
2022-04-29,2022-04-28,RB,RB2210,0.012371134020618513,-0.0009268977194794673,0.0,0.0,0.0
2022-05-05,2022-04-29,AG,AG2212,-0.002005615724027243,-0.009327212454851715,-1.0,0.002005615724027243,0.0015056157240272432
2022-05-05,2022-04-29,RB,RB2301,0.004805683242791403,-0.0010473778892226982,0.0,0.0,0.0
2022-05-06,2022-05-05,AG,AG2212,-0.027172827172827207,-0.007802391675812808,0.0,-0.0,-0.0
2022-05-06,2022-05-05,RB,RB2210,-0.038391224862888484,0.0025643013055591532,0.0,-0.0,-0.0
2022-05-09,2022-05-06,AG,AG2212,-0.0008215239268843932,0.017433171990916548,1.0,-0.0008215239268843932,-0.0013215239268843933
2022-05-09,2022-05-06,RB,RB2301,-0.013807982740021596,0.00035273750550014857,0.0,-0.0,-0.0
2022-05-10,2022-05-09,RB,RB2301,-0.008752735229759279,0.007962577577927036,1.0,-0.008752735229759279,-0.009252735229759279
2022-05-11,2022-05-10,AG,AG2212,-0.01240438288195167,-0.024767942541057446,-1.0,0.01240438288195167,0.01190438288195167
2022-05-11,2022-05-10,AU,AU2212,-0.00912003943800832,-0.005278154809404418,-1.0,0.00912003943800832,0.00862003943800832
2022-05-11,2022-05-10,RB,RB2210,0.01452102297355884,-0.005814465399423535,-1.0,-0.01452102297355884,-0.01502102297355884
2022-05-12,2022-05-11,AG,AG2212,0.002105263157894832,-0.0024798513501335944,0.0,0.0,0.0
2022-05-12,2022-05-11,AU,AU2212,0.013316708229426322,0.005962516412917363,1.0,0.013316708229426322,0.012816708229426321
2022-05-12,2022-05-11,RB,RB2210,-0.012419700214132745,0.0012810869542873445,0.0,-0.0,-0.0
2022-05-13,2022-05-12,AG,AG2212,-0.009541984732824416,-0.01478430419046057,-1.0,0.009541984732824416,0.009041984732824415
2022-05-13,2022-05-12,RB,RB2210,0.018538713195201728,-0.0024633371240522796,0.0,0.0,0.0
2022-05-16,2022-05-13,AG,AG2212,0.010535368737905726,-0.0266027832873785,-1.0,-0.010535368737905726,-0.011035368737905726
2022-05-16,2022-05-13,AU,AU2212,-0.0038557836755132024,-0.0048584677679063114,-1.0,0.0038557836755132024,0.0033557836755132024
2022-05-16,2022-05-13,RB,RB2210,0.002786112301757404,-0.005516116271992083,-1.0,-0.002786112301757404,-0.003286112301757404
2022-05-17,2022-05-16,AG,AG2212,0.027682403433476388,-0.01210656466457508,-1.0,-0.027682403433476388,-0.02818240343347639
2022-05-17,2022-05-16,AU,AU2212,0.007143935201489038,-0.018570346837196106,-1.0,-0.007143935201489038,-0.007643935201489038
2022-05-17,2022-05-16,RB,RB2210,-0.0064102564102563875,-0.0009466067840067611,0.0,-0.0,-0.0
2022-05-18,2022-05-17,AG,AG2212,-0.010425354462051728,-0.01892128331112035,-1.0,0.010425354462051728,0.009925354462051728
2022-05-18,2022-05-17,AU,AU2212,-0.009362170822068694,-0.0017131198679040816,0.0,-0.0,-0.0
2022-05-18,2022-05-17,RB,RB2210,-0.02746781115879826,0.00016610464614960583,0.0,-0.0,-0.0
2022-05-19,2022-05-18,AG,AG2212,-0.00021070375052678614,0.002355598651267984,0.0,-0.0,-0.0
2022-05-19,2022-05-18,AU,AU2212,0.004298356510745949,-0.005703522818870269,-1.0,-0.004298356510745949,-0.004798356510745949
2022-05-19,2022-05-18,RB,RB2210,0.01193370165745855,0.002231017852933876,0.0,0.0,0.0
2022-05-20,2022-05-19,AU,AU2212,-0.002297587533090284,-0.001008361507370982,0.0,-0.0,-0.0
2022-05-20,2022-05-19,RB,RB2210,0.012884909368857889,-0.0017260471933022957,0.0,0.0,0.0
2022-05-23,2022-05-20,AG,AG2212,0.0023012552301255873,0.021289234459554673,1.0,0.0023012552301255873,0.0018012552301255873
2022-05-23,2022-05-20,AU,AU2212,0.001806322127446025,0.02070726811258668,1.0,0.001806322127446025,0.001306322127446025
2022-05-23,2022-05-20,RB,RB2301,-0.0008851515822084766,-0.0012842893033722647,0.0,-0.0,-0.0
2022-05-24,2022-05-23,AG,AG2212,-0.0033472803347280866,-0.019662411416569686,-1.0,0.0033472803347280866,0.0028472803347280866
2022-05-24,2022-05-23,AU,AU2212,0.0029573934837092697,-0.005505578029315434,-1.0,-0.0029573934837092697,-0.0034573934837092697
2022-05-24,2022-05-23,RB,RB2210,-0.032900432900432874,-0.002312942086649345,0.0,-0.0,-0.0
2022-05-25,2022-05-24,AG,AG2212,0.002515723270440251,-0.004361922705742635,0.0,0.0,0.0
2022-05-25,2022-05-24,AU,AU2212,0.001098901098901095,-0.0014400120271234457,0.0,0.0,0.0
2022-05-25,2022-05-24,RB,RB2210,0.016338406445837172,0.003547413687966853,1.0,0.016338406445837172,0.015838406445837172
2022-05-26,2022-05-25,AG,AG2212,0.0006290626965821389,0.003094472347829828,0.0,0.0,0.0
2022-05-26,2022-05-25,AU,AU2212,0.003491271820448727,0.0010776449262798532,0.0,0.0,0.0
2022-05-26,2022-05-25,RB,RB2301,-0.004494382022471877,0.0035653180675661237,1.0,-0.004494382022471877,-0.004994382022471877
2022-05-27,2022-05-26,AG,AG2212,0.013411567476948827,-0.005667083631417784,0.0,0.0,0.0
2022-05-27,2022-05-26,AU,AU2212,0.006019601014874976,0.0010040004443407976,0.0,0.0,0.0
2022-05-27,2022-05-26,RB,RB2210,0.014634146341463428,-0.01261047961473389,-1.0,-0.014634146341463428,-0.015134146341463428
2022-05-30,2022-05-27,AU,AU2212,-0.00506002579621001,-0.0023305729465713213,0.0,-0.0,-0.0
2022-05-30,2022-05-27,RB,RB2210,0.007192676547515209,0.001187912715296251,0.0,0.0,0.0
2022-05-31,2022-05-30,AG,AG2212,-0.013801756587201952,0.0006202832648999841,0.0,-0.0,-0.0
2022-05-31,2022-05-30,AU,AU2212,-0.0008487269096356664,-0.006408633635055726,-1.0,0.0008487269096356664,0.00034872690963566643
2022-05-31,2022-05-30,RB,RB2210,0.013633412681237855,0.002324778975392741,0.0,0.0,0.0
2022-06-01,2022-05-31,AG,AG2212,-0.0046858359957401285,-0.008144517897805521,0.0,-0.0,-0.0
2022-06-01,2022-05-31,AU,AU2212,-0.005355355355355473,-0.002263902350009167,0.0,-0.0,-0.0
2022-06-02,2022-06-01,AG,AG2212,0.007648183556405286,-0.011050272100635533,-1.0,-0.007648183556405286,-0.008148183556405286
2022-06-02,2022-06-01,AU,AU2212,0.0038125815190126477,-0.003497102884889717,0.0,0.0,0.0
2022-06-02,2022-06-01,RB,RB2210,0.01591343093570985,0.0009862614600583608,0.0,0.0,0.0
2022-06-06,2022-06-02,AG,AG2212,0.015578947368421137,0.01789983432636547,1.0,0.015578947368421137,0.015078947368421136
2022-06-06,2022-06-02,AU,AU2212,0.001706398996235814,0.005299986312443771,1.0,0.001706398996235814,0.001206398996235814
2022-06-06,2022-06-02,RB,RB2210,-0.01000416840350149,0.0001945319418459315,0.0,-0.0,-0.0
2022-06-07,2022-06-06,AG,AG2212,-0.014645214521452177,0.002119790011214372,0.0,-0.0,-0.0
2022-06-07,2022-06-06,AU,AU2212,-0.0030613269095652873,-0.0028957044991115115,0.0,-0.0,-0.0
2022-06-07,2022-06-06,RB,RB2210,-0.006526315789473713,0.0010951327497013869,0.0,-0.0,-0.0
2022-06-08,2022-06-07,AG,AG2212,0.006906655504395065,0.00966336880449961,1.0,0.006906655504395065,0.006406655504395065
2022-06-08,2022-06-07,AU,AU2212,0.0028630267718117164,-0.0024913291456226676,0.0,0.0,0.0
2022-06-08,2022-06-07,RB,RB2301,0.016351118760757233,0.000603444234737057,0.0,0.0,0.0
2022-06-09,2022-06-08,AG,AG2212,-0.004375911648260011,0.00032729385378933734,0.0,-0.0,-0.0
2022-06-09,2022-06-08,AU,AU2212,-0.000999050901643428,0.00279287004731654,0.0,-0.0,-0.0
2022-06-09,2022-06-08,RB,RB2210,-0.0008342022940562854,-0.0026614330271504416,0.0,-0.0,-0.0
2022-06-10,2022-06-09,AG,AG2212,-0.012591815320041944,-0.004029071420164497,0.0,-0.0,-0.0
2022-06-10,2022-06-09,AU,AU2212,-0.001202103681442579,0.003197193219478849,0.0,-0.0,-0.0
2022-06-13,2022-06-10,AG,AG2212,0.00744205826068467,-0.0057914670901481535,0.0,0.0,0.0
2022-06-13,2022-06-10,AU,AU2212,0.013850692534626674,-0.0020280784757523034,0.0,0.0,0.0
2022-06-13,2022-06-10,RB,RB2210,-0.021281034842478563,-0.003042244093226837,0.0,-0.0,-0.0
2022-06-14,2022-06-13,AG,AG2212,-0.01102863202545068,-0.001201261455230294,0.0,-0.0,-0.0
2022-06-14,2022-06-13,AU,AU2212,-0.01049281416281278,0.008713075729184628,1.0,-0.01049281416281278,-0.01099281416281278
2022-06-14,2022-06-13,RB,RB2301,-0.010378378378378406,-0.0005333367274638588,0.0,-0.0,-0.0
2022-06-15,2022-06-14,AG,AG2212,-0.0034312674244049157,-0.01173887306767469,-1.0,0.0034312674244049157,0.0029312674244049157
2022-06-15,2022-06-14,AU,AU2212,-0.0028232921603226213,-0.02086364041551754,-1.0,0.0028232921603226213,0.0023232921603226213
2022-06-15,2022-06-14,RB,RB2210,-0.013665943600867703,-0.002337455319713044,0.0,-0.0,-0.0
2022-06-16,2022-06-15,AU,AU2212,-0.001006745192791647,-0.005291476740187646,-1.0,0.001006745192791647,0.0005067451927916471
2022-06-16,2022-06-15,RB,RB2210,-0.01075740944017567,-0.0016706163919036384,0.0,-0.0,-0.0
2022-06-17,2022-06-16,AG,AG2212,0.011430990685859399,0.02083914482830022,1.0,0.011430990685859399,0.010930990685859399
2022-06-17,2022-06-16,AU,AU2212,0.006599163770087069,0.00600874310281866,1.0,0.006599163770087069,0.006099163770087068
2022-06-17,2022-06-16,RB,RB2210,-0.03007351303185568,0.0017007514940536011,0.0,-0.0,-0.0
2022-06-20,2022-06-17,AU,AU2212,-0.00945414738518191,0.00035215973706033334,0.0,-0.0,-0.0
2022-06-20,2022-06-17,RB,RB2210,-0.04532903819604239,-0.0055039903930168286,-1.0,0.04532903819604239,0.04482903819604239
2022-06-21,2022-06-20,AG,AG2212,-0.008494372478233148,0.0015213252274619113,0.0,-0.0,-0.0
2022-06-21,2022-06-20,AU,AU2212,-0.0011061946902655162,0.0074457140011781105,1.0,-0.0011061946902655162,-0.0016061946902655162
2022-06-21,2022-06-20,RB,RB2210,0.019059107358262883,-0.0035403476415314813,-1.0,-0.019059107358262883,-0.019559107358262884
2022-06-22,2022-06-21,AG,AG2212,-0.013997879109225897,-0.0011572813094874658,0.0,-0.0,-0.0
2022-06-22,2022-06-21,AU,AU2212,-0.0018597637597385086,-0.0007562412395770241,0.0,-0.0,-0.0
2022-06-22,2022-06-21,RB,RB2210,-0.023189777567439673,-0.0012700504095844013,0.0,-0.0,-0.0
2022-06-23,2022-06-22,AG,AG2212,-0.0066239316239316,0.01326613746535114,1.0,-0.0066239316239316,-0.007123931623931601
2022-06-23,2022-06-22,AU,AU2212,-0.007980447902638632,0.0015414681157497993,0.0,-0.0,-0.0
2022-06-23,2022-06-22,RB,RB2210,0.021220159151193574,0.0005632934744829238,0.0,0.0,0.0
2022-06-24,2022-06-23,AG,AG2212,-0.025204653166738478,0.00743237649543414,0.0,-0.0,-0.0
2022-06-24,2022-06-23,AU,AU2212,-0.007544133179097745,0.011640845823162688,1.0,-0.007544133179097745,-0.008044133179097746
2022-06-24,2022-06-23,RB,RB2210,-0.01666666666666672,0.00572292713073276,1.0,-0.01666666666666672,-0.01716666666666672
2022-06-27,2022-06-24,AG,AG2212,0.026362428001772242,-0.0028945758596878456,0.0,0.0,0.0
2022-06-27,2022-06-24,AU,AU2212,0.0076045627376426506,-0.0004975323198218038,0.0,0.0,0.0
2022-06-27,2022-06-24,RB,RB2210,0.01956106870229002,0.006394503174140724,1.0,0.01956106870229002,0.019061068702290018
2022-06-28,2022-06-27,AG,AG2212,-0.0038918918918918743,-0.00397096124857168,0.0,-0.0,-0.0
2022-06-28,2022-06-27,AU,AU2212,-0.004083484573502716,-0.0004931793711035762,0.0,-0.0,-0.0
2022-06-28,2022-06-27,RB,RB2210,0.01612149532710272,0.000757268661188981,0.0,0.0,0.0
2022-06-29,2022-06-28,AG,AG2212,-0.015013054830287254,-0.0018126475590324724,0.0,-0.0,-0.0
2022-06-29,2022-06-28,AU,AU2212,-0.002175012645422303,-0.0019650974781295,0.0,-0.0,-0.0
2022-06-29,2022-06-28,RB,RB2210,0.0022988505747125743,0.0012972125324203754,0.0,0.0,0.0
2022-06-30,2022-06-29,AG,AG2212,-0.008333333333333304,-0.0026465489170523597,0.0,-0.0,-0.0
2022-06-30,2022-06-29,AU,AU2212,-0.007657430730478643,0.0006874502490431075,0.0,-0.0,-0.0
2022-06-30,2022-06-29,RB,RB2210,-0.0009128251939753973,0.00023800653642149102,0.0,-0.0,-0.0
2022-07-01,2022-06-30,AG,AG2212,-0.03246608850344679,0.007982269559194035,0.0,-0.0,-0.0
2022-07-01,2022-06-30,AU,AU2212,-0.011845102505694816,0.008127390591871423,1.0,-0.011845102505694816,-0.012345102505694816
2022-07-01,2022-06-30,RB,RB2210,-0.019540229885057436,0.0055875628695317685,1.0,-0.019540229885057436,-0.020040229885057437
2022-07-04,2022-07-01,AG,AG2212,0.010037348272642355,-0.009288823439094976,-1.0,-0.010037348272642355,-0.010537348272642355
2022-07-04,2022-07-01,AU,AU2212,0.009831171505044312,0.004145471453162421,0.0,0.0,0.0
2022-07-04,2022-07-01,RB,RB2210,-0.023887587822014056,-0.007952675909408126,-1.0,0.023887587822014056,0.023387587822014055
2022-07-05,2022-07-04,AG,AG2212,0.013179190751445136,-0.021068406486642693,-1.0,-0.013179190751445136,-0.013679190751445136
2022-07-05,2022-07-04,AU,AU2212,0.0011747280249247982,-0.0058779355029567265,-1.0,-0.0011747280249247982,-0.0016747280249247982
2022-07-05,2022-07-04,RB,RB2210,0.013875598086124485,0.0011818475818001068,0.0,0.0,0.0
2022-07-06,2022-07-05,AG,AG2212,-0.02692130694891859,-0.00039133374303813883,0.0,-0.0,-0.0
2022-07-06,2022-07-05,AU,AU2212,-0.018441890166028152,-0.0012963099982245799,0.0,-0.0,-0.0
2022-07-06,2022-07-05,RB,RB2210,0.011195807527393908,0.0028048208160861244,0.0,0.0,0.0
2022-07-07,2022-07-06,AG,AG2212,-0.0007067137809186885,-0.014607690533314134,-1.0,0.0007067137809186885,0.00020671378091868852
2022-07-07,2022-07-06,AU,AU2212,-0.013027618551328835,-0.0026158228033201568,0.0,-0.0,-0.0
2022-07-07,2022-07-06,RB,RB2210,-0.009647058823529453,-0.011479540478336426,-1.0,0.009647058823529453,0.009147058823529453
2022-07-08,2022-07-07,AG,AG2212,-0.0040000000000000036,0.005776236562051806,0.0,-0.0,-0.0
2022-07-08,2022-07-07,AU,AU2212,0.0012169312169312274,-0.00220254267506249,0.0,0.0,0.0
2022-07-08,2022-07-07,RB,RB2210,-0.007803263182785569,0.0013161247532412594,0.0,-0.0,-0.0
2022-07-11,2022-07-08,AG,AG2212,0.0028436018957345155,0.0016733311219547082,0.0,0.0,0.0
2022-07-11,2022-07-08,AU,AU2212,0.0024363116360361925,-0.002061634103345712,0.0,0.0,0.0
2022-07-11,2022-07-08,RB,RB2210,-0.03503336510962818,0.004512900887175827,1.0,-0.03503336510962818,-0.03553336510962818
2022-07-12,2022-07-11,AG,AG2212,-0.008714083843617493,-0.0030538952300870202,0.0,-0.0,-0.0
2022-07-12,2022-07-11,AU,AU2212,-0.000845397865370412,-0.002970321225699511,0.0,-0.0,-0.0
2022-07-12,2022-07-11,RB,RB2301,-0.03474999999999995,-0.005357123065455155,-1.0,0.03474999999999995,0.03424999999999995
2022-07-13,2022-07-12,AG,AG2212,0.0007158196134573469,0.003655914085061849,0.0,0.0,0.0
2022-07-13,2022-07-12,AU,AU2212,-0.0058231868713605195,-8.95700657352387e-05,0.0,-0.0,-0.0
2022-07-13,2022-07-12,RB,RB2301,-0.002077922077922123,0.0013736676276925057,0.0,-0.0,-0.0
2022-07-14,2022-07-13,AG,AG2212,0.005507662835249061,-0.0037484287469276324,0.0,0.0,0.0
2022-07-14,2022-07-13,AU,AU2212,0.006422263848006482,-0.0015635082088865193,0.0,0.0,0.0
2022-07-14,2022-07-13,RB,RB2210,-0.011603919546157804,-0.002786020694666686,0.0,-0.0,-0.0
2022-07-15,2022-07-14,AG,AG2212,-0.019029031471090474,-0.0061924110882987955,0.0,-0.0,-0.0
2022-07-15,2022-07-14,AU,AU2212,-0.00426689423435922,-0.011859200257515263,-1.0,0.00426689423435922,0.0037668942343592198
2022-07-15,2022-07-14,RB,RB2210,-0.055028962611901044,-0.009732995155231332,-1.0,0.055028962611901044,0.054528962611901044
2022-07-18,2022-07-15,AG,AG2212,0.013427734375,-0.03266483481969618,-1.0,-0.013427734375,-0.013927734375
2022-07-18,2022-07-15,AU,AU2212,0.0034252073856035903,-0.0057154025162333396,-1.0,-0.0034252073856035903,-0.003925207385603591
2022-07-18,2022-07-15,RB,RB2210,0.046801440044309084,-0.01295917321264364,-1.0,-0.046801440044309084,-0.047301440044309084
2022-07-19,2022-07-18,AG,AG2212,-0.0048181161165984365,0.01985061018638462,1.0,-0.0048181161165984365,-0.005318116116598437
2022-07-19,2022-07-18,AU,AU2212,-0.002933802741772129,0.0013709679281168681,0.0,-0.0,-0.0
2022-07-19,2022-07-18,RB,RB2210,-0.003958828186856667,0.007274105708398613,1.0,-0.003958828186856667,-0.004458828186856667
2022-07-20,2022-07-19,AU,AU2212,-0.0006955963400930854,-0.00012696178441443885,0.0,-0.0,-0.0
2022-07-20,2022-07-19,RB,RB2210,0.016724183700557393,0.00273669089596266,0.0,0.0,0.0
2022-07-21,2022-07-20,AG,AG2212,-0.007462686567164201,0.001757016469430408,0.0,-0.0,-0.0
2022-07-21,2022-07-20,AU,AU2212,-0.010051325919589349,-0.00016157672679329859,0.0,-0.0,-0.0
2022-07-21,2022-07-20,RB,RB2210,0.0020925974365682,-0.0020939266593246408,0.0,0.0,0.0
2022-07-22,2022-07-21,AG,AG2212,0.009413468501086264,0.0022886538123306137,0.0,0.0,0.0
2022-07-22,2022-07-21,AU,AU2212,0.006101150655606125,0.0019461747280485886,0.0,0.0,0.0
2022-07-22,2022-07-21,RB,RB2210,0.016578947368421026,-0.0019828927714328538,0.0,0.0,0.0
2022-07-25,2022-07-22,AG,AG2212,-0.0074198180947822046,0.00453971609681705,0.0,-0.0,-0.0
2022-07-25,2022-07-22,AU,AU2212,0.0013805554080603688,0.01670586138938604,1.0,0.0013805554080603688,0.0008805554080603688
2022-07-25,2022-07-22,RB,RB2210,-0.0015523932729625267,-0.0071387033519924965,-1.0,0.0015523932729625267,0.0010523932729625267
2022-07-26,2022-07-25,AG,AG2212,0.0021723388848660097,-0.0009670450353032575,0.0,0.0,0.0
2022-07-26,2022-07-25,AU,AU2212,0.0013795298986576388,0.0023469572016462923,0.0,0.0,0.0
2022-07-26,2022-07-25,RB,RB2210,0.005950840879689556,0.00041100225569101116,0.0,0.0,0.0
2022-07-27,2022-07-26,AG,AG2212,0.0050675675675675436,-0.0006816837339736302,0.0,0.0,0.0
2022-07-27,2022-07-26,AU,AU2212,0.0006376195536663687,-0.000572623894715777,0.0,0.0,0.0
2022-07-27,2022-07-26,RB,RB2210,0.0053915275994864675,0.0014443980107481686,0.0,0.0,0.0
2022-07-28,2022-07-27,AG,AG2212,0.033508855911919655,-0.0013186032742571094,0.0,0.0,0.0
2022-07-28,2022-07-27,AU,AU2212,0.012283967030045195,-0.0021913439424973763,0.0,0.0,0.0
2022-07-28,2022-07-27,RB,RB2210,0.037586295065200614,0.0016287496217040347,0.0,0.0,0.0
2022-07-29,2022-07-28,AG,AG2212,0.022222222222222143,0.0036273466979268787,0.0,0.0,0.0
2022-07-29,2022-07-28,AU,AU2212,0.011527377521613813,-0.001743837567804135,0.0,0.0,0.0
2022-07-29,2022-07-28,RB,RB2210,-0.008436724565756837,-0.0011844729164855892,0.0,-0.0,-0.0
2022-08-01,2022-07-29,AG,AG2212,0.0038409399005874256,0.014757672888592225,1.0,0.0038409399005874256,0.0033409399005874256
2022-08-01,2022-07-29,AU,AU2212,0.004530542102796353,0.0038346961096656185,0.0,0.0,0.0
2022-08-01,2022-07-29,RB,RB2210,0.022483137646764906,-0.005202008949444975,-1.0,-0.022483137646764906,-0.022983137646764906
2022-08-02,2022-08-01,AG,AG2212,-0.0024597495527728386,-0.009090371564956906,0.0,-0.0,-0.0
2022-08-02,2022-08-01,AU,AU2212,0.0029896907216495627,-0.006091753311603511,-1.0,-0.0029896907216495627,-0.0034896907216495627
2022-08-02,2022-08-01,RB,RB2210,0.00835380835380839,0.0017918939022485132,0.0,0.0,0.0
2022-08-03,2022-08-02,AG,AG2212,-0.01805617476593846,0.0062758069566142905,0.0,-0.0,-0.0
2022-08-03,2022-08-02,AU,AU2212,-0.010475217169136353,0.006076435949221477,1.0,-0.010475217169136353,-0.010975217169136353
2022-08-03,2022-08-02,RB,RB2210,-0.0068442923490589225,-0.0050534718077305165,-1.0,0.0068442923490589225,0.006344292349058922
2022-08-04,2022-08-03,AG,AG2212,-0.005620503597122295,0.0063342103181787445,0.0,-0.0,-0.0
2022-08-04,2022-08-03,AU,AU2212,-0.0006698268755154224,0.008591663583438004,1.0,-0.0006698268755154224,-0.0011698268755154224
2022-08-04,2022-08-03,RB,RB2210,-0.0233128834355828,-0.003055512242999144,0.0,-0.0,-0.0
2022-08-05,2022-08-04,AG,AG2212,0.006076975016880537,0.007346746800091497,0.0,0.0,0.0
2022-08-05,2022-08-04,AU,AU2212,0.003695529435918443,0.0021583193979953508,0.0,0.0,0.0
2022-08-05,2022-08-04,RB,RB2210,0.014580191050779234,0.002779571990120119,0.0,0.0,0.0
2022-08-08,2022-08-05,AG,AG2212,0.010574712643678152,0.003403939366361722,0.0,0.0,0.0
2022-08-08,2022-08-05,AU,AU2212,0.004185181357858836,0.004095712938420406,0.0,0.0,0.0
2022-08-08,2022-08-05,RB,RB2210,0.023762376237623783,-0.00039606613210202706,0.0,0.0,0.0
2022-08-09,2022-08-08,AG,AG2212,0.01460017969451921,-0.029211294235762367,-1.0,-0.01460017969451921,-0.015100179694519211
2022-08-09,2022-08-08,AU,AU2212,0.0018987991378425217,-0.008047016649410465,-1.0,-0.0018987991378425217,-0.0023987991378425218
2022-08-09,2022-08-08,RB,RB2210,-0.009927360774818372,0.0007904264893357994,0.0,-0.0,-0.0
2022-08-10,2022-08-09,AG,AG2212,-0.0070796460176991705,0.012623265537950056,1.0,-0.0070796460176991705,-0.007579646017699171
2022-08-10,2022-08-09,AU,AU2212,-0.0015824400204186295,0.00162346877702888,0.0,-0.0,-0.0
2022-08-10,2022-08-09,RB,RB2210,-0.00562484715089262,-0.0010015877799817593,0.0,-0.0,-0.0
2022-08-11,2022-08-10,AG,AG2212,-0.004423800044238035,0.00047875791572744836,0.0,-0.0,-0.0
2022-08-11,2022-08-10,AU,AU2212,-0.006984450675503462,0.0023194444973530658,0.0,-0.0,-0.0
2022-08-11,2022-08-10,RB,RB2301,0.00356597045338769,0.004917163420723605,1.0,0.00356597045338769,0.00306597045338769
2022-08-12,2022-08-11,AG,AG2212,-0.0033311125916055673,0.005798017932845301,0.0,-0.0,-0.0
2022-08-12,2022-08-11,AU,AU2212,0.0004603109656300397,0.0021976347336171366,0.0,0.0,0.0
2022-08-12,2022-08-11,RB,RB2210,0.007770762506071005,0.008094848532638275,1.0,0.007770762506071005,0.007270762506071005
2022-08-15,2022-08-12,AG,AG2212,0.008904719501335645,0.0003603152503929572,0.0,0.0,0.0
2022-08-15,2022-08-12,AU,AU2212,0.0019937631000459533,0.002388555633589044,0.0,0.0,0.0
2022-08-15,2022-08-12,RB,RB2210,0.0014563106796117165,0.0017050576146765827,0.0,0.0,0.0
2022-08-16,2022-08-15,AG,AG2212,-0.0008970621215519392,0.000973229866754606,0.0,-0.0,-0.0
2022-08-16,2022-08-15,RB,RB2210,0.015403422982884996,-0.007974128895341579,-1.0,-0.015403422982884996,-0.015903422982884996
2022-08-17,2022-08-16,AG,AG2212,0.005889014722536778,-0.014780159588981505,-1.0,-0.005889014722536778,-0.006389014722536779
2022-08-17,2022-08-16,AU,AU2212,-0.00030767652940877355,-0.0027051819108844122,0.0,-0.0,-0.0
2022-08-17,2022-08-16,RB,RB2210,-0.04014423076923079,-0.0060930422632688545,-1.0,0.04014423076923079,0.03964423076923079
2022-08-18,2022-08-17,AG,AG2212,-0.01566401816118046,-0.006352720437907034,0.0,-0.0,-0.0
2022-08-18,2022-08-17,AU,AU2212,-0.004824966635868955,-0.0027250514828306522,0.0,-0.0,-0.0
2022-08-18,2022-08-17,RB,RB2210,0.009492880339745158,0.001727197694530386,0.0,0.0,0.0
2022-08-19,2022-08-18,AG,AG2212,-0.0182648401826484,-0.008481764947708456,0.0,-0.0,-0.0
2022-08-19,2022-08-18,AU,AU2212,-0.002676273803396856,-0.000528909117373426,0.0,-0.0,-0.0
2022-08-19,2022-08-18,RB,RB2210,-0.029876543209876538,0.002359681518059707,0.0,-0.0,-0.0
2022-08-22,2022-08-19,AG,AG2212,-0.007460946607600882,0.010237896625817644,1.0,-0.007460946607600882,-0.007960946607600883
2022-08-22,2022-08-19,AU,AU2212,-0.0042278937870584565,0.0018452952643882193,0.0,-0.0,-0.0
2022-08-22,2022-08-19,RB,RB2210,0.015704154002026405,0.0023522043535076603,0.0,0.0,0.0
2022-08-23,2022-08-22,AG,AG2212,0.009933774834437026,-0.002233297566977089,0.0,0.0,0.0
2022-08-23,2022-08-22,AU,AU2212,0.0051904910204505494,0.0006897898323488613,0.0,0.0,0.0
2022-08-23,2022-08-22,RB,RB2210,0.011735330836454505,0.004078887557838107,1.0,0.011735330836454505,0.011235330836454505
2022-08-24,2022-08-23,AG,AG2212,0.011737089201877993,-0.006538786328601036,0.0,0.0,0.0
2022-08-24,2022-08-23,AU,AU2212,0.007656888612965096,-0.001759106147460214,0.0,0.0,0.0
2022-08-24,2022-08-23,RB,RB2210,0.007893438579181122,-0.0007565542976871051,0.0,0.0,0.0
2022-08-25,2022-08-24,AG,AG2212,0.005568445475637951,-0.002222242759917398,0.0,0.0,0.0
2022-08-25,2022-08-24,AU,AU2212,0.00467866323907451,-0.0014185018602231212,0.0,0.0,0.0
2022-08-25,2022-08-24,RB,RB2210,-0.009048667155783785,0.00032233674795319157,0.0,-0.0,-0.0
2022-08-26,2022-08-25,AU,AU2212,0.001177012435392255,-0.0009089039438091856,0.0,0.0,0.0
2022-08-26,2022-08-25,RB,RB2210,0.011105626850937744,0.0004993493573772134,0.0,0.0,0.0
2022-08-29,2022-08-26,AG,AG2212,-0.02036094400740396,-0.0022408889914128766,0.0,-0.0,-0.0
2022-08-29,2022-08-26,RB,RB2305,-0.027617043661230967,0.0008609070533842474,0.0,-0.0,-0.0
2022-08-30,2022-08-29,AG,AG2212,-0.003051643192488296,0.0014943132448211522,0.0,-0.0,-0.0
2022-08-30,2022-08-29,AU,AU2212,-0.0011289577667162876,-0.007646635873594098,-1.0,0.0011289577667162876,0.0006289577667162875
2022-08-30,2022-08-29,RB,RB2210,-0.022698612862547263,0.0016822867028034236,0.0,-0.0,-0.0
2022-08-31,2022-08-30,AG,AG2212,-0.006619385342789608,0.004553773612516066,0.0,-0.0,-0.0
2022-08-31,2022-08-30,AU,AU2212,-0.004323211528564075,0.0035713660859690416,0.0,-0.0,-0.0
2022-08-31,2022-08-30,RB,RB2301,0.0073972602739726945,0.006398911757080864,1.0,0.0073972602739726945,0.006897260273972694
2022-09-01,2022-08-31,AG,AG2212,-0.004349927501208328,-0.003706753080657438,0.0,-0.0,-0.0
2022-09-01,2022-08-31,AU,AU2212,-0.003428393330216606,-0.0016225121458906253,0.0,-0.0,-0.0
2022-09-01,2022-08-31,RB,RB2301,-0.014076881429344934,-0.007143616462455172,-1.0,0.014076881429344934,0.013576881429344934
2022-09-02,2022-09-01,AG,AG2212,0.011181332036946934,-0.0185123450901194,-1.0,-0.011181332036946934,-0.011681332036946934
2022-09-02,2022-09-01,AU,AU2212,0.00047017030613316635,-0.00666801811169627,-1.0,-0.00047017030613316635,-0.0009701703061331664
2022-09-02,2022-09-01,RB,RB2301,0.0024807056229327884,0.01383803837373956,1.0,0.0024807056229327884,0.0019807056229327884
2022-09-05,2022-09-02,AG,AG2212,0.004795013186286168,-0.0015754560704561132,0.0,0.0,0.0
2022-09-05,2022-09-02,AU,AU2212,0.006137841352405804,-0.0025325279848601207,0.0,0.0,0.0
2022-09-05,2022-09-02,RB,RB2301,0.011232876712328865,-0.009564643828679506,-1.0,-0.011232876712328865,-0.011732876712328866
2022-09-06,2022-09-05,AG,AG2212,0.0064239828693790635,0.0028249622427097146,0.0,0.0,0.0
2022-09-06,2022-09-05,AU,AU2212,0.003715745471435161,0.004104639709310293,0.0,0.0,0.0
2022-09-06,2022-09-05,RB,RB2301,-0.004045307443365731,0.007655454060010626,1.0,-0.004045307443365731,-0.0045453074433657314
2022-09-07,2022-09-06,AG,AG2212,-0.005938242280285055,0.0017143783764532502,0.0,-0.0,-0.0
2022-09-07,2022-09-06,AU,AU2212,-0.003713254254770537,0.0012037824611937338,0.0,-0.0,-0.0
2022-09-07,2022-09-06,RB,RB2301,-0.006222943722943741,0.006530494344996358,1.0,-0.006222943722943741,-0.006722943722943742
2022-09-08,2022-09-07,AG,AG2212,0.012378005236848288,-0.005077193074678192,0.0,0.0,0.0
2022-09-08,2022-09-07,AU,AU2212,0.007241504163864709,-0.0030544287241672284,0.0,0.0,0.0
2022-09-08,2022-09-07,RB,RB2301,0.010048886474741892,0.0015975373824506293,0.0,0.0,0.0
2022-09-09,2022-09-08,AG,AG2212,0.02293686450697563,0.0037362760410844906,0.0,0.0,0.0
2022-09-09,2022-09-08,AU,AU2212,0.0027287236781134983,0.0007550163882299982,0.0,0.0,0.0
2022-09-09,2022-09-08,RB,RB2301,0.01635388739946375,0.004472211481040982,1.0,0.01635388739946375,0.01585388739946375
2022-09-13,2022-09-09,AG,AG2212,-0.007555555555555538,-0.006315301199018806,0.0,-0.0,-0.0
2022-09-13,2022-09-09,AU,AU2212,0.0005135315565143461,-0.0027724960833124847,0.0,0.0,0.0
2022-09-13,2022-09-09,RB,RB2301,-0.0002635046113307338,0.0038860584156422506,1.0,-0.0002635046113307338,-0.0007635046113307338
2022-09-14,2022-09-13,AG,AG2212,-0.004072398190045234,0.022926710007196476,1.0,-0.004072398190045234,-0.004572398190045235
2022-09-14,2022-09-13,AU,AU2212,0.0001549826935991483,-6.703241115693463e-05,0.0,0.0,0.0
2022-09-14,2022-09-13,RB,RB2301,-0.007692307692307665,0.0008390183774293494,0.0,-0.0,-0.0
2022-09-15,2022-09-14,AG,AG2212,-0.009903218546027492,-0.012113420235326425,-1.0,0.009903218546027492,0.009403218546027492
2022-09-15,2022-09-14,AU,AU2212,-0.0071645791454048036,-0.007920053059032246,-1.0,0.0071645791454048036,0.006664579145404803
2022-09-15,2022-09-14,RB,RB2301,-0.006141522029372459,-0.008674245043638666,-1.0,0.006141522029372459,0.005641522029372459
2022-09-16,2022-09-15,AG,AG2212,-0.015127568299841965,0.008206121740324911,0.0,-0.0,-0.0
2022-09-16,2022-09-15,AU,AU2212,-0.006783698410232519,0.002270557002859701,0.0,-0.0,-0.0
2022-09-16,2022-09-15,RB,RB2301,-0.006469002695417836,0.0017950449533994531,0.0,-0.0,-0.0
2022-09-19,2022-09-16,AG,AG2212,0.00847069597069594,0.008665458349939212,0.0,0.0,0.0
2022-09-19,2022-09-16,AU,AU2212,0.002292741389192887,0.0038296919285127893,0.0,0.0,0.0
2022-09-19,2022-09-16,RB,RB2301,0.00189753320683117,-0.004443436268623018,-1.0,-0.00189753320683117,-0.00239753320683117
2022-09-20,2022-09-19,AG,AG2212,0.004995458673932696,0.001521162481298412,0.0,0.0,0.0
2022-09-20,2022-09-19,AU,AU2212,0.003276301419730565,0.0006578322305988386,0.0,0.0,0.0
2022-09-20,2022-09-19,RB,RB2301,-0.010546241211465635,0.0009224459690614807,0.0,-0.0,-0.0
2022-09-21,2022-09-20,AG,AG2212,0.01207289293849656,-0.0001993490357952005,0.0,0.0,0.0
2022-09-21,2022-09-20,AU,AU2212,0.003891252464459871,-0.00029976900635579097,0.0,0.0,0.0
2022-09-21,2022-09-20,RB,RB2301,0.0024623803009575784,0.0007030501878847653,0.0,0.0,0.0
2022-09-22,2022-09-21,AG,AG2212,-0.0035634743875277985,-0.007189496868715016,0.0,-0.0,-0.0
2022-09-22,2022-09-21,AU,AU2212,-0.0026867830939339976,-0.0009289898133785611,0.0,-0.0,-0.0
2022-09-22,2022-09-21,RB,RB2301,0.027285129604365688,-0.0012301282615970561,0.0,0.0,0.0
2022-09-23,2022-09-22,AG,AG2212,0.00022021581149522795,0.013233840258142386,1.0,0.00022021581149522795,-0.00027978418850477206
2022-09-23,2022-09-22,AU,AU2212,-0.0014425553838227634,0.0002683778800804689,0.0,-0.0,-0.0
2022-09-23,2022-09-22,RB,RB2301,-0.0013259082471492878,0.00034674310987996927,0.0,-0.0,-0.0
2022-09-26,2022-09-23,AG,AG2212,-0.014898419864559864,0.015586312938920153,1.0,-0.014898419864559864,-0.015398419864559865
2022-09-26,2022-09-23,AU,AU2212,-0.0016103896103896176,0.0059127812794487105,1.0,-0.0016103896103896176,-0.0021103896103896176
2022-09-26,2022-09-23,RB,RB2301,0.0077623126338328685,0.0013616722428997307,0.0,0.0,0.0
2022-09-27,2022-09-26,AG,AG2212,-0.010227272727272751,-0.037468323207814444,-1.0,0.010227272727272751,0.009727272727272751
2022-09-27,2022-09-26,AU,AU2212,-0.0001558684470307492,-0.010766248172399224,-1.0,0.0001558684470307492,-0.0003441315529692508
2022-09-27,2022-09-26,RB,RB2301,0.016423841059602706,-0.009028123417016845,-1.0,-0.016423841059602706,-0.016923841059602707
2022-09-28,2022-09-27,AG,AG2212,-0.019917582417582458,0.009029352449181963,0.0,-0.0,-0.0
2022-09-28,2022-09-27,AU,AU2212,0.002077382498052227,0.0016223171414475376,0.0,0.0,0.0
2022-09-28,2022-09-27,RB,RB2301,-0.005980239209568361,0.0030376879688936887,0.0,-0.0,-0.0
2022-09-29,2022-09-28,AG,AG2212,0.01504629629629628,0.0035482319680117886,0.0,0.0,0.0
2022-09-29,2022-09-28,AU,AU2212,0.004899938106045054,0.0006559559386372218,0.0,0.0,0.0
2022-09-29,2022-09-28,RB,RB2301,0.00026075619295951036,0.001720043005812521,0.0,0.0,0.0
2022-09-30,2022-09-29,AG,AG2212,0.010045662100456543,0.012860532320655454,1.0,0.010045662100456543,0.009545662100456542
2022-09-30,2022-09-29,AU,AU2212,0.007319964946646662,0.007303603796915781,1.0,0.007319964946646662,0.006819964946646662
2022-09-30,2022-09-29,RB,RB2301,-0.009645464025026085,0.0028809651958416472,0.0,-0.0,-0.0
2022-10-10,2022-09-30,AG,AG2212,-0.007860262008733576,-0.0011916754952706503,0.0,-0.0,-0.0
2022-10-10,2022-09-30,AU,AU2212,-0.011959798994974902,-0.004848483791404715,-1.0,0.011959798994974902,0.011459798994974901
2022-10-10,2022-09-30,RB,RB2305,0.0061662198391421175,0.00089422586506573,0.0,0.0,0.0
2022-10-11,2022-10-10,AG,AG2212,-0.010065645514223176,0.01927480795196278,1.0,-0.010065645514223176,-0.010565645514223176
2022-10-11,2022-10-10,AU,AU2212,0.00030565461029041785,0.013697963382864034,1.0,0.00030565461029041785,-0.00019434538970958216
2022-10-11,2022-10-10,RB,RB2301,-0.027319587628865993,0.004638403929886472,1.0,-0.027319587628865993,-0.027819587628865994
2022-10-12,2022-10-11,AG,AG2212,-0.008392226148409843,0.004588895632186987,0.0,-0.0,-0.0
2022-10-12,2022-10-11,AU,AU2212,0.0023973476154042217,-0.0013821660684290088,0.0,0.0,0.0
2022-10-12,2022-10-11,RB,RB2301,-0.007403490216816522,0.0014275486966189525,0.0,-0.0,-0.0
2022-10-13,2022-10-12,AG,AG2212,-0.00827185334227587,0.0008269903640354321,0.0,-0.0,-0.0
2022-10-13,2022-10-12,AU,AU2212,-0.0009659870862779307,-0.0014246494074365618,0.0,-0.0,-0.0
2022-10-13,2022-10-12,RB,RB2301,-0.009323388385721887,0.002399699618720548,0.0,-0.0,-0.0
2022-10-14,2022-10-13,AG,AG2212,0.015296803652967927,-0.0030967139787867813,0.0,0.0,0.0
2022-10-14,2022-10-13,AU,AU2212,0.002349936143039688,0.0005715195266245489,0.0,0.0,0.0
2022-10-14,2022-10-13,RB,RB2305,0.011666666666666714,0.005622768420286407,1.0,0.011666666666666714,0.011166666666666714
2022-10-17,2022-10-14,AG,AG2212,-0.009072352007257867,-0.015331115230505343,-1.0,0.009072352007257867,0.008572352007257866
2022-10-17,2022-10-14,AU,AU2212,-0.0036252233852438476,-0.005493384777574589,-1.0,0.0036252233852438476,0.0031252233852438476
2022-10-17,2022-10-14,RB,RB2301,-0.022086216072378928,-0.002845532520566346,0.0,-0.0,-0.0
2022-10-18,2022-10-17,AG,AG2212,-0.002031602708803648,-0.010416103728454973,-1.0,0.002031602708803648,0.0015316027088036481
2022-10-18,2022-10-17,AU,AU2212,-0.004838545380462578,-0.001833445236518406,0.0,-0.0,-0.0
2022-10-18,2022-10-17,RB,RB2301,0.0008163265306122547,-0.00034953844946719294,0.0,0.0,0.0
2022-10-19,2022-10-18,AG,AG2212,-0.007688828584350937,0.010579106613572418,1.0,-0.007688828584350937,-0.008188828584350938
2022-10-19,2022-10-18,AU,AU2212,-0.0033716475095785237,0.005220065787131653,1.0,-0.0033716475095785237,-0.0038716475095785237
2022-10-19,2022-10-18,RB,RB2305,-0.006431767337807592,-0.003574101962130366,-1.0,0.006431767337807592,0.005931767337807592
2022-10-20,2022-10-19,AG,AG2212,-0.001599268905643103,0.00016548797225306318,0.0,-0.0,-0.0
2022-10-20,2022-10-19,AU,AU2212,-0.004769719971278952,0.00126922687809465,0.0,-0.0,-0.0
2022-10-20,2022-10-19,RB,RB2301,-0.013991769547325061,0.0012968997475155035,0.0,-0.0,-0.0
2022-10-21,2022-10-20,AG,AG2212,0.0013704888076746524,-0.0019487650331830512,0.0,0.0,0.0
2022-10-21,2022-10-20,AU,AU2212,-0.003138828856643072,-0.0005139926237743583,0.0,-0.0,-0.0
2022-10-21,2022-10-20,RB,RB2301,0.008333333333333304,-0.0007293995200109004,0.0,0.0,0.0
2022-10-24,2022-10-21,AG,AG2212,0.036040145985401395,0.001739292237109488,0.0,0.0,0.0
2022-10-24,2022-10-21,AU,AU2212,0.00764612305639667,0.0011952575288743448,0.0,0.0,0.0
2022-10-24,2022-10-21,RB,RB2301,-0.0019289060347202902,0.0019649187500927587,0.0,-0.0,-0.0
2022-10-25,2022-10-24,AG,AG2306,0.007236842105263097,0.004397649862498906,0.0,0.0,0.0
2022-10-25,2022-10-24,AU,AU2212,0.001474926253687281,0.008367466236679166,1.0,0.001474926253687281,0.0009749262536872809
2022-10-25,2022-10-24,RB,RB2301,-0.011341632088520015,-0.00031892913193345995,0.0,-0.0,-0.0
2022-10-26,2022-10-25,AG,AG2212,0.022591362126245906,0.0017420316894838867,0.0,0.0,0.0
2022-10-26,2022-10-25,AU,AU2212,0.0003049555273189064,0.0012037309957285585,0.0,0.0,0.0
2022-10-26,2022-10-25,RB,RB2301,0.0016787912702853625,-0.0020283211834777907,0.0,0.0,0.0
2022-10-27,2022-10-26,AG,AG2212,-0.0006568863586599027,-0.016512967877939932,-1.0,0.0006568863586599027,0.00015688635865990274
2022-10-27,2022-10-26,AU,AU2212,0.0025529742149603685,-0.0007295692131321487,0.0,0.0,0.0
2022-10-27,2022-10-26,RB,RB2305,-0.00457142857142856,0.002255515619834864,0.0,-0.0,-0.0
2022-10-28,2022-10-27,AG,AG2212,-0.0015277171540811763,-0.009314827575239304,-1.0,0.0015277171540811763,0.0010277171540811762
2022-10-28,2022-10-27,AU,AU2212,0.00020371785077655247,-0.004461855688083318,0.0,0.0,0.0
2022-10-31,2022-10-28,AG,AG2212,-0.006147091108671843,0.0036675114123468143,0.0,-0.0,-0.0
2022-10-31,2022-10-28,RB,RB2301,-0.02664756446991401,-0.0017473093741142813,0.0,-0.0,-0.0
2022-11-01,2022-10-31,AG,AG2306,0.024202420242024125,-0.006691206963842353,0.0,0.0,0.0
2022-11-01,2022-10-31,RB,RB2305,0.026970332634102423,-0.0036188508752626903,-1.0,-0.026970332634102423,-0.027470332634102423
2022-11-02,2022-11-01,RB,RB2301,0.0,-0.002227128672949387,0.0,0.0,0.0
2022-11-03,2022-11-02,AG,AG2306,-0.016470588235294126,0.010745675628302554,1.0,-0.016470588235294126,-0.016970588235294126
2022-11-03,2022-11-02,RB,RB2305,0.00320699708454808,0.0026501773727154398,0.0,0.0,0.0
2022-11-04,2022-11-03,AG,AG2306,0.02852720035382572,0.010749361063093536,1.0,0.02852720035382572,0.02802720035382572
2022-11-04,2022-11-03,RB,RB2301,0.02033801203093666,-0.0042835878658965525,-1.0,-0.02033801203093666,-0.02083801203093666
2022-11-07,2022-11-04,AG,AG2306,0.009957627118644119,-0.04245493370162408,-1.0,-0.009957627118644119,-0.01045762711864412
2022-11-07,2022-11-04,RB,RB2301,-0.013947001394700176,-0.004246513721919757,-1.0,0.013947001394700176,0.013447001394700175
2022-11-08,2022-11-07,AG,AG2306,0.01130416579443172,0.04340637165098642,1.0,0.01130416579443172,0.01080416579443172
2022-11-08,2022-11-07,RB,RB2301,0.008757062146892647,0.006877002618336818,1.0,0.008757062146892647,0.008257062146892646
2022-11-09,2022-11-08,AG,AG2306,0.02789256198347112,0.006286674555408286,0.0,0.0,0.0
2022-11-09,2022-11-08,RB,RB2301,0.005320638476617123,0.0010826345662623645,0.0,0.0,0.0
2022-11-10,2022-11-09,AG,AG2306,-0.002618328298086614,0.005583705468812059,0.0,-0.0,-0.0
2022-11-10,2022-11-09,RB,RB2305,-0.010979729729729715,0.00040979069139987577,0.0,-0.0,-0.0
2022-11-11,2022-11-10,AG,AG2306,0.01760420882233915,-0.00555254837365075,0.0,0.0,0.0
2022-11-11,2022-11-10,RB,RB2301,0.03265190232822257,-0.0030272317616745694,0.0,0.0,0.0
2022-11-14,2022-11-11,AG,AG2306,-0.014835605453087375,-0.006064283447629852,0.0,-0.0,-0.0
2022-11-14,2022-11-11,AU,AU2306,-0.010396233817183131,0.0005940005959411984,0.0,-0.0,-0.0
2022-11-14,2022-11-11,RB,RB2301,0.00302447071762435,-0.0057315708151233795,-1.0,-0.00302447071762435,-0.00352447071762435
2022-11-15,2022-11-14,AG,AG2306,0.012776313121070748,-0.02099445189242348,-1.0,-0.012776313121070748,-0.013276313121070749
2022-11-15,2022-11-14,RB,RB2305,0.00909592061742015,0.007275040296123426,1.0,0.00909592061742015,0.00859592061742015
2022-11-16,2022-11-15,AG,AG2306,-0.00740889066880257,0.006451055266250406,0.0,-0.0,-0.0
2022-11-16,2022-11-15,RB,RB2301,0.011351351351351457,0.0013346379649979048,0.0,0.0,0.0
2022-11-17,2022-11-16,RB,RB2301,-0.005869797225186768,0.0019077985854943171,0.0,-0.0,-0.0
2022-11-18,2022-11-17,AG,AG2306,-0.004268292682926833,0.015698247441887924,1.0,-0.004268292682926833,-0.0047682926829268335
2022-11-18,2022-11-17,RB,RB2301,-0.0008066684592632489,0.0015045527189404412,0.0,-0.0,-0.0
2022-11-21,2022-11-18,AG,AG2306,-0.01163027953478879,-0.0116820245057754,-1.0,0.01163027953478879,0.01113027953478879
2022-11-21,2022-11-18,RB,RB2301,-0.011045258620689613,-0.0015000019438505654,0.0,-0.0,-0.0
2022-11-22,2022-11-21,AG,AG2306,0.009102192800992892,0.0006407048537763033,0.0,0.0,0.0
2022-11-22,2022-11-21,RB,RB2301,0.0032742155525238292,-0.0009993179718855928,0.0,0.0,0.0
2022-11-23,2022-11-22,AG,AG2306,0.0008163265306122547,-0.003141854985755212,0.0,0.0,0.0
2022-11-23,2022-11-22,RB,RB2301,0.0084699453551913,-0.001353287344636331,0.0,0.0,0.0
2022-11-24,2022-11-23,AG,AG2306,0.016293279022403295,0.004504943253312817,0.0,0.0,0.0
2022-11-24,2022-11-23,RB,RB2301,-0.0037889039242219313,-0.0035452851456626608,-1.0,0.0037889039242219313,0.0032889039242219313
2022-11-25,2022-11-24,AG,AG2306,-0.0033999999999999586,0.002411458181859032,0.0,-0.0,-0.0
2022-11-25,2022-11-24,RB,RB2301,0.01521739130434785,0.0010146512261537618,0.0,0.0,0.0
2022-11-28,2022-11-25,AG,AG2306,-0.0026109660574412663,0.0023542635444830182,0.0,-0.0,-0.0
2022-11-28,2022-11-25,RB,RB2301,0.0005353319057814776,-0.00020789554292538812,0.0,0.0,0.0
2022-11-29,2022-11-28,AG,AG2306,-0.004216867469879482,-0.0012448800307944291,0.0,-0.0,-0.0
2022-11-29,2022-11-28,AU,AU2306,-0.0046934584922263545,-0.0001752305055377018,0.0,-0.0,-0.0
2022-11-29,2022-11-28,RB,RB2305,0.008928571428571397,0.0029986647339958973,0.0,0.0,0.0
2022-11-30,2022-11-29,AG,AG2306,-0.0022177419354838523,0.006882013328230054,0.0,-0.0,-0.0
2022-11-30,2022-11-29,AU,AU2306,-0.002845508511995387,0.001989791939479766,0.0,-0.0,-0.0
2022-11-30,2022-11-29,RB,RB2301,-0.0026609898882383742,0.002495048148063749,0.0,-0.0,-0.0
2022-12-01,2022-11-30,AG,AG2306,0.02950622240064238,0.0002786852753684516,0.0,0.0,0.0
2022-12-01,2022-11-30,AU,AU2306,0.005228887134964388,0.0019231793583520912,0.0,0.0,0.0
2022-12-01,2022-11-30,RB,RB2301,-0.0010649627263046302,-0.0012905397645216908,0.0,-0.0,-0.0
2022-12-02,2022-12-01,AG,AG2306,0.024199843871975046,0.017166827484661723,1.0,0.024199843871975046,0.023699843871975046
2022-12-02,2022-12-01,AU,AU2306,0.00558604468835755,-0.006971669475207292,-1.0,-0.00558604468835755,-0.00608604468835755
2022-12-02,2022-12-01,RB,RB2305,0.01763762693746651,0.012274727118900713,1.0,0.01763762693746651,0.01713762693746651
2022-12-05,2022-12-02,AG,AG2306,0.009598771357266278,-0.002300041716113961,0.0,0.0,0.0
2022-12-05,2022-12-02,AU,AU2306,-0.008104281599375263,0.003242854607025287,0.0,-0.0,-0.0
2022-12-05,2022-12-02,RB,RB2305,-0.00026281208935607925,0.007224083758353076,1.0,-0.00026281208935607925,-0.0007628120893560793
2022-12-06,2022-12-05,AG,AG2306,-0.021374045801526687,-0.02237745863620033,-1.0,0.021374045801526687,0.020874045801526686
2022-12-06,2022-12-05,AU,AU2306,-0.0065669283562929115,-0.0035518407724865948,0.0,-0.0,-0.0
2022-12-06,2022-12-05,RB,RB2305,0.002369044485390992,-0.002364376846409156,0.0,0.0,0.0
2022-12-07,2022-12-06,AG,AG2306,-0.007945736434108563,-0.00752941007077411,0.0,-0.0,-0.0
2022-12-07,2022-12-06,AU,AU2306,-0.005544828951928316,-0.006805880847440392,-1.0,0.005544828951928316,0.005044828951928315
2022-12-07,2022-12-06,RB,RB2305,-0.005521956350249768,-0.002891790695501948,0.0,-0.0,-0.0
2022-12-08,2022-12-07,AG,AG2306,0.010920436817472678,0.008175858043601898,0.0,0.0,0.0
2022-12-08,2022-12-07,AU,AU2306,0.0023369132856005947,0.005387910629750403,1.0,0.0023369132856005947,0.0018369132856005947
2022-12-08,2022-12-07,RB,RB2305,0.015339857180640015,-0.003503463733628112,-1.0,-0.015339857180640015,-0.015839857180640016
2022-12-09,2022-12-08,AG,AG2306,0.01793981481481488,0.0022949070814321636,0.0,0.0,0.0
2022-12-09,2022-12-08,AU,AU2306,0.002579237141014712,0.0014055742658908665,0.0,0.0,0.0
2022-12-09,2022-12-08,RB,RB2305,0.024675324675324628,-0.00047155329752547506,0.0,0.0,0.0
2022-12-12,2022-12-09,AU,AU2306,-0.0030599151120324075,0.0001033414432544719,0.0,-0.0,-0.0
2022-12-12,2022-12-09,RB,RB2305,-0.0025348542458808465,0.007869754735312508,1.0,-0.0025348542458808465,-0.0030348542458808465
2022-12-13,2022-12-12,AG,AG2306,0.0033783783783782884,-0.0019652107542910803,0.0,0.0,0.0
2022-12-13,2022-12-12,AU,AU2306,0.0,0.002846589427702947,0.0,0.0,0.0
2022-12-13,2022-12-12,RB,RB2310,0.0028197897974877595,0.0007010547811038248,0.0,0.0,0.0
2022-12-14,2022-12-13,AG,AG2306,0.018181818181818077,0.00021953364505038585,0.0,0.0,0.0
2022-12-14,2022-12-13,AU,AU2306,0.009533218078537908,0.0004229608671833288,0.0,0.0,0.0
2022-12-14,2022-12-13,RB,RB2310,0.014311270125223707,-0.0018570281050411318,0.0,0.0,0.0
2022-12-15,2022-12-14,AG,AG2306,-0.016851851851851896,-0.0038236396890331046,0.0,-0.0,-0.0
2022-12-15,2022-12-14,AU,AU2306,-0.005297233666862744,0.0028929901511034525,0.0,-0.0,-0.0
2022-12-15,2022-12-14,RB,RB2305,0.022789882294014463,-0.0017138762409278424,0.0,0.0,0.0
2022-12-16,2022-12-15,AG,AG2306,-0.011342155009451793,-0.008561156257460813,0.0,-0.0,-0.0
2022-12-16,2022-12-15,AU,AU2306,0.0014385634208045062,-0.002455766653574519,0.0,0.0,0.0
2022-12-16,2022-12-15,RB,RB2305,-0.008327210384521222,0.0035789016099068882,1.0,-0.008327210384521222,-0.008827210384521222
2022-12-19,2022-12-16,AG,AG2306,0.004209720627631031,-0.006016281489114715,0.0,0.0,0.0
2022-12-19,2022-12-16,AU,AU2306,0.005592951890714737,-0.008539378283387432,-1.0,-0.005592951890714737,-0.006092951890714737
2022-12-19,2022-12-16,RB,RB2305,-0.02821083890126208,-0.0006622077051024302,0.0,-0.0,-0.0
2022-12-20,2022-12-19,AG,AG2306,-0.00019054878048785362,-0.0008873329639026556,0.0,-0.0,-0.0
2022-12-20,2022-12-19,AU,AU2306,0.0009843488532335076,0.0008506236638326871,0.0,0.0,0.0
2022-12-20,2022-12-19,RB,RB2305,0.0030557677616500634,-0.004161403797111389,-1.0,-0.0030557677616500634,-0.0035557677616500634
2022-12-21,2022-12-20,AU,AU2306,0.007306786975284529,5.2506374131580244e-05,0.0,0.0,0.0
2022-12-21,2022-12-20,RB,RB2310,0.01568032372281225,-0.002256066727619501,0.0,0.0,0.0
2022-12-22,2022-12-21,AG,AG2306,-0.010001852194850946,0.02175620712234047,1.0,-0.010001852194850946,-0.010501852194850947
2022-12-22,2022-12-21,AU,AU2306,-4.8640498078622585e-05,0.004579724164413314,0.0,-0.0,-0.0
2022-12-22,2022-12-21,RB,RB2305,-0.02125030887076851,0.003187358161265085,0.0,-0.0,-0.0
2022-12-23,2022-12-22,AG,AG2306,-0.0057943925233644444,0.0006556772857861266,0.0,-0.0,-0.0
2022-12-23,2022-12-22,AU,AU2306,-0.009420676929053573,0.0008939722787058267,0.0,-0.0,-0.0
2022-12-23,2022-12-22,RB,RB2305,0.009833585476550777,0.003924786444199889,1.0,0.009833585476550777,0.009333585476550776
2022-12-26,2022-12-23,AG,AG2306,0.005069470521967601,0.000844138288978037,0.0,0.0,0.0
2022-12-26,2022-12-23,AU,AU2306,0.002794939688143483,0.002315900771104998,0.0,0.0,0.0
2022-12-26,2022-12-23,RB,RB2305,-0.0007483162883512584,0.0014930925314113363,0.0,-0.0,-0.0
2022-12-27,2022-12-26,AG,AG2306,0.012140455734030553,0.0009768672776408291,0.0,0.0,0.0
2022-12-27,2022-12-26,AU,AU2306,0.001466777489854909,-0.00035342870512672137,0.0,0.0,0.0
2022-12-27,2022-12-26,RB,RB2305,0.016754188547136728,0.0011056134130678586,0.0,0.0,0.0
2022-12-28,2022-12-27,AG,AG2306,-0.0038824181919023815,0.0001261143798741324,0.0,-0.0,-0.0
2022-12-28,2022-12-27,AU,AU2306,4.875432694650961e-05,9.581659136832306e-05,0.0,0.0,0.0
2022-12-28,2022-12-27,RB,RB2305,-0.0024630541871921707,-0.001611122922865296,0.0,-0.0,-0.0
2022-12-29,2022-12-28,AG,AG2306,-0.010234462225530372,-0.0016758883837385543,0.0,-0.0,-0.0
2022-12-29,2022-12-28,AU,AU2306,-0.0009268292682926838,0.0015890014296646823,0.0,-0.0,-0.0
2022-12-29,2022-12-28,RB,RB2305,-0.0014800197335964604,-0.0011943701557173292,0.0,-0.0,-0.0
2022-12-30,2022-12-29,AG,AG2306,0.00972871842843781,-0.0024365856394837297,0.0,0.0,0.0
2022-12-30,2022-12-29,AU,AU2306,0.0046840692851914945,-0.0005362197048380317,0.0,0.0,0.0
2022-12-30,2022-12-29,RB,RB2305,0.013079960513326716,0.0009956297715589114,0.0,0.0,0.0
