date,entry_date,symbol,product,target,gap_raw,gap_volume,ridge__gap,ridge__context,ridge__combined,elastic_net__gap,elastic_net__context,elastic_net__combined,random_forest__gap,random_forest__context,random_forest__combined,hist_boost__gap,hist_boost__context,hist_boost__combined
2022-12-30,2023-01-03,AG2306,AG,0.005373355567908078,0.004876228716828124,0.004232051612265391,5.798688714310642,2.352414695333155,7.118525570016535,5.4244298064743575,1.0321374578729752,3.397011938281995,8.125157284289239,2.3220406840554206,2.1851101040299823,10.936607155457324,-3.3318884199911034,-3.3597013118297565
2022-12-30,2023-01-03,AU2306,AU,-0.002180866530968384,0.000683326852047914,0.0007207118471547798,2.314709800542784,3.8167590745827624,3.481785436265508,1.6199480794557064,1.5860464488917332,0.7530291218240501,5.396360464561227,1.8228684241471027,3.980347507931965,3.2242849164709217,-5.1507539092099135,-2.049737155728638
2022-12-30,2023-01-03,RB2305,RB,-0.009024390243902447,0.000987654401272632,0.0010314053433794655,9.058008928722145,0.9391900182790449,-2.011845876595972,7.541948390899192,1.3605919202356218,0.2239345722876087,3.6915422360353567,0.4505806157230466,1.884629664242514,7.132281728574582,-6.649841102236705,-5.810153213950782
2023-01-03,2023-01-04,AU2306,AU,0.004957472660996443,0.002086113552174642,0.0022725858751456987,-6.861008678674668,1.708498917102744,-6.60761594081165,-2.7832736641311273,2.1082033372382503,-2.212479543586705,8.74700935606293,2.9232263605338162,5.303554883237293,9.715918777672407,-4.592185184672971,-1.3936284436738375
2023-01-03,2023-01-04,RB2305,RB,-0.008372322088155637,-0.0012187691941294547,-0.0009226697983240416,10.084704722434346,7.745511628889798,7.524632818592673,7.3075418393166895,5.108832674948685,5.128882995557817,10.011674679056133,5.9928366372241255,6.392774895309323,5.685707239413843,14.283543132638705,8.536163317382195
2023-01-04,2023-01-05,AG2306,AG,-0.024422073079791162,-0.003877763145568364,-0.004228023889810223,9.572870869647588,-1.7929691929152578,3.3122851584471493,4.878069765312361,1.4799192083822459,3.8231131310114543,15.665628466509112,3.440113974869054,1.9616623286442765,35.47272770346534,-4.941522729731276,7.59962610700254
2023-01-04,2023-01-05,AU2306,AU,-0.002705052651917672,-0.0006802060314737826,-0.0009544905975714053,1.2262200417000853,2.657796098914626,1.8969052957123778,1.4973865177142884,1.6276037617531394,1.0414118117186684,7.460755848939567,4.9965614219198455,5.52250243745825,7.678879229851314,4.430599197660357,7.4512628978922315
2023-01-04,2023-01-05,RB2305,RB,0.0004981320049812776,-0.0004923683014290107,-0.00042004185691599466,7.029833133556915,6.7415334858925515,5.425740843198163,6.667492538749596,6.692008611672126,6.740506354606326,7.600233202665157,7.06460578527583,6.715521203668853,5.685707239413843,13.911679077027978,7.189935511348571
2023-01-05,2023-01-06,AG2306,AG,-0.0046136101499423265,-0.0016764463272523713,-0.002774587005369163,0.5353880985890225,0.3477715773118275,-0.8170165448179336,2.4985876648855356,5.048821862432915,5.188968662111893,12.748411217505344,15.007098067926972,15.64535570308962,13.370004486967035,47.26116916658767,40.91388117914879
2023-01-05,2023-01-06,AU2306,AU,-0.00528843821260494,0.0012083425429254182,0.0017267224646547355,4.174364088870617,-6.040879821070167,-2.7891377575249967,1.6207332587057115,0.9307541811794025,1.6289106867065604,7.61458987213667,4.396922511741385,6.238575156749683,6.084563100514493,12.92585675481732,12.932864092905877
2023-01-05,2023-01-06,RB2305,RB,0.01885388241131225,-0.0029843344705921407,-0.0027857233075967557,3.4055078953226623,20.05695762736303,11.807047768425623,5.606949260364031,10.137160986708,7.648382389522718,1.199088113598734,6.630019120023025,4.610676206877701,-6.0858990004367035,12.694298062091502,9.802640344868777
2023-01-06,2023-01-09,AG2306,AG,0.020289855072463725,-0.005941560363610968,-0.008951546941486269,8.970173149313773,12.73331243613751,13.16386509793235,5.823907583157842,8.681619406463316,10.613235201372454,5.943664726354927,4.7553406916400585,3.65288133524472,10.983569661177254,4.979167673070429,23.75097839097813
2023-01-06,2023-01-09,AU2306,AU,0.01191464426973976,-0.0016966821822379861,-0.0033815717369975965,11.014518747934808,4.5374377512421935,13.633234575321916,6.067990847070058,5.314339026727069,10.331267974194702,6.9608322822179645,7.431172140581251,6.907076676507105,18.36153102743283,10.784742284769075,19.97464688247564
2023-01-06,2023-01-09,RB2305,RB,-0.002923264311814888,0.003479128757883664,0.003697731310706158,7.063643444071845,-2.750268233958145,-7.029261973275586,7.426300409702913,0.12308159877795344,-1.3311265763485598,10.016028745315143,-7.989807085920937,-2.3193239750848726,12.424844872432525,-20.342110786088323,-13.784066147947149
2023-01-09,2023-01-10,AG2306,AG,-0.0117647058823529,-0.0005795421779131089,-0.000960082331734749,7.621090520593432,-5.161783076266193,-5.537106526955563,4.808260570143537,-1.8387508389721408,-2.5637632094380662,4.873362159498556,-1.1824833296016395,-0.6362369208525336,1.4585231175689786,-15.038228663359286,-3.431162519381384
2023-01-09,2023-01-10,AU2306,AU,-0.0005791505791504781,-0.0011224715070345885,-0.0022281879344066874,0.7953046767396645,0.6165456326093497,-1.982963253162036,2.186038135941603,0.9954699448032067,0.16897048790547897,4.684750697927637,7.015043053156422,5.989398317216105,2.9634911233535774,7.991892793527071,3.5862101778512288
2023-01-09,2023-01-10,RB2305,RB,0.005118206190592334,-0.0004870920700299669,-0.00047289596027551864,8.865409999085012,7.893907500272617,7.228897148204675,6.835605254351006,6.443173267981491,6.205812932653346,7.797849635590302,8.940347143727157,8.711883357753122,5.685707239413843,19.772228640749436,12.89207829768266
2023-01-10,2023-01-11,AG2306,AG,0.014041161761877197,-0.0018957351648992008,-0.0022134826221401334,6.436929858552119,6.554730346696997,9.976770774568497,4.6934698864317586,6.564406024164267,8.586974264573529,8.707792965294594,-0.16737423988236966,1.1855952144167827,7.72800536403469,-7.933718512867197,-1.8311317719922866
2023-01-10,2023-01-11,AU2306,AU,0.0026552090373661574,-0.00014477716406823546,-0.00016492191644993607,3.2918092994503136,4.213394738463382,4.844305283617674,2.2836374138016264,2.7281116006911814,2.87111473494147,4.8294097921779855,4.458672066219453,4.429570358538589,2.6065755551368954,4.247279127730189,5.565963670960678
2023-01-10,2023-01-11,RB2305,RB,0.009951456310679507,0.0024402159497830464,0.0016126579912371644,6.137486153007295,11.307118754571457,9.462784398419753,7.341450496044265,7.106903193095794,7.153843044518226,9.419058421406678,3.8579336799069868,5.254730975416111,19.20945654258441,11.151101211188253,6.8048661131275505
2023-01-11,2023-01-12,AG2306,AG,-0.008555133079847899,-0.0017296055046893502,-0.002276940912191113,3.226740911112711,3.287742156778897,0.8132186738380969,4.039490103644028,2.798446001596013,1.9150017748910897,6.20448866574108,-3.3538827977009302,-0.5570995848145718,2.0435193377288257,-17.793154405758813,-10.653268155404291
2023-01-11,2023-01-12,AU2306,AU,-0.00014451563177420024,0.00028970112703210007,0.000298962251365557,1.5930508452978152,3.228379964368072,1.8703178729909216,2.1665878691282385,1.7719510001714573,1.438584798564798,1.465217397429194,4.134992907283398,4.4630794432825835,8.544282033364658,4.247279127730189,6.103145413677468
2023-01-11,2023-01-12,RB2305,RB,-0.003853564547206201,-0.0009704027932785164,-0.0006679807126699343,7.019666658388017,2.615711089921153,-0.5453199379839626,6.604625221660755,1.8227915801523855,0.43996300382981657,8.165638929926988,4.136781684197227,4.4220223049981255,8.819514341526231,-3.443510732330478,-3.031986518754819
2023-01-12,2023-01-13,AG2306,AG,-0.0038131553860819567,-0.0022787704505876005,-0.004723297461594471,3.227757508232888,17.96292604489494,15.088635942731663,3.5841954144865236,11.466397808722348,11.362092123760846,11.669676629282788,8.504411003737667,6.180356983229093,22.169963913273623,2.630025422249142,7.363354928321495
2023-01-12,2023-01-13,AU2306,AU,9.62371282842156e-05,-0.0004816027833405314,-0.0005043272200868964,4.165255490541789,3.6804386455923606,4.32661460676982,2.835984742190112,1.1965940224270164,1.339377585181579,7.0527001993,4.233717922085245,5.012461107961905,5.685707239413843,8.474523265482015,11.556960255221744
2023-01-12,2023-01-13,RB2305,RB,0.010167029774872827,-0.0021652841372167696,-0.0017692633351619228,8.241660930901237,8.129678870091855,5.953605198018426,6.251381040470164,4.676886732302416,3.9962600434732676,11.215633388246669,8.374547954983203,7.779611428346462,11.094774695689575,18.735864859635665,11.14776350042319
2023-01-13,2023-01-16,AG2306,AG,0.02599152868694654,0.005736153395524815,0.015501519617495069,8.735504323620138,18.46512400744312,19.599808030547965,4.372040567675678,13.015682083503993,13.430828231032773,15.177132407597185,10.568028817977087,11.025093136475936,45.94869883521048,4.6555538716408265,25.46781689976525
2023-01-13,2023-01-16,AU2306,AU,0.004616938392728143,0.0012518659249618348,0.0018213902263039881,-0.703554382015815,3.9326429971856376,1.3706679331630118,1.1473444885854822,2.8037096726329342,1.919537774538999,5.311379952948681,5.5159753209449525,5.670224943626184,-1.503838314978289,8.740739361390748,13.130811610975991
2023-01-13,2023-01-16,RB2305,RB,-0.013734939759036169,-0.001209628791500535,-0.0009639772932509248,9.043486531254793,1.0974943025801336,1.3063981856415592,7.469830850423378,1.3222084372547154,1.311282499311158,4.600053714445399,3.13989291173371,2.020265456215233,2.6065755551368954,-2.919654431782808,-7.856843144769664
2023-01-16,2023-01-17,AG2306,AG,0.0022645782223060795,-0.0059506846103180265,-0.015093457152529815,-11.415214706192515,-14.432110560352376,-25.971730674233676,-0.8820241336532213,-4.985743403639588,-9.915157964966944,-5.334782967523129,9.026273626433992,0.20698572108508664,-32.899584055304715,31.256561094820604,-35.26826797814057
2023-01-16,2023-01-17,AU2306,AU,0.0009546539379474694,0.0004329316757136938,0.0005231836437041159,0.7260726678201417,-8.853264616834762,-10.073454709363821,1.4596624232124866,-2.9283556709658702,-3.5470365372440527,5.573595906640128,4.684311148754538,5.239089028917221,10.266088830686972,8.330494856438285,10.794116370920321
2023-01-16,2023-01-17,RB2305,RB,0.008570029382957811,-0.005526867366808602,-0.005071094006214252,4.62194445273667,10.619053149009158,7.599256856620791,6.371864187576305,8.76237713906808,9.256323252534969,-45.509105725954996,6.261284128112284,-22.206259445139562,-65.04794115275119,18.089257457586648,-10.834693244973293
2023-01-17,2023-01-18,AG2306,AG,-0.0009409108016560364,-0.005645479804020218,-0.008833560150997998,2.328925116142929,2.370816293415494,6.303456960107983,5.662600247952039,3.2444277514128728,7.181595918196572,-1.661109698070838,7.409654762614565,2.8132096633261314,-18.333472318904775,10.481405187217554,1.492528912863313
2023-01-17,2023-01-18,AU2306,AU,-0.0030000000000000027,0.0029159417396274518,0.001922963358444537,3.7162668914127783,-4.433871543090387,-1.4021228595926374,1.291685261177514,-1.5256593951776178,-1.88110556816194,8.808550092552084,4.925365640026437,6.022188574093115,8.326635290841713,10.555588119340168,11.865000501594686
2023-01-17,2023-01-18,RB2305,RB,0.006038647342995196,-0.002201297207846861,-0.00150031519855759,11.005676856033443,2.4962555058111975,6.515761253869519,10.198384841135809,2.8159421117622454,5.742144738483011,5.719440943491674,0.35498347186973334,1.589213163489668,1.4585231175689786,-4.413695249855374,-4.158748433717127
2023-01-18,2023-01-19,AG2306,AG,-0.031501968873054564,0.0005647058973597352,0.0010377729067282643,3.9118106188149238,12.287537007685616,13.44423345100189,5.475927782057417,7.475594913085713,10.045025379581775,5.197636252508322,7.594116192019736,6.285819888917012,9.72412646133412,8.006253799493118,13.305117404692105
2023-01-18,2023-01-19,AU2306,AU,-0.0012365642537809363,0.0014295928095943715,0.0014730123209783258,3.6217152746561574,-7.56424194210217,-5.907798629604162,0.9142927997975443,-1.1667388548523832,-1.6681907437516768,8.351705431434999,4.474966976588839,5.796217832733014,6.064288694386887,4.247279127730189,7.993641727118316
2023-01-18,2023-01-19,RB2305,RB,0.00720115218434958,0.005085372383279431,0.003186749516286567,8.981532217406713,8.278686107810353,10.60171488753469,10.126743250858365,5.221075003024697,7.949600468574266,1.9938400794843065,5.885971895885789,4.7089270361540825,-14.95684224534346,13.943393882808046,10.184620673001197
2023-01-19,2023-01-20,AG2306,AG,0.027074066911622507,0.004510438016930643,0.012463734529920863,16.510661613565762,13.753295220182984,28.888243098145203,9.527438740400815,11.605184884482526,19.561568326323126,16.91106755176143,17.615945007195652,23.131539077535862,26.093539627576465,25.155371264354866,55.528412153812184
2023-01-19,2023-01-20,AU2306,AU,0.007608178792201548,0.004241838450514907,0.005185613433703891,5.3394734558800225,-2.179000687478761,2.187723967276673,1.4385615391489486,0.5457412153539756,-0.11003927548026216,7.592745769736451,4.228427653395868,5.62161353213051,1.239957195757154,4.247279127730189,4.188434548914663
2023-01-19,2023-01-20,RB2305,RB,-0.0038140643623361115,0.00024006721997433248,0.00015633087865187689,8.561125487811386,11.01335132477545,6.85708416614386,7.835563833803201,5.698888638171734,4.594241654958273,1.8698442183970285,5.8603543204888675,5.242587972418776,-6.059522044239192,-2.1904680490910353,8.807720068053891
2023-01-20,2023-01-30,AG2306,AG,-0.0007623403849819077,0.0011609908424824638,0.0024460920740988906,10.717300555079856,-15.978384566878615,-12.688724804840907,5.512473541453096,-7.7000345574434546,-7.496288688368232,5.221039552665382,4.249796153307643,7.792377121681704,5.794151763347839,-6.017344444743481,-0.705080390091718
2023-01-20,2023-01-30,AU2306,AU,0.0022733731173629756,0.0014275519911855453,0.0014321468833798246,1.004699308249946,-8.758831532380977,-9.417304629123818,0.15084724818115713,-4.346670627564911,-6.330367194695162,5.1864665818122,3.8204159604646133,5.259313864213567,-0.12708294397441056,7.207610971824141,10.20029116614862
2023-01-20,2023-01-30,RB2305,RB,-0.006855791962174895,-0.00023835061488123354,-0.00014170830804928797,10.479552499087603,11.479006558867146,12.766834405114006,7.33750486641498,7.290910699428119,7.568712205068714,7.745115132061178,5.340307830121447,5.800107930503818,5.665432833286237,17.715993120129525,10.68284469826025
2023-01-30,2023-01-31,AG2306,AG,-0.010496183206106902,-0.012123656735687435,-0.006715564045179889,1.3644064649308283,1.00664644827786,1.343714162282169,2.993674891289321,1.2813343088698983,0.7982669212902076,7.878873622293586,3.603969920798629,5.190599030830631,33.07332893585981,4.931811242613176,18.823974076539624
2023-01-30,2023-01-31,AU2306,AU,-0.005681818181818121,-0.003593044712704733,-0.0025544231071145825,-1.2774583418367857,-2.0255008412182787,-1.0793094338210985,3.064631421149854,-1.8178380406393249,0.7305869437031571,5.522202171566105,5.052299644526255,4.849241708287607,1.0990279066741542,11.76922648836608,9.610332190632935
2023-01-30,2023-01-31,RB2305,RB,-0.013571428571428568,0.012130009592408298,0.009531899224128702,0.3632035649925931,-0.8359320592583859,-8.269423787328337,1.6866715112483428,4.724931900823394,-0.2290505590390901,3.902010594466588,5.032141617684089,5.972600049191044,0.19075967961778406,-5.048587504635905,6.109271570952365
2023-01-31,2023-02-01,AG2306,AG,0.014571595103944013,-0.0005723552574449434,-0.0006679735877831752,3.705185110305724,8.050505657804795,11.60856111713155,3.59740946993126,8.0598369963355,10.1473107149029,6.17339911108947,0.567430083243056,3.2425388866493177,2.0676909699929444,-2.9864154896629884,-5.790207173488684
2023-01-31,2023-02-01,AU2306,AU,0.007591310575316257,-0.0019866616439092686,-0.001845412591035075,0.9618725252854636,-9.12922842787654,-8.440205397905778,2.202894565570129,-1.286557356757112,0.40854572163719993,9.49481584910908,2.8076108033203973,3.8137147495307535,9.41391201528979,-3.6494435178189564,12.03065525624769
2023-01-31,2023-02-01,RB2305,RB,-0.014240888245232952,-0.00023806689792243686,-0.00020457280540614293,3.418917514644944,1.033464375896636,-0.4928439369752029,2.683266825427845,5.855899213736009,3.7500277202505017,7.6394776579551475,5.775092735062889,6.559278184904818,11.363548345668569,-10.22828219740262,13.507748281471656
2023-02-01,2023-02-02,AG2306,AG,0.01882081812944114,-0.007355821010873218,-0.009138535636607416,0.13397973882684022,0.6734569736247957,0.3389819466460815,3.051983605953436,1.229418567642683,0.4163635570811741,4.2059622031592285,-4.3783806292189835,-1.046896945132073,-15.9426393419223,-17.43423936093424,-13.016655573685894
2023-02-01,2023-02-02,AU2306,AU,0.0070559265047118735,-0.002622483324424815,-0.0029335130150951664,10.502873151641506,-6.215704199415713,4.431173878614279,8.363923361517255,-2.9373967787804647,3.6885658410288946,3.0473914166078826,3.208607965084297,3.2499713938893944,-2.2779481624087627,0.339170684113653,4.8728963250482
2023-02-01,2023-02-02,RB2310,RB,-0.01429275505174965,-0.0019540797619976343,-0.0025590629083434607,19.09298470222039,4.4332990360945015,17.332190419763588,4.856871078105761,7.757451289620121,7.722909087400291,17.31020165733696,0.45690540962667386,3.1669669334808406,9.094119852837668,9.665283623498127,10.000299778459835
2023-02-02,2023-02-03,AG2306,AG,-0.031133482475764307,-0.002876596096175097,-0.005214559081923636,3.245720505803238,-13.282387806577093,-14.563163646487139,4.6691510952459065,-4.718874133701498,-4.983380326879413,7.039055166609284,6.759450805613088,5.343880093087963,13.088954044249663,21.3927246756362,9.559783686280976
2023-02-02,2023-02-03,AU2306,AU,-0.013759744528975326,0.0006158073191454705,0.000736967175949235,5.614662636142811,-6.486925727655841,-4.994806687307676,3.5010150567452745,-3.270428030097773,-2.958332964842486,2.0297604095550694,3.9236260446663467,3.4377216004789415,0.4396976633744279,7.66680378982715,9.144276311600958
2023-02-02,2023-02-03,RB2305,RB,0.0012345679012346622,0.0014680697522911604,0.0017661141699571842,4.879869988258799,4.834950220757062,2.7464134942995044,4.783142925950263,7.8614412073364655,6.97486249847064,7.6921491588356865,-5.566534170563616,2.889078444931047,7.678879229851314,-43.398730973461355,-5.587518245476408
2023-02-03,2023-02-06,AG2306,AG,-0.03346153846153843,0.01106019335348568,0.027700883914878047,34.000943591453506,7.723820150813699,30.539697343362008,15.42439808276755,8.273948517814052,20.124878204093406,7.456162020128556,-2.0130474711210966,10.288113016321574,26.215878351677723,-58.67922386669016,-13.426299965216328
2023-02-03,2023-02-06,AU2306,AU,-0.012910909957122518,0.001315789663519993,0.002218515064151074,7.427303095429527,-3.033642771861483,3.0783780612044453,4.067398018948172,1.8332229181361661,4.456565840976245,7.593062576825279,6.132605091813011,6.156754564258834,4.925969622733813,10.816508788657943,19.385662612007376
2023-02-03,2023-02-06,RB2305,RB,-0.0012333497779970504,0.0019772621370184045,0.0020480315782985792,3.404736810744762,19.01862270810155,12.14944909037155,3.9733512527568595,10.937627518479678,7.422887461138849,4.225033066585125,3.305480328416723,4.8567508927889245,2.805363150589154,4.260455867015341,6.523562724591141
2023-02-06,2023-02-07,AG2306,AG,-0.0035813768404298063,0.0005770895610768652,0.0013657432638234674,-0.8470590358741958,15.76286100523991,17.21331927539225,3.0873293621728575,13.750854077199726,15.84815141141969,6.376680366062258,18.26639174879076,23.40655102889253,6.632219532571834,13.006613310193927,47.55757800455162
2023-02-06,2023-02-07,AU2306,AU,-0.0013047260075385037,-0.0005239218047495409,-0.0011816971856182092,2.060869820118385,8.917589792060012,10.365129245612106,1.970061347034121,8.196567216837966,8.886961206790192,7.6837357854365385,4.838332553313558,7.233035684785235,5.685707239413843,-23.541352251712475,11.97295685519853
2023-02-06,2023-02-07,RB2305,RB,-0.00544554455445545,-0.00024663953756789823,-0.00027859657421558067,13.888165963985415,10.887130377149747,15.265810006221816,5.899299099733327,8.86948927581739,7.685814495002662,7.197477466835434,1.0983374529390069,3.462049788279916,7.01298665619312,-11.16072436345189,-1.2506126104437605
2023-02-07,2023-02-08,AU2306,AU,0.0007263922518159216,-0.001207350495586619,-0.0011549479799140062,2.1522015380227444,1.5340173621734325,1.5092614190763638,1.7665716138730434,3.3832513335277072,3.697966221832686,8.838805106182845,1.7576506717463076,4.135413099746252,5.685707239413843,-4.5293923402855585,1.5164762917925492
2023-02-07,2023-02-08,RB2305,RB,0.01122194513715713,-0.002225245076965342,-0.002650920202506767,5.802575371378057,15.48979239326926,9.46992540508101,3.6484794803890046,11.513014953473743,7.749355998336172,12.467514509211748,0.07094109507625514,3.3395240805426916,25.799235607255117,-10.141821224456338,2.8018016893326916
2023-02-08,2023-02-09,AG2306,AG,-0.0021942948334330303,-0.0015987213636969929,-0.0021564138962442856,-3.0255024084252025,16.980845538859498,13.027942606418545,-0.1142291638745192,11.165278571266558,9.578894603841345,12.698438734456333,9.503902558581002,10.70420118714435,4.956663113791048,17.1710628941775,14.500400564680774
2023-02-08,2023-02-09,AU2306,AU,0.000338180588434156,-0.0008229058721267115,-0.000836144882569947,-0.17788601444528362,0.10868171087456036,-0.4897413553288983,1.8093431995691258,1.9365266544408526,2.360056138432469,4.999274666510774,2.1018611732420593,3.6741980404822727,2.6065755551368954,-1.0478698566573919,0.7350076386018746
2023-02-08,2023-02-09,RB2305,RB,0.008144126357354287,-0.001993025074264853,-0.002392728838243476,2.693855500482523,8.84878052022615,1.3565987591196351,4.813486313837163,6.288170614541504,2.653117337778416,3.6154376515343243,-2.793395187232761,-0.27264564652552126,-2.3634581478929566,-14.224647091576392,-6.934446848816797
2023-02-09,2023-02-10,AG2306,AG,-0.014991005396761903,0.003997606762894089,0.004068782510214532,0.030066548344815924,17.24423758512896,14.595270684588963,0.5648758479077625,10.901048615691458,9.443185013573737,4.612041290550778,7.211460117839504,7.659049228822023,2.136754231720929,14.165399505080515,12.964152441383058
2023-02-09,2023-02-10,AU2306,AU,-0.006040106305870929,0.0016439419619578477,0.0017309581949254606,0.3768158665085193,6.366345824829021,3.51417260995025,0.7517902071668288,3.931437998131846,2.4016570833296953,5.735126023627893,2.043618840634363,4.606610735977515,-1.632964013764384,-3.0331998674353233,2.2306706850130347
2023-02-09,2023-02-10,RB2305,RB,-0.0026927784577723823,-0.0007401011809392508,-0.0006642193433040696,6.968958426855387,7.923235590276933,5.456463534291138,6.79657588137416,5.954145560419439,5.118343946377868,4.600053714445399,1.1390737327995228,2.502744217001697,2.6065755551368954,-1.9201068357181874,-0.34936193544643834
2023-02-10,2023-02-13,AG2306,AG,-0.0024237527772167367,0.0001999000506405748,0.00032824811844292724,1.5566161739022384,10.171491159070328,12.348733396576959,2.257882743614297,10.195528532494901,10.976330784803661,7.716235377169583,5.001069583034951,6.607559595787117,7.678879229851314,27.534529484405866,33.914020465304354
2023-02-10,2023-02-13,AU2306,AU,0.0024227153793972,-0.0005313881432256631,-0.0008112166324854239,2.8186686071400455,3.091871735240085,4.986267248929626,1.6905805908696205,5.090907763558709,5.568909052172064,7.576807932521999,2.9567425738059594,4.976593499611095,5.685707239413843,0.912546767764625,5.216152803238976
2023-02-10,2023-02-13,RB2310,RB,-0.020580213240763645,0.00197482167364767,0.0022391557089214502,19.27103559040797,12.134724633877363,21.174554154466755,10.524882111067473,7.98037727840639,11.455694672094673,3.8837467098447798,3.714142380611505,3.446345585790184,-2.3786826925380122,3.648007160780038,3.770741203794504
2023-02-13,2023-02-14,AG2306,AG,0.0006060606060604989,0.004656350148067416,0.004794536067054679,5.951016612684713,12.881167172142916,14.081687635931909,2.242625642519784,9.47161598470879,8.775315496963689,5.502930037666241,-4.659256162390489,-0.7000175092486047,1.5202777691079599,-30.330265193506023,-11.993471498523242
2023-02-13,2023-02-14,AU2306,AU,0.0005324298160698238,0.0033003330286569214,0.0033455467421176807,3.471697848122411,5.438403233522517,8.044358907179273,2.1497740114746433,3.0471671468105987,3.1688482962075493,9.426855407532852,1.8820429052058925,4.762362277422175,13.527415508820685,-3.0331998674353233,5.161869786078349
2023-02-13,2023-02-14,RB2310,RB,0.005317801975183611,0.0004960317562024109,0.0009071079972521449,8.235736417316929,17.075901994635725,21.1866062756052,7.152910240903404,14.579766696558792,16.776510356696356,7.322622878135679,3.507424910069648,12.946148850457616,5.685707239413843,-1.1954168382980743,21.095512707305197
2023-02-14,2023-02-15,AG2306,AG,-0.002031694433157205,0.0022246950221111086,0.001622709522771526,1.3818645093858217,14.293024656951017,14.585937335459883,0.5928634235482817,7.328166593913872,6.376642635318836,8.109102983445542,7.1687061995761265,7.749330502485019,17.891600983485276,14.522943410294062,17.182005407479817
2023-02-14,2023-02-15,AU2306,AU,-0.0015016469676419897,-0.001354358338009171,-0.001317861725006942,-2.2308462227234545,5.779747525028243,1.0030360813272599,0.03447514404127583,2.0048821708899354,0.007733995148772266,7.6969262456317935,2.5073943063081052,4.64339636455429,15.450896073467502,-1.574199320799349,9.018683950913859
2023-02-14,2023-02-15,RB2305,RB,0.007433102081268572,-0.00025046963186678303,-0.0003147040188603885,8.397054918180316,5.600191055324491,4.192883951687987,6.884177933222671,4.9594969729722385,4.01869880590593,8.454907859113723,-1.768789969730415,1.6783597864533633,14.93507185463565,-9.269484295119325,0.612951581699454
2023-02-15,2023-02-16,AG2306,AG,0.006137479541734825,-0.00627850163723653,-0.009284043733698306,-8.991443441452809,7.785173735595134,-3.8847458091434772,-5.0950241290461955,7.550017179511563,-0.14303189436509234,-35.6858158251172,8.218379177874242,-17.001516054669636,-48.958901846031814,13.98579623825603,-28.08214360033284
2023-02-15,2023-02-16,AU2306,AU,0.0025301673803035385,-0.0013070315306182839,-0.002628107556331759,0.09044093022377497,6.353528667928688,5.2272859281175625,0.5901191850132195,6.4655588351331,6.077758795859307,9.26949302666475,5.488116706229752,6.436814882700251,20.155120221819157,7.913066107955517,10.185644611513634
2023-02-15,2023-02-16,RB2305,RB,0.020930805220389148,0.00223242062204537,0.002233609792121944,7.5225228310482954,5.528336964063836,7.194593716328166,7.33168106465486,5.293098371969873,6.043203837362288,4.797441844799839,0.5768134403008782,3.957802980493014,3.945998262264069,-1.8085451820629548,-0.22636639538145942
2023-02-16,2023-02-17,AG2306,AG,-0.007122507122507171,-0.004897968975547142,-0.004318373511555306,-1.40137971947183,2.564314428920557,3.6604641037345123,0.9983779023491022,2.896135882439044,2.3252059401305467,1.2695285742635782,7.270909374042602,7.4698248569921555,-6.656867077683748,18.524853567653793,16.24062086536485
2023-02-16,2023-02-17,AU2306,AU,-0.003443927046953843,-0.0029636849094660986,-0.002824273457297023,3.13462234182923,5.501988390889415,7.654054170232853,2.6381901291883683,2.3845635203047015,3.4452638610769672,2.788959448132655,1.8639233424640402,2.4737774197758937,4.911221506733196,-3.400157051299609,2.9707383723053975
2023-02-16,2023-02-17,RB2305,RB,0.002888086642599319,-0.001230466501994144,-0.0017832422629670318,4.568512837099901,-7.3859422290128425,-12.827593525474681,5.642457047998067,-1.6459189012447721,-4.22134805047342,8.414927662467194,-5.6135655592121,-1.3824286522764162,12.77103656741301,-30.234761289705794,-0.8913692426124005
2023-02-17,2023-02-20,AG2306,AG,0.017209588199139425,-0.0008136696950134991,-0.0007328543587415467,1.5244481395195617,4.0139397729937665,7.011552990293779,3.0686023725290057,6.348703995426298,8.679280379675289,6.470683985258123,3.6140353886489014,5.67540408845786,2.0676909699929444,-13.879935253071222,13.538672929007262
2023-02-17,2023-02-20,AU2306,AU,0.004083815450435235,0.0005822416467251893,0.0006094488034043602,1.1990738064768989,-3.629554398275967,-2.060383957492199,1.5830430464506322,1.7518120842535378,2.7935429425193212,3.915704030592996,-1.750223672629255,2.9353467012814938,2.6065755551368954,-14.40462824396558,-3.9728255358821007
2023-02-17,2023-02-20,RB2305,RB,0.008192771084337247,0.002168414293823735,0.0017888967357324085,6.693782489152687,12.587955154483273,14.97406581996762,7.590971044309971,8.29553503112826,10.011978795443461,8.89921027714654,3.743447027712401,5.474903787116246,19.229730948712014,6.842298308533192,3.350563250056233
2023-02-20,2023-02-21,AG2306,AG,0.001412144442203056,0.0004098360713102451,0.00044150107661536283,7.264820572303485,-7.334235494821332,-3.2995786340281077,5.257783310167999,-3.3030544965689455,-1.4742927573421452,0.07721349193584306,-3.3219899168529468,-2.8029125301154063,-9.138653728516132,-4.619859165093924,-12.623685374624303
2023-02-20,2023-02-21,AU2306,AU,-0.0015009925918753053,0.0011674856606531242,0.0011414650668784669,3.507475772552951,-0.07505377754883868,2.096045538341394,1.6946161647327282,0.37963012990937006,-0.018840864605463192,1.6122168332892337,1.0599020217528357,3.2418253590688195,-14.35246647816683,-2.5150231574780344,0.40035935723210847
2023-02-20,2023-02-21,RB2305,RB,0.014064362336114522,-0.004088018197709512,-0.004250914181323491,1.3370619585540036,6.144857503998008,2.944219454377841,4.885662600344092,4.150148928881504,2.4182352606079487,1.5335674176834817,2.2159359562864633,1.4400028341656566,-2.2205708282268466,-0.5251117132336814,1.4129554954782262
2023-02-21,2023-02-22,AG2306,AG,0.0034191472244569088,-0.001612578458699055,-0.0008394528630319563,4.697210533285505,-0.12283209089952507,7.9599054196080585,4.516932674936136,2.4448897943351042,6.256275217212375,7.149606030009696,10.30132567478121,8.816717437382259,2.400434905945508,18.805361268103724,20.478068915897367
2023-02-21,2023-02-22,RB2305,RB,0.0021286660359507437,0.0026256131565476994,0.0028485318288335414,11.026683742438886,-0.18403276544761926,3.532420682198213,8.995353764535755,0.07102898494960908,2.0882981501582316,7.890122067780016,-1.6218701552719452,0.20370125353085908,15.458087924504962,-20.576028021203644,5.076705464053698
2023-02-22,2023-02-23,AG2306,AG,-0.009187138006790496,0.0016103063061039097,0.0013855170400669354,0.7424692853853059,2.256159243919279,5.999312325336973,4.632467487023758,3.1295459461505883,6.507225379940883,6.431717250035633,9.860135539057818,8.155663969902976,13.28910046899963,20.346621009657458,19.162530922952087
2023-02-22,2023-02-23,AU2306,AU,-0.00391058755371021,-0.0009217708354298604,-0.0008660864886347782,3.9150720298583757,2.5979144836315315,5.048241125017199,3.408335092800959,1.5152760891210773,3.150221003380488,8.016535349260495,0.7345701136884298,4.020291673313092,22.99904740231963,-3.492495213444828,14.161735947221791
2023-02-22,2023-02-23,RB2305,RB,-0.007511737089201831,-0.006130648770054238,-0.006656718158970361,4.7360666620695735,-0.903842953503545,3.1571301162170484,8.054435126893278,2.919535125069623,6.365394564801576,-44.57896075937618,2.011786115509709,-24.864449104401285,-68.62294429948398,15.137565508595483,-42.06167578556979
2023-02-23,2023-02-24,AG2306,AG,-0.004430124848972983,0.00360144446890747,0.0025205450004861497,1.216046112877156,-0.22271556495091893,1.486098751414357,1.9161796994970461,3.4668734718702288,4.956009534904004,12.205611421095831,11.37944543065571,11.525667555623832,24.95513933158457,23.32048438210043,33.68776114628892
2023-02-23,2023-02-24,AU2306,AU,0.0038817992139354995,0.001691189308884597,0.0016274808396666077,-5.278952537003456,-4.006797111978276,-9.428145887299273,-2.2858037723023914,0.7067775723915166,-2.6040978587266292,9.061543528267196,1.0909637717456095,4.657702791921649,12.549054484062545,-2.5150231574780344,1.5737663580347236
2023-02-23,2023-02-24,RB2305,RB,-0.0007097232079489313,0.005413688636856938,0.007562632525256169,18.94427556499129,5.61907728892567,15.680420849680283,11.522385350811643,7.458505375191093,13.245255508543508,12.496320431484966,5.307072509940023,7.260214108337423,29.375903015941734,3.464991007483204,10.597477660112176
2023-02-24,2023-02-27,AG2306,AG,-0.010966693744922873,0.0010073537670630987,0.0008556926785982043,2.6376897882315493,2.802959155256637,6.429717196053308,1.8474472679374734,4.517375375194552,5.685430558403903,8.083504696079073,3.817890297563994,5.2440998273280695,6.340749264624572,6.989353539369831,4.906794082776515
2023-02-24,2023-02-27,AU2306,AU,-0.00082272661278604,-0.0011153949896721407,-0.001468023281014869,0.43158987468232457,5.295240710908992,4.998637721215245,1.4864525304985214,2.538397501112506,2.3785672843710444,7.0371613451825485,1.3789387512325326,4.011834324387547,16.591531185142415,-1.310251809479964,7.026961361784118
2023-02-24,2023-02-27,RB2305,RB,-0.002142857142857113,-0.00023654642333833766,-0.0002807779443362033,9.602056978010996,12.321440088354299,13.623375855197045,7.2144611938727845,8.50701748164359,8.934102386663714,6.203785292412939,3.552374050719296,4.67554305815223,2.9634911233535774,3.965118152166841,3.049989168507317
2023-02-27,2023-02-28,AG2306,AG,-0.0006150061500614923,-0.004053511833182606,-0.004353287271319756,4.934433885915647,-0.9122137248976032,3.6258196050134273,2.7563889727016786,3.985921546378859,6.116491928740275,-13.544352616906771,11.868293500251866,-3.8535109576702387,43.50473520720836,28.332489117252422,17.741533629914713
2023-02-27,2023-02-28,AU2306,AU,0.0004839568310506248,-0.0012574967801386062,-0.0012333801203785928,2.3948751040281233,-5.149479602313091,-1.5385049588017452,1.8206792066527362,0.7897962854797904,2.60381389963081,6.359946637623791,-1.9057509542240132,4.07861846020919,13.457724083030032,-20.049414829916827,1.0822225256159728
2023-02-27,2023-02-28,RB2305,RB,-0.003818615751789989,-0.005698021114637779,-0.007570480330678922,1.4548792566759996,7.524274910367094,3.9588913863299617,5.692155914816423,7.39106319996679,6.900817612032515,-35.27899931613607,5.931186573949288,-19.290415667726318,-32.017790999360074,15.273545240985506,-30.8084822875504
2023-02-28,2023-03-01,AG2306,AG,0.013347022587268942,0.001641362699230009,0.0010279165746229103,-0.751966319788079,4.616691509674919,4.580500354405401,1.0493836946883195,5.284142112817189,5.106504534656522,4.947604609643037,7.348974262654591,7.845765304933022,3.9548715996838544,10.35322985808769,9.117361910081476
2023-02-28,2023-03-01,AU2306,AU,0.0056239697469213645,0.0008230652380690896,0.0006251083305260594,-0.2822670677491361,-2.1984669847670335,-1.6574010703448776,0.7460207997906032,0.9525487231696874,0.7947661295674089,3.5604851699396622,1.2755992000508234,3.488847635175745,2.7319418008521152,-1.0003811399479126,-2.932782188505866
2023-02-28,2023-03-01,RB2305,RB,0.009820359281437208,-0.00023863500888810985,-0.00021894848968645,11.226738146155613,15.489895574364144,18.978395854791323,7.887981855392142,10.192004541811073,11.546161857295088,5.128576186103165,2.8654503464290957,3.853715869035754,2.6065755551368954,3.018225042630611,1.007501667409216
2023-03-01,2023-03-02,AG2306,AG,-0.006904955320877315,-0.0010261673553121173,-0.0008829594268218386,0.03606489348295616,-3.5590376570267064,-6.00770214170716,1.4228290820123979,-1.563105958686812,-3.2299500006223743,4.947354541746443,1.356419939720461,3.0453333280884194,5.740382657249283,12.883531014246467,15.225931666005767
2023-03-01,2023-03-02,AU2306,AU,0.0009661835748790981,-0.0022760851493033598,-0.003158850293974944,2.6245020980150073,1.747738340658103,4.327048325477883,4.0396115975492455,1.5217491951718705,4.156666592548733,3.122125554734782,1.6153910111970224,2.9943473916341388,8.7112801281669,-6.4149188162559705,1.7120071318213987
2023-03-01,2023-03-02,RB2305,RB,0.002848326608117624,0.00023954964780977783,0.00024401475065278667,3.3059177262186146,9.31559611441378,1.3616653654896695,6.6483377947585645,6.586499951190575,4.778279879968553,-0.8277437020727738,0.8122354481799932,1.9351950860970901,-9.138653728516132,-3.049342124704136,-0.34936193544643834
2023-03-02,2023-03-03,AG2306,AG,0.008384458077709711,-0.002231464563237816,-0.0018236305177159117,4.803021129493017,2.2877425846572703,6.0432897503530505,1.843989132946123,5.553886152019119,6.151846617046102,12.735042144942605,3.970752404809391,8.60929879391665,4.9664037078391345,22.075478135451696,21.852714823311626
2023-03-02,2023-03-03,AU2306,AU,0.003954093933841163,-0.0020269298962190033,-0.0023730433970756285,3.2166896015259705,3.8038001666415644,6.772201532671546,3.213212381463529,3.165961192462223,5.458810170559671,4.503428561456554,1.2234829558536797,2.772479410079711,2.6065755551368954,-6.598238886186139,-5.264628762462211
2023-03-02,2023-03-03,RB2305,RB,0.010167888389690294,-0.0007118282421817394,-0.00046926281835970397,11.25546850289431,11.75890255628913,13.048740121998105,7.85820638426998,7.708772562140703,7.865222655983862,7.7794691016405535,4.114706633168951,5.1698683051704375,6.5202857520706345,10.350267597421958,8.680508180171827
2023-03-03,2023-03-06,AU2306,AU,0.004455943653873584,0.0008683487448041203,0.0011722904653639944,1.839031694838906,6.963514817976612,7.821458645342479,2.3328670740193433,3.869751798643574,4.150335685755395,1.439888435505503,1.4492688241337441,3.029996324799955,-5.709663898828331,-5.578492418308405,-5.695261482423625
2023-03-03,2023-03-06,RB2305,RB,-0.011737089201877882,0.0009462976812143285,0.0007383427746922575,9.661281001433021,4.829029232384088,1.9538676957797727,8.396308345237866,3.301945640119361,2.671252355070771,3.6324470276731087,3.4624168875537893,3.7992433974006756,7.132281728574582,-2.340342946344772,-2.9970400191048046
2023-03-06,2023-03-07,AG2306,AG,-0.0046268356467511484,0.00040551500961216643,0.00038148173018750386,0.691056065127841,0.021487052796474337,-1.6953866895358596,3.3501348812704665,0.3379170105624283,0.6336635670178379,0.43832518957414107,4.271783659972644,3.726588494152293,-8.781738160299454,10.051128834014756,17.550962900653207
2023-03-06,2023-03-07,AU2306,AU,0.0,0.002446572422791146,0.0031894484130263697,-14.49638582067113,2.9532148158747358,-11.37392950449311,-5.997724442518069,1.4477023626469774,-6.944699806481967,6.270594896937975,2.5153484897818053,4.845732294469534,-1.491124150703614,-3.1125389142887743,0.5179567534287822
2023-03-06,2023-03-07,RB2305,RB,0.008547008547008517,-0.0028129413766146126,-0.0033709267212558756,4.199575251834088,7.0887110979123715,1.2670684368781022,6.967230475864513,7.03691964371097,7.01939917402467,13.480735701949548,3.632083392063114,3.6222299212875386,51.444872505126845,3.9018562220896182,10.739435037554744
2023-03-07,2023-03-08,AG2306,AG,-0.030223123732251556,-0.0014071768328646629,-0.0008568686823443651,3.719387843466149,-6.511913279869045,-3.5319411163855756,2.654708672799403,0.24078877242093988,1.518192091259884,7.514829528073553,-1.1142030557840166,3.665095219059304,2.9634911233535774,-13.505422626259802,-4.6619355258908
2023-03-07,2023-03-08,AU2306,AU,-0.008318592532389868,0.0010965174753645166,0.0010978755308846105,-0.9573316856111598,-2.0430182813207582,-3.3781857656252763,-0.1990672230664523,0.47795515199448824,-1.347542737117028,5.060106434329299,4.848604024013244,5.50857860630435,-2.015213095827507,8.330494856438285,11.5315258722039
2023-03-07,2023-03-08,RB2305,RB,0.0,0.00047494657743897605,0.0004679538460678342,7.594870754214861,1.1979390143312783,-2.12912069835874,7.288058908968615,3.186700322894338,2.281684221442715,-0.1460100554412067,1.6956159310312713,1.9107661366832573,-4.64752173944911,-9.587122138003219,-9.628041121289781
2023-03-08,2023-03-09,AG2306,AG,-0.002918490723368805,-0.0036444664756427173,-0.005501898626720504,9.545919850508133,-5.3724847763716035,3.3496316179354433,6.4433662268943905,3.4085405345714075,8.424754943280787,-36.80281829646598,9.938750258027929,-13.085396832973421,-51.27228334975637,-17.17950619256116,-75.56798240418655
2023-03-08,2023-03-09,AU2306,AU,0.0011102529445838893,-0.003340972943501431,-0.006446670662055494,8.007685509181183,1.412204567349288,9.455255002325396,7.636453403724202,4.361025455835593,11.878916340433411,-26.209978853215112,3.456065075005154,-14.497765912757092,-5.549249757720871,-4.055160510873481,-16.703737459095578
2023-03-08,2023-03-09,RB2305,RB,0.01482352941176468,0.0002353771930368913,0.00016794646183186808,8.112485302699941,7.95324783183829,5.98003308462596,7.213956901141508,5.720798885120723,5.333277034687318,2.402222138221825,8.31789226400595,6.734858991293433,-7.231891205477814,17.939870495914576,14.689369532523392
2023-03-09,2023-03-10,AG2306,AG,-0.004377736085053208,0.0033409928759606175,0.002826658920901161,3.3934901639781065,5.897997308563202,4.3242500689482,3.393033382006934,6.602496236481267,7.210840085167045,4.263893120905414,1.8238813327867087,3.647410992654356,2.843846629408942,-2.724412275869782,4.744733568062294
2023-03-09,2023-03-10,AU2306,AU,0.005441325179371237,-0.0013024918023634155,-0.0014022363445325193,4.488250899558942,0.47260270465716436,5.6553134273673535,4.294568322578217,1.5817497097857323,5.06535355922682,4.711145034353292,2.637390829601321,3.656990816861506,12.147898874426515,-2.4226849953328147,8.414770281654238
2023-03-09,2023-03-10,RB2305,RB,-0.0025433526011561236,0.0002353218036509739,0.0004254998257049708,7.992996315452904,1.1933888034282285,-4.9937634815824286,7.079675086724401,2.1125243737787898,-0.5348525385111764,2.0861858358777607,6.696865629446287,4.949319226365687,-6.059522044239192,11.131036756481874,13.77366320017219
2023-03-10,2023-03-13,AG2306,AG,0.023963325692852644,0.002922757821767035,0.002870730839255498,5.131448169290075,1.2202133710967642,1.88950562867594,2.8973566367114345,4.170294306500752,4.5960959868255475,7.65355322138202,3.069343197167235,5.2225366241387805,8.819514341526231,8.44892245241564,7.760987501659157
2023-03-10,2023-03-13,AU2306,AU,0.008041355542791617,0.001349202729604238,0.0018512457396234099,2.3456464809913653,3.50884337047341,4.592319646481465,2.319907064671713,1.896571611897251,1.9385976409137429,1.952172167644956,3.0347115394467914,3.3883570192655004,-16.26958946171622,-0.7431724525524105,1.3149453393341932
2023-03-10,2023-03-13,RB2305,RB,0.010168708111855773,0.002778422718136641,0.0029931359573377296,13.250852426805057,8.484746133900796,11.639464433396487,9.111323132266135,7.658618869445094,9.927119724011096,8.301209562516211,7.46452846551446,7.275979783379894,8.819514341526231,12.49908979733653,13.825393780675727
2023-03-13,2023-03-14,AG2306,AG,0.0005935892362485262,0.004804186785807496,0.008250229270185207,8.509023512432183,-10.882500855996733,-8.506531787245136,4.696727807899184,-4.7756350222975135,-5.0166180045951965,2.186479162809777,-2.703942922138808,3.7647819770990303,-8.281945131627587,-16.32697264363157,5.024242361620745
2023-03-13,2023-03-14,AU2306,AU,0.00580325548478422,0.0005745475596143127,0.0015201862762070986,3.8159168771464986,2.740953110387588,2.8638163878791043,2.4738078044648355,3.56459518210749,2.8984636232917085,4.854077774523541,7.434117531696085,6.726803460669102,0.09047781435853333,7.159552219384749,8.855315627479525
2023-03-13,2023-03-14,RB2305,RB,0.010397412199630418,0.003008913275783043,0.002985430500043762,8.99830632642923,7.240352792001028,7.444252617067028,8.364249369872265,4.1449256190284185,4.787196983227812,10.530180518365091,5.9342970972091456,7.093510980390694,19.72013166112853,5.564731780378369,5.558340102257701
2023-03-14,2023-03-15,AG2306,AG,0.000990099009900991,0.028091734867015085,0.04043344982162986,-42.75605562163603,14.630840132431743,-56.20014506646973,-25.769190279734797,7.10241407417584,-22.437960597695902,-27.559820045695524,2.805923447648016,-2.0125345420387037,-56.21734182790857,0.4228035314328066,-41.60816231200137
2023-03-14,2023-03-15,AU2306,AU,0.00037525212251998674,0.006389798098770988,0.019169394296312967,12.58034214799282,24.037627888821127,38.47061608861785,6.94041337380315,13.120308578908066,17.85670941719311,9.176000505767098,6.9234499718760105,10.515961387970005,35.790744722493436,4.237202859543066,13.946291733167712
2023-03-14,2023-03-15,RB2305,RB,-0.01073304407398945,-0.009886274336997042,-0.010962448287667032,-6.405269419041054,-3.674268882694228,-5.634549509982255,6.176576214890481,-0.7551360755021763,0.4055979331615185,-4.37926532094715,4.259033263262519,1.7957101715631378,-9.283411859494528,-1.4445819736414756,-9.090661488576755
2023-03-15,2023-03-16,AG2306,AG,-0.019066147859922222,-0.00138517881057755,-0.0011888582676927324,-4.383938897598829,8.594593316242234,4.592979295809007,-5.560897021351223,3.5829866459062405,-3.0172386065497636,-15.6219298238603,4.8598871998959,0.10474347380272367,-48.51428479948754,8.61492201687336,-21.836832354496384
2023-03-15,2023-03-16,AU2306,AU,-0.005544261689151675,4.690761545999698e-05,9.974154701270231e-05,-2.5565777715679605,14.56976391687594,8.922718713586708,0.14208668545654524,7.916924861127318,5.536711054653114,6.33360574983252,7.9614838828226855,9.129175223117432,-3.854633064206819,1.9108163437319472,12.636283500240452
2023-03-15,2023-03-16,RB2305,RB,-0.020954598370197863,0.0013711153884776847,0.0014007715993259774,10.937141359730276,3.6217365642720423,5.104383514521129,8.70994620263836,5.045392186761013,6.847424597622964,4.5480230041093686,9.582143974759537,7.5816805223946195,11.463925253757944,28.846777541834957,10.714476802445665
2023-03-16,2023-03-17,AG2306,AG,-0.003545400827260181,0.016675226994638952,0.025016311185114253,-12.8595577223542,-0.09506923230683917,-17.113153214267776,-5.240571788273891,2.740526389862361,-2.3866849258097287,-19.755378832157096,-0.9515962544780977,-1.359416780280758,-51.9340829543276,-19.255558898821867,-31.42825441876063
2023-03-16,2023-03-17,AU2306,AU,-0.0003236395580008544,0.014754404165033022,0.04426321249509907,-73.8606304121465,17.713199659647312,-53.018724258112975,-33.11068836690911,11.627330382668067,-25.390494899771756,-12.85350813690045,7.5759726363901745,5.431040803198042,21.039129521551686,8.586490165205255,16.239601574949752
2023-03-16,2023-03-17,RB2305,RB,0.014037592196050497,-0.008577773702525458,-0.013844237737681911,10.205508366112129,9.55243245399471,10.558768249680078,10.575897330975582,8.63266327457279,12.269234859215386,-27.67627314524799,10.416627331535183,-12.615110181857155,-20.066867261789962,38.00370646041062,-22.857117414829833
2023-03-17,2023-03-20,AG2306,AG,0.014589905362776046,0.00691770719952921,0.008846024491041929,1.3144462440268456,-1.0838585624682113,-0.037821767533715356,2.3811852823346453,-1.3161484391119433,0.9855420861848376,-21.94017490144528,-2.6888160283350846,-6.4314670420266475,-17.503788712356403,-2.3860917460186744,-7.282221264737078
2023-03-17,2023-03-20,AU2306,AU,0.022611333241417286,0.00486641518399118,0.012514777420193685,6.8975473897894,12.157792283769295,18.641061279529122,1.6987316805581876,6.915617914656192,6.971401820809568,-2.6129923520762177,10.113009285415512,10.158160935895237,16.43645661022197,6.705040175246606,23.382445824962144
2023-03-17,2023-03-20,RB2305,RB,-0.016877637130801704,-0.0004757374019317509,-0.0005430963070030964,15.903653483254164,0.5916697650200637,3.4428220578155693,9.598756979627765,2.1396344129579825,2.472793750319525,5.143850957240875,-6.251252657314185,-2.357664776393833,1.4585231175689786,-2.1603832176131688,-14.759386381456588
2023-03-20,2023-03-21,AG2306,AG,0.0050920485703094265,0.0025663818251256813,0.004041445570695887,-25.406975019393773,-12.836908473682792,-36.60570714337432,-5.029634936348118,-6.875110930408671,-13.522237550748818,-18.302302972666155,-5.596220898844001,-6.895648410747063,-21.037094321492788,-32.34367789887126,4.122564017805621
2023-03-20,2023-03-21,AU2306,AU,0.00013590033975074967,0.006316150178805307,0.01894845053641592,-9.814960112541037,1.6223331280759825,-7.56178673334815,-5.869548911469997,1.514303566898732,-6.704318336898721,-21.066044165447213,4.018076729944148,2.854568736737571,-16.407614276231115,11.98909482464855,20.767670007265888
2023-03-20,2023-03-21,RB2305,RB,-0.010476190476190528,0.0009380863727333207,0.0008808373193110918,14.55023424859063,8.607661373379804,15.811427958492022,11.209623869090914,9.650790714813235,14.584808373025062,5.124778714763687,1.0725608121183736,3.8455875983126497,0.7608219612792843,8.680349416172211,0.7658559240512539
2023-03-21,2023-03-22,AG2306,AG,0.0023359937706832756,-0.0078033950402603,-0.00807886273807891,17.73942474426995,-9.24349433585865,15.669732019110688,1.5810561971128094,-4.24738436617389,-1.492630837333523,7.7441943826871995,1.87384246757991,2.6972795242759786,11.629272855695628,-15.57097133480685,9.15581698020042
2023-03-21,2023-03-22,AU2306,AU,-0.008335610822629014,-0.007941204932506945,-0.018550488845050072,-6.991970670955554,3.971949042346761,0.16969240455094958,-6.312184948539103,2.8976026082239965,-1.6972428787215716,8.558498678325035,3.7838614348034767,2.4404552855165957,30.501894207014697,11.371675140709534,19.188845504971475
2023-03-21,2023-03-22,RB2305,RB,-0.0019226147560682527,0.0014295928095943715,0.0012573501719872612,7.228956830446007,11.676901096331418,10.532339356769231,9.148668097984533,11.473059000813638,14.047457184487056,7.658073766831471,0.13110732387545737,5.691114830050142,13.520649791501091,7.980924792046403,-2.1317064913343704
2023-03-22,2023-03-23,AG2306,AG,0.013289036544850585,0.0009738047317408231,0.0008978245660436842,-11.048223058525501,6.748761626546118,-6.281014421320069,-0.6633927793578671,2.2052197409923995,-1.2608441426215609,2.264908661819602,4.750808731338522,4.258969946327942,12.86159615179266,8.892046331999726,11.668673853641504
2023-03-22,2023-03-23,AU2306,AU,0.009859933652782926,-0.005632282331035207,-0.014052019766811119,5.927958721954653,9.72210768949998,12.2641261083118,0.4635901679941674,5.927785248967414,5.833279433653072,3.739591535291808,10.460936593780719,8.079089684091386,-17.553712611955312,5.671645078121059,0.5723297217620358
2023-03-22,2023-03-23,RB2305,RB,-0.02139937484972354,0.0012023567638233476,0.0012092327533471169,12.06938398857758,13.497137013014035,14.784375896046187,8.132151474644107,10.403722170456358,10.895404684549113,7.686214502235245,0.4247993542392681,3.2486952661049586,5.685707239413843,3.650950188123444,6.6368631084782255
2023-03-23,2023-03-24,AG2306,AG,0.0071428571428571175,-0.006234191241049525,-0.007948538641039633,9.557430776199066,-12.859541833942016,1.8628934114915636,5.122330792357445,-5.403876295850568,-1.6269415103865614,-3.7417160640466824,-3.8448838231172484,-3.6499471714022524,-22.902584374719652,-7.946344552558031,-24.87016445441038
2023-03-23,2023-03-24,AU2306,AU,0.006440120580980979,-0.003082233607479027,-0.005629724101069081,8.0115998389916,-1.739698876779268,6.9053798635282275,3.190606067927874,-0.8561288090221346,0.6516629575005344,0.41638206469056505,8.137374221003666,4.69366504167678,-18.389816297663643,22.938352359290743,-1.6196384590424682
2023-03-23,2023-03-24,RB2305,RB,0.009090909090909038,0.0014436961121582165,0.0015870762147489979,2.8727794343530366,10.369524701926686,6.917259481846106,5.1032816640286205,11.965636646228692,11.473154615088024,8.31935211770886,-0.0352148667715952,12.155767425671032,6.064288694386887,-6.104101005240371,24.15182393681538
2023-03-24,2023-03-27,AG2306,AG,-0.01645234493192138,-0.000964785410099001,-0.0009995607671137625,8.963072447579732,-6.146452595285329,-1.0246129225155993,5.926473071729893,-2.7155151290638893,-0.42935408143093534,4.497697558519737,6.173299745331203,4.496352612156809,2.0435193377288257,-2.0565473373512013,10.239976259045958
2023-03-24,2023-03-27,AU2306,AU,-0.012530989407257165,-0.0010955903588348982,-0.0019039768872495253,5.974274035568159,1.1362105766971444,3.804018199644196,4.4349209550695825,0.6515747919037276,2.121583678815367,5.218298195782895,10.515189066413077,7.641179380448802,5.589910040483773,41.914114325853426,18.764902907257202
2023-03-24,2023-03-27,RB2310,RB,0.004950495049504955,-0.0032286132603013447,-0.006838194719982525,-0.2355494121447399,20.372972441718023,13.384463920506194,0.5953837712107326,13.49201589167535,7.263807014442515,3.395516107096046,7.088631715547265,6.0256998320642525,-3.774561109291348,-5.821608877984817,4.9459557705133905
2023-03-27,2023-03-28,AG2306,AG,-0.0005788153579008304,0.013517578509129597,0.01925482128183249,19.932101854317985,0.054653025007503686,10.902552962383535,13.965046860575438,2.2144920774269075,13.154909949802498,5.793019326490308,4.828053609466396,6.192722931216596,20.829366938272756,5.465641722392828,13.540368194090716
2023-03-27,2023-03-28,AU2306,AU,0.004467575534266688,0.006784286536922488,0.011349655416056913,9.048107680067517,0.29878231291136226,4.1686171224450606,7.676103159135119,3.02022078032066,8.552860114578877,8.827931100379327,6.431950319306853,9.622402747191119,-1.341899851450001,25.20033968097471,21.024947040890854
2023-03-27,2023-03-28,RB2305,RB,0.006326034063260266,-0.006595846558351189,-0.0047803553547379075,-6.3703704938210395,10.222131993470287,-1.12130847197865,-1.1893052647282083,7.613642524643542,-0.28641094000592604,-0.7057235504500777,2.7494508187803164,3.276531898388897,-24.584089614787047,9.240398219333791,-9.07090953778196
2023-03-28,2023-03-29,AG2306,AG,0.0021149778888676085,-0.003466875583365914,-0.0021904856254391933,-0.1914998523259901,-2.4350961654902927,-4.513873688216501,1.7702042437972882,0.3457302779886957,-0.8021445142216552,13.96174254989655,7.786311842501791,6.630999117823207,10.998627703120196,18.25161063651237,13.032148679606484
2023-03-28,2023-03-29,AU2306,AU,-0.00027404768429706294,-0.008941117360849106,-0.01032973627402646,31.49566239913607,3.901218253244674,32.92377599309592,17.308268135372202,1.5175861375751936,17.12122427912701,1.740855746825783,7.844373652141161,7.064491008982426,-17.76992276178679,31.050766376670204,17.361242744498046
2023-03-28,2023-03-29,RB2305,RB,0.002414875633904856,0.0012172856037517249,0.0008854490678392807,7.296124157504128,12.88987340115843,11.659056051320789,7.314866668109835,6.8791830295540155,6.809725407108634,0.47662197514497107,3.226340877000929,5.815939811405054,-0.6442638375024373,6.051489117043875,4.589703299225829
2023-03-29,2023-03-30,AG2306,AG,0.0126195028680689,0.004045858519543796,0.0030885190059314464,3.946085940216733,-4.91919901168299,-0.9622593618640733,3.882520755724191,-0.6973796316961192,0.8835004183047621,8.77060520631672,9.378001918948845,9.673771481881099,10.750535741385818,45.16098376559775,19.063266377351262
2023-03-29,2023-03-30,AU2306,AU,0.0018260671079661783,0.0038898980472764208,0.003941856718644981,-5.794207708413706,-1.112769014706838,-9.319805249432958,0.6809804764143879,1.0991411372697266,-1.2790247342580945,10.11951030385422,6.669117013088518,7.740393236345486,11.093093159859201,5.663184636888597,16.64108630410086
2023-03-29,2023-03-30,RB2305,RB,0.00048019207683069887,0.0012081673573020979,0.0008073247872449491,6.608824577226347,11.778476145395896,11.301927418367082,7.038224338707067,6.957420661629279,7.229040827151075,0.47662197514497107,4.933670474265259,6.388564911907165,-0.6442638375024373,9.802848767229753,8.265649932336057
2023-03-30,2023-03-31,AG2306,AG,0.005267118133935211,0.0034476188142327432,0.002493110252374542,-0.8768374368992147,-4.757513039450844,-7.612990716497944,3.070637322175344,-3.0343948889254797,-2.915787347629348,11.131245626420638,2.3124698652885254,3.2345649626477893,22.302365272744904,2.7593423001751747,2.287480856427297
2023-03-30,2023-03-31,AU2306,AU,0.005194568486284412,0.0007763798257218485,0.0007162489834094272,-1.949750655520015,2.145760712427175,-1.9957552567335775,1.7018545404596366,0.7232505641042133,0.07530622786116936,2.6698718956597194,7.126265308671151,5.634850592843769,16.044306845031077,6.640656692855392,13.384958423311684
2023-03-30,2023-03-31,RB2305,RB,-0.0035919540229885083,0.0033670065479042485,0.002699788176424729,11.771311715042447,15.0534380752171,16.334485710467078,7.7339623406549896,7.732953849265761,8.423393118063503,4.448647002035575,4.331258657158873,7.33616228456789,0.9038215825809023,5.872610540895636,5.769814821526714
2023-03-31,2023-04-03,AG2306,AG,-0.011760313608362938,0.003769322216291917,0.003562350925587226,-9.508151898223446,-0.3214376582306131,-10.331982077170498,-1.7208408555759895,-1.244145825182394,-5.572674292834217,7.5453352506346905,9.328491170799193,8.970557358572153,10.151235545513229,11.785100757661148,16.62440659185121
2023-03-31,2023-04-03,AU2306,AU,-0.011751361161524532,4.5567428410146536e-05,4.598744494994581e-05,0.7394978757993842,2.2369327381020145,-2.4837991673842588,1.1748717601804617,-0.008304754628086553,-2.3129719185631443,5.832260389765273,7.664625190243853,6.9752640467532565,-2.5367775051076853,35.18234623293305,18.532691268794725
2023-03-31,2023-04-03,RB2310,RB,-0.028523084360647766,0.0007266562024965745,0.0015331809581208497,5.569720844587379,15.514659152513318,15.738533591963224,6.1648419716595,12.915589655951184,13.265897603767577,7.1754926314180265,6.788456690739277,8.684255446851665,7.427055501222246,-3.2989172187563027,7.176261294342211
2023-04-03,2023-04-04,AG2306,AG,0.0013091453151299337,0.0024296806644787654,0.0024356568674235948,5.548632982555672,-1.5297679642608562,0.599257017558743,2.1191993257768815,0.9842064303395772,0.8978434812958795,6.879582437770834,8.69704467390931,8.188962221276693,6.580127623486601,24.471219659688458,13.673649043957786
2023-04-03,2023-04-04,AU2306,AU,0.0004994551398473934,-0.0009070295406426149,-0.0010587151223733636,7.244146287203686,-2.1431715422322006,3.6144601484666494,2.7243852235923187,0.8911561376573336,2.309482386058119,7.6294955700507945,9.183905640661157,10.081535573081311,5.685707239413843,45.49492431526724,26.128707122049832
2023-04-03,2023-04-04,RB2310,RB,-0.011194029850746245,0.00024175027314638016,0.0007252508194391404,3.516377535565616,32.32614535742517,34.349798594313,4.968004744972717,23.82370196598549,24.72839666982693,8.365788032081305,14.626102454384215,22.15954768412918,7.678879229851314,28.713920508534063,51.7344698276025
2023-04-04,2023-04-06,AG2306,AG,0.012026239067055355,0.009961552161685,0.00855815459881666,7.05123957508942,2.305427050080529,10.190810020680662,4.976528623462704,1.5829388445802057,5.9236403792198065,-2.8070618369907416,9.537529408630856,7.472761854542064,-14.22664689270117,45.13506063112342,18.93806568551523
2023-04-04,2023-04-06,AU2306,AU,-0.0008490481723121279,0.011094737707215335,0.012067134715976178,1.305893140984613,4.794442974487396,2.5277904586295348,0.9422740199496022,2.8704422194385373,2.325448574110996,5.9200233194799585,3.9096845191185365,3.2915103174351903,-2.933593615086325,6.935499733953782,-1.7374369123571267
2023-04-04,2023-04-06,RB2310,RB,-0.005555555555555536,0.00024878716386554346,0.000703855113943911,4.6747292559655325,32.14680401259151,32.82213631596984,5.351466315919232,22.87735028267572,23.332087623749516,8.251271552161183,5.929429489075803,9.42085434925148,7.678879229851314,10.818359290613776,7.085816397759254
2023-04-06,2023-04-07,AG2306,AG,0.009010632546404773,0.02471994532542329,0.012883796533953482,-25.286017823711276,-12.45616568839336,-21.936930026860544,-6.393178081346712,-6.890953143115902,-7.974603730669315,-25.40266848434948,4.189761580636851,-2.8423946437236554,-56.712906107397934,9.226649779250387,-29.300087226329122
2023-04-06,2023-04-07,AU2306,AU,0.0011638316920321579,0.015446235091579165,0.006911217472876561,-45.08859470059811,-2.0594302173797874,-34.76882642508999,-18.257183389552335,-0.9131106717314506,-19.768601578508893,-20.94685370492685,8.173481639665924,-0.5757427278307485,-27.221040064069992,19.579240981170084,9.23625708761653
2023-04-06,2023-04-07,RB2310,RB,0.009362348178137747,-0.0037807228399060443,-0.00974652709979729,8.635560075803838,33.74823986869371,31.30018226177598,4.218938822724489,23.077515995020867,20.674261309758272,7.049572731691458,11.65638928680326,9.792285317317475,-5.944924348068927,10.831520676103752,23.0591151644549
2023-04-07,2023-04-10,AG2306,AG,-0.008786085709162617,-0.0009006575408436077,-0.0008742541595252126,-1.08394910944559,-12.155835582304368,-20.306137365009143,-5.601709992746804,-8.033032892268835,-17.67979547345342,-15.445215285189779,-23.05166252622983,-25.003276020544828,-47.46246153491812,-56.81690369306389,-68.01401999051647
2023-04-07,2023-04-10,AU2306,AU,-0.008242250492743297,-0.0008501309266118233,-0.0006232637620774082,0.0802443485656088,2.9185553093050336,0.4185563175870022,-3.267134546355824,-0.505711714734165,-5.655697447616658,-10.618938669566003,9.468400141204443,3.466337021024133,-3.156185862653044,37.172693471793046,16.542900484135057
2023-04-07,2023-04-10,RB2310,RB,-0.023249999999999993,0.0035487996686876157,0.009920879506871053,11.365218448522167,33.694863274735894,37.53193932302297,7.079969109186106,20.985590206880957,20.560569276173815,11.434270118454448,11.758235142740903,11.640999301392624,52.0862317220986,18.352058845225894,30.038101307658152
2023-04-10,2023-04-11,AG2306,AG,0.0084975592117158,-0.003937012959339532,-0.00284014099022053,-1.2090270632716518,-6.397734335453318,-13.625314644987272,-5.075751799272278,-2.9067255028251964,-10.424665910414728,4.926227101781589,8.252094622394715,4.889681353494338,46.692716172436455,20.32957335610411,26.314533281852718
2023-04-10,2023-04-11,AU2306,AU,0.006379801818922282,-0.0018796156798094284,-0.0011989777075606608,-2.1791510422794875,-8.546217663506416,-11.723538952394362,-3.637956651965271,-2.864393108009624,-6.827549994941171,9.454387248925826,7.829819544426463,7.027348946255994,12.658639528675348,22.1336966747255,17.85134018458949
2023-04-10,2023-04-11,RB2310,RB,0.007162957278076254,0.002753788196621087,0.008261364589863261,12.937486730195626,34.48408939870934,39.367677013754175,6.602447688639161,25.151699758533844,25.687889345696373,12.947568610124506,29.443915562774126,29.33402054269036,36.892001647125184,73.46278426484382,85.67281697049141
2023-04-11,2023-04-12,AG2306,AG,0.019956850053937325,0.000542544547172155,0.0004281144480926776,-22.241699204239193,-9.430624045760721,-38.62998313872793,-4.028512512926738,-5.381039715740617,-14.071949561072012,-5.539410610687048,9.513868414395693,6.797291084198653,0.6866867469280015,32.03374985572902,11.11799088003715
2023-04-11,2023-04-12,AU2306,AU,0.00990009900098987,-0.001763070911704615,-0.0014231989834465474,-6.294270341537671,-0.43852653543806275,-7.4867164947477125,-2.88563894870534,-1.808102630247288,-6.304732590825516,5.445622983956051,6.955856404859166,5.1827931233012,13.83209442955356,14.102066943545106,13.944111638653897
2023-04-11,2023-04-12,RB2310,RB,-0.010152284263959421,0.0005117707378841788,0.001250129935879254,8.237022469618626,34.81081126552295,33.92461965894731,6.1610104418869485,19.899716304714023,18.373482211635817,3.3283826149394202,7.006123797268534,7.583933818553127,-5.404480019028461,24.527228784732948,10.253355090175694
2023-04-12,2023-04-13,AG2306,AG,-0.004898530440867743,-0.0028725333935241387,-0.003153973015735962,-0.018399464466742455,-23.474758112589225,-28.208401629852304,-0.5980142095335124,-12.82251986513064,-17.596193383938022,4.694348352427567,-14.668111281856172,-12.747731036362254,-8.136555142074494,-41.15135130426749,-40.725346654322706
2023-04-12,2023-04-13,AU2306,AU,-0.002533558538536762,-0.000899604234833213,-0.0008717481517751922,3.4186395457862706,-10.577628118950335,-9.649993895787768,-0.4483122066707752,-5.530284873594778,-7.923043158795592,4.7338029165979405,5.2991554023797285,4.358609317758829,3.933854971916171,-4.327028737475087,-4.778062953310978
2023-04-12,2023-04-13,RB2310,RB,-0.007153806847215116,0.0007617113482420086,0.0013723965652692651,8.009465499556642,25.777443851104813,30.569628829061642,5.641448563900401,18.835110190550765,20.165979249524646,8.201663605493128,15.461571639710822,14.485923181925843,7.678879229851314,15.22430587949257,33.77373747165648
2023-04-13,2023-04-14,AG2306,AG,0.002772963604852796,0.007551181723190883,0.009420379760328538,25.23098909723069,-4.842479388450744,12.76802334896574,9.330585365914814,-2.484323251051398,3.133199052036695,3.8261827325679634,-0.5893759452978008,1.2228074913138132,-5.43739976042144,-6.853422951626644,-1.3743921182652405
2023-04-13,2023-04-14,AU2306,AU,-0.004327092900035301,0.0024922131279595436,0.002415717399683582,15.615766468913499,1.5961776247272303,12.286175237109239,4.757624913092888,0.0763066813372828,2.6857944096725053,9.56057121905223,7.530604760342314,7.5554441370198475,9.6893626097904,6.507239900805039,12.547864046816066
2023-04-13,2023-04-14,RB2310,RB,0.00257334019557387,0.0035833158382837763,0.008223523548294226,8.391404923896536,33.34569821332763,32.939547219145624,4.284402063539039,21.074903136276607,19.546610402727342,12.542261868796432,14.528384031866013,15.466086898428903,53.79467509630157,20.592667342555764,28.355788133899317
2023-04-14,2023-04-17,AG2306,AG,-0.012315698178664403,0.014313388019068467,0.018516159718890222,9.34799351199114,-2.61614870110791,5.3948864133942935,5.910240549874152,-0.7077629602012481,3.5124348317582106,-4.16102088332807,12.521919005057793,8.936168361145024,21.021273825724666,23.884637224961757,24.029677222855664
2023-04-14,2023-04-17,AU2306,AU,-0.005927708695458445,0.009181904868159004,0.01006423983748074,-11.920315148329365,1.9592280508313586,-9.126945357775687,-4.767730686216901,2.5924716317392766,-4.118531494571986,5.339018270586738,7.354481947743252,6.69453252873636,-7.947220741683488,21.35754740430958,16.485900120018627
2023-04-14,2023-04-17,RB2401,RB,0.009176717357105346,-0.0028966445533472845,-0.0030601986904303367,3.4363931774812535,-1.3886348295774122,-0.4011620591484215,3.3334143036484796,4.27141833556152,2.445797960449574,7.045171385108139,7.016584647889532,7.838980292497444,3.776998595525022,11.20491969497674,8.821981853557002
2023-04-17,2023-04-18,AG2306,AG,-0.010204081632653073,-0.00363605283292105,-0.006173174766782709,-0.6615058813925216,-1.1277545923956134,-9.507123272280264,-1.7247565114245607,0.3441557194457019,-5.200288884708645,6.011702696693743,12.739170001737088,12.834781022922051,16.476827041842707,16.80018341245193,27.713767226673003
2023-04-17,2023-04-18,AU2306,AU,-9.002925950940543e-05,-0.005023684071047136,-0.007720040098839953,14.310658406577858,2.752976270757296,10.887602264165118,5.615572043501786,1.4411786830534736,5.591116430823496,10.93815155234414,8.326824444147388,10.302299680527241,34.96846482581921,12.921991642852852,39.23497529729845
2023-04-17,2023-04-18,RB2310,RB,0.0012674271229404788,0.0010261673553121748,0.0020135664851763787,6.864704212551712,22.60378535049842,21.717156534968304,5.414089764918972,13.990484081785578,12.457837569950666,6.010247429755279,12.96496202811885,11.235292206543779,7.5108631835476265,25.307041831326334,28.92762992904195
2023-04-18,2023-04-19,AG2306,AG,-0.0031982942430703876,-0.0017577786209915882,-0.001776699689332871,1.277154288054943,-1.4988863006651658,-5.992635381287069,-0.21594142582909193,-0.000636394288750175,-3.440450100185197,12.050800870589022,8.93944193234902,9.029230795633044,15.901994261375098,16.778105646264486,9.321358002597599
2023-04-18,2023-04-19,AU2306,AU,-0.001619069035304621,-0.003998298190241506,-0.0036465613221008616,0.5648140054171034,4.1163872047360375,4.582750264802379,2.0107728890035688,0.42193954192701755,0.7653114570295836,8.529869810799106,4.585701604035058,4.525237704418649,14.98318341651478,8.299973323334273,10.728249686087837
2023-04-18,2023-04-19,RB2310,RB,-0.005822784810126547,0.00431856380561822,0.007773304414836368,0.4858430392145028,17.002876303991062,14.025856634768928,2.608148152932535,12.689360357680311,10.202354561851788,10.925827073283617,13.815672079635451,12.540042236866146,36.461325390812426,32.7492393836097,36.90521784536756
2023-04-19,2023-04-20,AG2306,AG,0.00782918149466183,0.0003554291844774232,0.0003550402532808139,-10.499043003775956,-3.9949144661520726,-18.73827790440771,-0.7474570033861383,-0.40151221359688716,-4.379556223547375,6.073163509590965,5.3182563067031605,4.79075916281567,17.18335370368246,-3.2457882812025183,6.082257078574365
2023-04-19,2023-04-20,AU2306,AU,0.005974202308214549,0.0009899208871744368,0.0009978130053489086,-0.8103536553183304,-4.186241311857669,-5.592015609524179,0.557864022617772,-0.002704732084479744,-0.23733006563192038,4.651028062941086,2.9142030128069156,4.302515997784103,4.014751325414521,-0.40899982119472494,1.262384815218326
2023-04-20,2023-04-21,AG2306,AG,-0.012673825030804386,0.001780944370994692,0.0017413091098471168,-0.15534773120806777,-0.1929232707195041,-6.361862308458573,2.035969260215749,0.06113687655254463,-2.4123864318928576,5.212009992068693,4.200333311834358,5.412928805702451,2.083649804796006,-6.512674995206672,4.151217876990419
2023-04-20,2023-04-21,AU2306,AU,-0.006734006734006703,-0.004695904235927054,-0.004990303305608888,6.204707571645566,1.5147146526008979,9.935181183379193,4.931534007976222,-0.14718504824126954,3.515447893891915,0.623372124458657,2.815196106606502,4.094794477688446,0.9173789269848397,9.447794857120586,12.042727725408275
2023-04-20,2023-04-21,RB2310,RB,-0.024077868852458995,-0.004082679822495507,-0.007553573982725237,0.35455369367341705,21.136278921268655,14.532793608236302,1.7711242344967255,12.7511083097523,8.608331794908443,6.169794334518435,6.410773452076057,7.198453513603471,11.44719614110368,3.019168890057929,10.7034459321952
2023-04-21,2023-04-24,AG2306,AG,-0.012035398230088479,0.0029969171835711253,0.0033231709099904435,18.237158417224727,2.4070154988846952,13.378751522958607,6.0864210148558575,4.48239197476445,7.348729294557798,8.163092726445964,3.619645103769613,8.466611514955893,9.09541831603257,18.13616232350034,12.662930154008011
2023-04-21,2023-04-24,AU2306,AU,-0.0023969969698339755,0.0021572072542434388,0.0021680592528178604,11.153324837053038,-3.8271226281373605,4.104931295476229,4.4780074670597925,0.6513921310313573,3.3725186522744175,5.779631076429208,3.2768602880663305,4.9290438131864205,2.9634911233535774,10.929281611962098,9.108212133211953
2023-04-21,2023-04-24,RB2310,RB,-0.025196850393700787,-0.00255820042303844,-0.004280576953394625,1.1963319810718387,13.99148175674622,12.484703925312026,4.032080001734025,13.983806032375867,13.689773902095649,-35.76695696946267,8.055580917052247,-15.22803534630583,-52.888790671527595,6.989179403150858,-84.03067212089559
2023-04-24,2023-04-25,AG2306,AG,0.0037406483790523026,0.007283094632149769,0.009483120671968416,17.436840553898843,6.568750268713925,11.202355989901438,8.101765759950021,5.9156210228261825,9.292167475959266,2.630111738009709,8.458470247249513,8.112267391098175,-4.971927767057529,36.72995601554055,22.20144012280932
2023-04-24,2023-04-25,AU2306,AU,0.007882219705549254,-0.0006329686439742883,-0.000844431315891229,4.250763624752759,0.47803735982522255,2.6537960151415514,2.751890179932015,1.7005985945761286,2.655743984143573,5.200354538301222,4.778848776521645,6.9835146064676765,2.6065755551368954,15.160276500156192,16.416969861851285
2023-04-25,2023-04-26,AG2306,AG,0.003574620196604039,0.005716342825560246,0.005273042595226636,0.7916863848005433,-2.695521568690333,-3.5385867070158765,3.3066165242126244,-0.5853022113896893,-0.5792773869725143,-0.7126013244688277,6.175320429728175,4.276281714584693,-9.805670295020358,13.752400138787037,4.279698717380971
2023-04-25,2023-04-26,AU2306,AU,0.0020654663014680885,0.0007703986060684523,0.0007363324572555873,1.6889908209124744,-2.3047506452827586,-4.086771966275375,2.8608893223898266,-2.4362429898326416,-2.598540301242091,5.035653115322472,2.8194255981193104,5.103142955059016,7.132281728574582,-2.204246284806576,3.318245275890754
2023-04-25,2023-04-26,RB2310,RB,0.01335149863760221,0.00026921523920837306,0.0003656081717404516,11.444410566558673,17.44945525852657,25.19331946812636,7.953421370154371,15.643249317488312,18.78467423035578,5.155168497265633,1.4771512636482058,5.409986252611223,2.9634911233535774,36.03099351931416,9.488188170350933
2023-04-26,2023-04-27,AG2306,AG,0.0067881386209360794,-0.007123805727851018,-0.007160022446366249,-2.564111907516266,0.03661753187515426,-2.3262245481659507,-0.20525856173033574,-0.6257390615931584,-2.8537714171255666,3.2593594772637227,10.125137999212608,8.86030438346008,-4.162977424454174,16.70310239587772,20.242121160003812
2023-04-26,2023-04-27,AU2306,AU,0.0022856630663738997,0.0009883199366915653,0.0008470328451072742,1.1064717556064183,-6.864872547460687,-5.797723853246,2.0909149004917977,-2.566608803932147,-2.0875701187751745,5.960946460029597,4.387034753539765,5.397620532928844,5.454157916912381,8.818536246541482,10.299230015012792
2023-04-26,2023-04-27,RB2310,RB,-0.014155982905982856,-0.0040788635748210044,-0.005460382676781037,5.258020459223198,13.788914243793524,12.44252510994409,5.922771466943214,10.149831540927963,8.54602944926814,3.6502940174555776,-6.104043553619926,-0.08866943349114097,14.458804577898302,-10.538703840430212,-1.969245120735089
2023-04-27,2023-04-28,AG2306,AG,0.00142577080734263,-0.0030321970971447384,-0.00278678172090914,-2.2658730575821586,-1.0452025797500961,-5.090333671172333,1.1390045513191827,-0.6848616542746608,-2.8236957853605635,2.4310586552123303,6.930162522211688,5.8328661487460485,2.833745572869698,1.3239907424931998,12.103413073777137
2023-04-27,2023-04-28,AU2306,AU,-0.00031518753658421605,-0.00017925162494780654,-0.00017595417693926985,-1.319568523530835,-3.858584354778133,-7.189693605129419,0.9372439634766954,-1.6123015381772587,-2.67586585287934,7.71708815775152,3.9691667237125694,5.238093027961229,7.678879229851314,6.416779317070342,10.299230015012792
2023-04-27,2023-04-28,RB2310,RB,-0.008398807911135231,0.00669974367241271,0.008248757589041561,9.691990817907644,18.644853795565112,15.394506417400939,5.9266142796573495,16.309305939238836,15.797291716814778,3.2355007885353313,-0.908621605891739,3.1734649833276105,-7.691868804848461,0.9130555077398419,-8.49314166406218
2023-04-28,2023-05-04,AG2312,AG,0.010253736531108837,-0.002110447494545982,-0.0041466490957421725,1.1601844740786333,18.658363546461796,11.343187407030502,2.4409164721270584,9.019167553300683,6.333993660077153,5.112265893163781,14.618752350312919,10.795935706667855,-0.178511491124899,36.86544388777997,23.259867087912507
2023-04-28,2023-05-04,RB2401,RB,-0.010872595483691128,0.0011034483878250548,0.0014606487208939577,7.355813224318414,20.437660022599008,24.405329739830798,5.122095809224196,17.784787366126636,18.76622743194732,8.488723104335042,-2.382246258870687,5.06578091716246,6.084563100514493,12.589046138784251,8.432742309603464
2023-05-04,2023-05-05,AG2312,AG,0.017232465965879795,0.01400092874269664,0.015013193442266011,-22.83228835610707,-9.47277408083536,-18.578799223195375,-3.315678994697973,-2.609578634908118,-6.658755498273166,4.739327972364823,5.102627077112729,4.605613214908124,21.757965333167466,-5.939113670472764,-4.975695755770096
2023-05-04,2023-05-05,AU2312,AU,0.004761072770158137,0.026529330560172055,0.04362198452471839,-45.614608136219466,-0.5629023452825543,-29.389597665034863,-26.15352662293692,4.085738283061524,-20.89405155285554,-22.053091760997024,4.524326660015807,1.2644291897067432,10.210090399100691,-7.144447849468004,7.092170207135338
2023-05-04,2023-05-05,RB2310,RB,0.003324099722991747,-0.0027359798188747488,-0.0023191357794143646,12.711624174595755,9.68169186876858,17.632559070756667,6.198182028644396,11.783043043593768,13.41113822776171,-1.6069221200580799,6.324949407292921,0.7183225475401546,7.088471443724868,30.333326290841228,-8.522905090774374
2023-05-05,2023-05-08,AG2312,AG,-0.0008568980291345785,-0.0017217635107423137,-0.0025989812944339267,4.931393266179493,-9.308496636592297,-10.374597203750588,2.521165722369869,-3.952204479871318,-6.033135660602042,6.64550260313476,3.347783127495859,2.6807032268345528,8.681059517256276,2.614981318623929,8.744148480945801
2023-05-05,2023-05-08,AU2312,AU,0.0016750418760469454,0.0013112463087730595,0.002423189527580808,-8.08998470817803,2.553775400358388,-5.245130610764546,-2.0523062501771374,2.4268250916632983,-0.8728863388932253,-12.076485785965154,7.263145999511972,3.536405983386015,-0.20599754182040142,2.8267724508700502,14.06990225734767
2023-05-05,2023-05-08,RB2310,RB,0.033508723345333724,-0.0013840832659384526,-0.001809805190603984,4.258469928168606,14.060199194613855,14.834392592179116,5.479514421256288,9.545962601964003,9.361225305288158,4.6469995609388155,3.685388749737547,5.648988619832052,2.6065755551368954,7.632374882966207,-1.7551885611493394
2023-05-08,2023-05-09,AG2312,AG,-0.005321888412017195,-0.011586430520033036,-0.0232977312849637,-2.993088017671335,16.28472720889802,14.060933978225256,5.961617079357161,8.633577836366484,11.47261344721145,7.390853483809786,14.494512499570414,10.494834512997391,48.36304491585963,11.713163996868348,44.11736065797431
2023-05-08,2023-05-09,AU2312,AU,0.0,-0.013876648069030882,-0.03012903347003503,13.894024785156866,14.676854301804765,31.95381742136027,13.01952372279477,6.486980153554017,21.457835416455502,10.940543116331662,10.349788754505738,10.959401847788811,58.17563423277178,6.051506455330618,46.64890041535236
2023-05-08,2023-05-09,RB2310,RB,-0.012573568753344033,-0.003041617165900935,-0.004949850713128067,-3.7105784276331946,-15.019309390404421,-27.0650861791544,3.2764547536531334,-5.018214318962422,-9.900949255393268,-1.9238541408832786,11.454074219782106,5.659598937966072,-33.58810104653787,14.917285784304944,-10.124939586710283
2023-05-09,2023-05-10,AG2312,AG,0.006736914838486818,-0.0008580009106367071,-0.0008982119248842939,0.3008253255962905,1.3583461746440317,-1.0426225956066721,3.193134733892864,3.766684872710823,4.571842324026498,5.908560171600191,7.732467626387021,6.457808001487923,5.589910040483773,2.526805387026318,10.804482214082688
2023-05-09,2023-05-10,AU2312,AU,0.0021053554980481337,0.0011874657799964409,0.001359694126550904,-8.514973181941063,2.931453139766438,-5.122486800272293,-1.785508555209705,2.5554954296127503,-0.2736735044478409,4.169182682147202,4.566141654378935,4.584420665853075,3.8218880098219543,4.247279127730189,5.899438300351464
2023-05-09,2023-05-10,RB2310,RB,-0.0005420054200542257,0.0016064260482737947,0.0015499078057943333,11.335950367519843,12.331599373917573,20.823777739027427,7.338622376692065,11.422638618667001,14.859406566317606,5.312313831590165,10.408746788954259,11.25909833970161,11.463925253757944,47.56529087107902,25.537688048069164
2023-05-10,2023-05-11,AG2312,AG,-0.021538461538461506,-0.000863334250291054,-0.0010727428605065233,-1.3266228718032886,7.158459968378308,1.6023284770341304,3.1198000620054636,2.90663005322652,2.0027687003886014,6.034759178596319,3.856818227747607,3.349820305147809,5.589910040483773,3.8179115994396673,4.950530648305167
2023-05-10,2023-05-11,AU2312,AU,-0.004707112970711247,0.002107574874533025,0.002342368495075476,-8.372129597938535,2.106114912042015,-3.1722052762843367,-1.030878205420863,1.5495006532457838,0.18160821088069046,6.153024797572271,4.619289428292315,4.588746173136786,-3.3144318044685406,4.247279127730189,5.899438300351464
2023-05-10,2023-05-11,RB2310,RB,-0.024918743228602436,-0.00027096599542570526,-0.0002873040154344986,11.072230345511269,6.967486009978845,13.581620058714503,7.624745110368686,7.643598732706355,10.147570730615094,6.01301182758097,10.238021190161014,9.070049766442803,2.9634911233535774,25.87056744113062,4.151765964644433
2023-05-11,2023-05-12,AG2312,AG,-0.039088518843120035,0.003767772910806737,0.007000924935005895,13.597073104416591,3.244686100127267,14.557424247187623,5.605704904751453,6.430600250831301,10.246685427662147,15.27824980925151,10.91962882734892,17.64971635856777,47.09646452581883,-1.2753922735456575,56.40577660553121
2023-05-11,2023-05-12,AU2312,AU,-0.011466189998692089,0.004236646724864112,0.005499447506267428,19.175833886902662,-0.13269218094308144,15.933761034255701,2.9395291431148607,2.202544794824214,4.163519736155181,10.394558525959193,4.80604685949161,5.658325363738831,5.40406362363295,4.890499000166819,6.537003068562658
2023-05-11,2023-05-12,RB2310,RB,-0.00027932960893850556,0.0010840109462583103,0.0016725992279864853,9.491703434604423,10.150578814057857,19.07931317361396,7.862356453206123,11.087973420245028,15.458552430695114,7.706079860997484,24.61430673344191,25.68681397179715,5.685707239413843,72.8090095858857,66.10755245984716
2023-05-12,2023-05-15,AG2312,AG,0.0010919017288444355,-0.0033248783801654693,-0.008847912252269627,1.068788924298485,15.17547028507246,14.6090016508314,3.523708700526601,12.635268338329098,13.510174902403628,-26.95884969539654,-3.0067380909841153,-17.532757415222637,17.45350765392543,-22.42181001290871,-29.18377823886766
2023-05-12,2023-05-15,AU2312,AU,0.0006593116786075548,0.00441308911006578,0.008720505908510806,16.61616689535479,6.544924079902702,17.568607267922424,4.783594147697684,6.90200271946487,9.523249091437274,9.06551207094917,6.249994682902222,9.915485965303422,9.951421091307804,3.9150739138628308,19.436567824025946
2023-05-12,2023-05-15,RB2310,RB,0.02230275996654596,-0.00557104504945536,-0.0059266122851920604,2.0019782703091815,3.881226729747388,1.466817797669688,2.176870405600762,6.562149167790107,2.4901437003532756,-38.89056986772486,10.142191468515017,-13.929046122402303,-65.02256252687533,24.803018683244737,-20.330247594915793
2023-05-15,2023-05-16,AG2312,AG,-0.012524959157741877,0.002368589974990739,0.003504649565431201,-5.8044676077362025,17.849572270547483,8.280267717394414,2.0076015635005042,12.295561595278105,10.55062496252432,10.747162034074517,-4.003016834756204,2.4179695208346947,32.84727536923487,4.314299994133909,-4.505387543116434
2023-05-15,2023-05-16,AU2312,AU,-0.002766190998902296,0.0033902068794699532,0.0038242551548050997,-4.8828249485976825,3.9745798763350653,-1.876863370304469,-1.3233556463518683,3.8035678428748008,1.0680694303621543,8.28432863120109,3.5389112811567687,5.285215606973786,7.217265158940704,2.8522840052456813,7.073315042879084
2023-05-15,2023-05-16,RB2310,RB,-0.010869565217391353,0.0022327667662568754,0.0032459287399351105,7.153242374616077,-8.826590369531258,-8.722567288139969,7.599782827972401,-1.3182568512203447,-0.7825058566000629,0.5255522296910832,6.959040530908064,2.99362178714733,-7.973137475156662,0.788005817011827,-12.39622615912837
2023-05-16,2023-05-17,AG2312,AG,-0.004566210045662156,0.001453224597258552,0.0019212615320447174,2.02113092251399,12.874755549948627,13.112142814333758,1.8749839463845661,11.366191915592186,11.380210465581357,7.541544380975894,-9.205182155699902,-1.6549737172240109,6.084563100514493,-21.75000490800958,-15.025516757452491
2023-05-16,2023-05-17,AU2312,AU,-0.007637943900619004,0.00039524824299723237,0.0004025280047859138,-6.727480714742943,-2.444366967022598,-8.531853552257347,-1.4749064503669143,1.3027461625789445,-0.6597924660666785,7.491762421501912,2.893211839862391,4.907053621682944,6.340749264624572,-0.32762024979908516,3.3421525691626806
2023-05-16,2023-05-17,RB2310,RB,0.02060439560439553,0.00353886309165066,0.003367639689036757,8.55273098242099,12.231144273406127,12.379076423749522,5.212506371653294,11.228216720404786,10.939104046979482,13.81013531075954,9.42090053333883,10.883938850848496,26.095774443259483,33.37013416187599,24.349249537649595
2023-05-17,2023-05-18,AG2312,AG,0.0005504587155962248,0.00641321483471318,0.008096228004920197,1.238645606443884,16.376150455961085,9.189364474047057,-0.7710036724466107,12.409538489064484,8.008069595553847,5.641491472978774,-5.2490856064859495,-0.06668468978445671,3.0844092110168395,3.908520069515821,-16.487921415229998
2023-05-17,2023-05-18,AU2312,AU,0.0001772499667658245,0.0030334360411476864,0.0038081437028778453,4.997667843968192,-0.42054076710861255,2.739958745433308,-1.1873654342131053,2.851463978802838,0.9719238221703401,10.833242825839251,1.4779065310621446,4.855012070438457,16.38630836435058,-5.987180307157478,0.5909888757454965
2023-05-17,2023-05-18,RB2401,RB,-0.0073972602739725835,0.0005586592324068115,0.0006258547192325161,8.886152793268906,3.213834781717092,2.5119454329963866,6.9292331292021405,2.426783713636542,1.6396516175510314,1.446074877994921,-4.166928848746905,-2.3575873053479497,-13.991269091800081,-4.619859165093924,0.5469361101888981
2023-05-18,2023-05-19,AU2312,AU,-0.0029279978705469833,-0.0017709306439095194,-0.0024319582193193237,-1.1486887742060077,9.170499419290723,5.79232302204872,-1.8302153918197543,5.666979874144701,2.5588325732012676,8.3606554962408,2.7303544265745874,4.956150446917198,18.38911824911449,-5.803860237227309,5.60205455110191
2023-05-18,2023-05-19,RB2310,RB,-0.010586319218241047,0.0008072111295297331,0.0007487425061852651,9.124297849233876,13.747729168493233,18.67289378902791,6.579308639756878,9.975851797256222,11.715268425333681,8.140296735427123,6.029246506487321,6.442944641855662,8.799239935398624,8.351253094884779,3.0239699979345143
2023-05-19,2023-05-22,AG2312,AG,0.0045687134502923055,-0.002754569733645553,-0.003722588732243872,-5.452348865209667,9.795762854129187,2.7858711256834767,-1.4143210455808681,6.608470596193813,2.120388103605464,8.239873627202451,3.6924531341143636,5.550519633740364,17.32218842828442,9.126760047169814,13.279246360817968
2023-05-19,2023-05-22,AU2312,AU,0.007546664285076332,-0.0013300232497963041,-0.0019867985877690063,3.1876463617454553,9.336037120266848,10.103393954667666,1.0791716070368267,6.823478840999127,6.645657139046827,8.284364007433316,3.048932475606176,5.1880982675532525,10.617101405498314,-5.150335171421173,3.3621535030406244
2023-05-19,2023-05-22,RB2310,RB,-0.022459600109559053,-0.0008140008589470824,-0.0008853278509261909,2.581430767050894,9.583397170504707,9.990314100391412,4.366985630439588,7.891347644244526,8.202573448291716,9.7455641041987,9.901810106689826,9.755610158044961,16.928243845073116,18.2024301999175,13.891895664477213
2023-05-22,2023-05-23,AG2312,AG,-0.008542348237004727,-0.0025552121951622035,-0.003761242710659539,-1.9857858748456572,1.4109003471236425,1.2207178963886665,0.8528636389082753,3.1104513296734986,2.434373071312901,3.220650794871356,2.587036707573891,3.1455568126363938,8.047689156425832,-22.536041098136504,-6.148333898163604
2023-05-22,2023-05-23,AU2312,AU,-0.004386547919712935,-0.003610514519678778,-0.0059285900521175135,-1.045171614287491,1.2628481949019466,1.0086194340306749,3.274131212403345,1.7518256528822402,3.478021633985894,-3.2057710381310924,3.593977282040744,1.786851087372999,-23.832557192687297,-1.2306155305350468,-11.820468401882152
2023-05-22,2023-05-23,RB2310,RB,0.005323620061641998,0.001644737212878245,0.0019909041259524906,8.541826850097676,4.054220257771067,12.157283923592853,5.582119295996702,7.548829712896387,10.097944125491152,9.935175972903894,22.03186617757928,25.211750707189193,19.606086809254997,51.497499268727765,61.79579836410556
2023-05-23,2023-05-24,AG2312,AG,0.0031394275161589213,0.0009091736238595019,0.0008558500825314798,2.0379108709644447,1.9021773358408613,4.911810368917909,2.027227067196445,5.05402914735838,6.444995044591484,4.6510451446798555,-2.442425220191711,2.668798227760046,4.599747545574367,-16.300902437827446,-5.228270243216113
2023-05-23,2023-05-24,AU2312,AU,0.006102721724798421,0.00026588673381845523,0.000342891718642382,2.511004745148681,-0.19962861918152264,2.3562864098299716,2.4260977566315267,4.160818708791356,5.844018542159736,3.839993790065539,0.6642694233115398,3.0660872316355183,2.6065755551368954,-14.973075834133486,-7.978940837725778
2023-05-23,2023-05-24,RB2401,RB,-0.03257790368271951,-0.0002857551098170689,-0.00021117178072401057,9.708191712100373,8.191531350319067,13.186460268504634,7.394022544798631,7.7282664445852065,9.689773486450887,4.545718954957414,7.595464022522996,7.700304733366352,2.021579334977048,21.195337230962554,15.666159069406996
2023-05-24,2023-05-25,AG2312,AG,-0.015045871559632995,-0.007359738832080157,-0.008417435364830087,14.873815748325516,-2.0800491152593614,14.833131170036635,7.934720348999285,1.9547135883855196,8.779425203312625,-21.64066625209644,5.10171974933674,-11.545965940400636,-49.38763388672207,11.296243165124862,-23.604057714374786
2023-05-24,2023-05-25,AU2312,AU,-0.006843569252505732,-0.0009350164309065319,-0.001209811231743711,4.587302521579389,-0.34508341608076476,2.0228428946337784,3.8631848146664463,1.3475357144832123,2.9263592884064047,4.279967642459404,1.694114478598846,2.9314113029924225,2.6065755551368954,-5.343960434720848,-3.2711076632418012
2023-05-24,2023-05-25,RB2310,RB,-0.0078057241977450564,0.0005572583036378565,0.0006604329635827664,7.473876560270373,11.43348794365502,20.681215879491567,5.912163917319678,12.989093885671625,16.39094289053608,7.96809862447652,21.55187059862476,26.351290811574085,7.678879229851314,59.32644654732007,60.056173018931105
2023-05-25,2023-05-26,AG2312,AG,0.004114456704694236,0.0033082184187576916,0.004880182054628385,6.926947806460392,6.300583982819001,9.29659537631463,4.1759008158431605,6.7814787213720304,8.43487151328538,7.6901913157199155,2.9679806921084118,4.68624902743487,-0.056521954062791646,-26.04730460639266,-13.449340815879372
2023-05-25,2023-05-26,AU2312,AU,0.00026833631484790565,0.0027854555425443255,0.003766947869534554,7.633941237705795,1.9375312306591561,6.431527438929586,3.1206350595941057,3.9702934032465644,5.396988708856344,9.999031259047342,4.594686145448316,5.988834498093191,12.476618372552455,8.64430609424261,13.024529871078377
2023-05-25,2023-05-26,RB2310,RB,0.020449897750511203,-0.0020216613383826167,-0.002317381541528469,9.428482917402208,22.824992559112605,25.379348033644007,5.363433161348761,16.85493047581032,16.62847950519486,9.61163942245374,-2.158135476160883,4.082642877035687,5.796354623559672,-2.6947926736911594,-9.044878957533664
2023-05-26,2023-05-29,AG2312,AG,0.00929713648196362,-0.003919743702786178,-0.00500809273578012,-4.224319850093551,15.82339334683916,11.12524837013759,1.5307486420669365,8.085625009636331,6.422292234876394,-0.26330783363716587,2.7766726083412565,2.899735253642077,-7.95290407761103,6.170987917024211,2.1080430890925244
2023-05-26,2023-05-29,AU2312,AU,8.941744534363139e-05,-0.005974958694931566,-0.008251853684290112,8.290327096293112,1.8159410702568164,8.799466654219358,8.907538907389018,3.4439271519981958,11.772132877880749,-8.169345038735592,4.415592496947667,-4.307624180207471,-8.582753167307231,7.118819803883951,2.6191478986514385
2023-05-26,2023-05-29,RB2310,RB,0.004577968526466414,-0.00262582207766755,-0.0038318877759926434,-0.8550699499134717,0.20082601857253923,-9.974685147552467,2.9620858170908804,3.0439853330378615,-2.4977451202934735,3.185202389130956,-2.940092766902227,-0.5291792979890682,-0.3870443238332337,-17.213259547066702,-34.18221623002733
2023-05-29,2023-05-30,AG2312,AG,-0.0062707488011803925,0.0016748864062404022,0.0018285717380678702,-1.9314560117658814,7.398238057324237,3.249451804986871,2.430466055567382,4.612600846481653,3.8187170998084223,6.292892426938653,3.523342019132774,5.0632418132702455,19.852627945849477,5.89441634976323,11.37963013433687
2023-05-29,2023-05-30,AU2312,AU,-0.0034368862703088032,4.4709722136513654e-05,4.38405760025065e-05,0.31631262182693076,3.636631022100051,2.412374353073032,2.460522196798135,2.467299912514453,3.0120373919167687,4.634705627003151,2.2828661029408543,3.5958059464837158,2.6065755551368954,-1.9039645784493744,1.4730840304882669
2023-05-29,2023-05-30,RB2310,RB,-0.014245014245014231,0.0005724098610785664,0.000569920455740954,8.152149123849005,21.978352810166196,22.118330259636352,7.30034118587357,12.543119106621031,12.74402232879716,-0.6868537531441468,5.739152269529468,5.042967632067158,-9.138653728516132,17.41581358667417,15.855382511683086
2023-05-30,2023-05-31,AG2312,AG,0.013870908082115774,-0.001105990896148898,-0.0009078736648980136,5.307867567937754,8.23805589281594,12.097860562986309,4.0249352335068185,6.670981736751623,8.879326078416513,6.13424204712583,3.568975551269685,4.4079793390671735,2.6065755551368954,5.928275086526674,2.6562743682760166
2023-05-30,2023-05-31,AU2312,AU,0.005777777777777882,0.0015634425716105499,0.0014354682455331455,1.7223667946410341,0.33688931963105695,-0.11322051948532241,1.018964304352608,2.7146247422540695,2.252818292857623,3.741117835564121,1.7973003744182388,3.39630621171133,1.0122594258000732,-1.9039645784493744,1.4730840304882669
2023-05-30,2023-05-31,RB2310,RB,0.0008670520231213175,-0.0002848597085207883,-0.0002637499590761097,9.22778362783512,12.923672705371187,19.531527827440378,7.08067512726848,11.36264367273009,14.06153545019273,5.860403886014516,6.805001565187954,7.228080263277558,2.9634911233535774,32.59123654907333,18.265628652817146
2023-05-31,2023-06-01,AG2312,AG,0.008768724881256906,0.003520151851750332,0.005033013866752515,-3.5755920218367976,-3.092127416692573,-8.240654847147347,2.120607643143974,-0.18928818205756048,-1.3216981137532406,10.181512664742394,2.5131451780292533,5.145753213668158,21.599370963695776,7.822040992931364,15.042400518110806
2023-05-31,2023-06-01,AU2312,AU,-0.0024239753195240965,0.007718600794074385,0.011104495186009412,-17.52308094562095,3.204218772324377,-15.02419964167054,-10.947670123285626,2.283457819932506,-11.37467335306569,4.214304522933786,2.214280554458141,3.8649634474859145,-4.994022269471719,-5.803860237227309,-12.618191961179003
2023-05-31,2023-06-01,RB2401,RB,0.0235294117647058,-0.002942909716675577,-0.0022749045472046404,5.143162019285057,15.867576831541323,15.888144666247156,4.546753306530714,10.356042292659957,8.612111808380922,4.730357335266105,8.435127737778261,8.89237579240222,10.11507285429083,26.748957413883442,24.431773544722947
2023-06-01,2023-06-02,AG2312,AG,0.01105673373210081,-0.0014603872621066678,-0.0019330093939665435,3.2514540736247053,5.076186026055394,6.9022698870573755,2.561039800828924,2.329290110549441,2.053520600972704,6.863904268072512,1.9843388358356726,4.251736082784499,17.40538267509315,1.08777546909183,10.784454163526847
2023-06-01,2023-06-02,AU2312,AU,0.0010142435066367028,0.002647839146304277,0.003499476050912536,4.2476045686598125,-1.2679032220139521,2.0691514041435717,0.6106989118091173,2.7885105317448584,2.5468243714902847,8.13705408139689,3.8013973919055912,5.42290508884594,8.488885543077137,17.931540307562194,7.345809071686426
2023-06-01,2023-06-02,RB2310,RB,0.016106244701893146,-0.002312808200651673,-0.0024282329516277976,1.385094232557524,-9.278863072932326,-17.20231881641152,4.381064672432714,-4.0257424869156555,-7.885979796724616,6.194576648113138,-4.183304039629784,-3.251231348191791,2.6065755551368954,-6.015689571179396,-17.968773218187863
2023-06-02,2023-06-05,AG2312,AG,-0.015059160989602027,-0.0009058792176689567,-0.0011125391529835783,-0.6292810382614071,-5.191350409809607,-5.840614774115533,2.1772589450417827,-1.8276526021439494,-1.6687651909691614,8.282565783213993,5.462362559773725,5.84135073529325,16.928243845073116,17.891603727217074,30.442624808323483
2023-06-02,2023-06-05,AU2312,AU,-0.008080183680678088,0.0018538140902274111,0.0016037042530947173,-4.507449750295094,-8.078959437511678,-10.365499557207345,-2.4378428454215166,-1.1436529455421187,-3.779173157108429,4.941834789457866,1.9325652966357647,4.513351564390685,9.857122186334603,0.6007809183534761,0.5922192156588837
2023-06-02,2023-06-05,RB2310,RB,0.009994447529150463,-0.0019760062886898183,-0.002331005725950603,1.9731551192881058,-13.24025782304779,-17.95600010213277,5.322687097632814,-5.9003217106144605,-7.712064301990649,7.113583768361036,-10.196706372163233,-3.6985564369605695,2.6065755551368954,-3.831808847198037,-24.761025439783502
2023-06-05,2023-06-06,AU2312,AU,0.006007208650380624,-0.0022933766777585183,-0.0038410212933909344,1.6736183016442694,-1.6331012353214605,0.8248847758019444,-0.0007011827320080322,2.9926270485088686,3.3075086815807624,18.49107937831063,0.5691455420084595,6.716531517534467,38.583916482705405,-16.930242617523103,18.054712140210558
2023-06-05,2023-06-06,RB2310,RB,0.0008246289169873133,0.0016671301443904028,0.0016589270280588976,7.497353566609304,-6.4264533417286405,-4.2512804283307135,7.778848568362669,-0.8617098427652019,0.6518701173296981,2.686304018563317,-1.4761069832961893,0.41786142559228884,-2.322387649164639,-10.770040330963639,-20.504231112448707
2023-06-06,2023-06-07,AG2312,AG,-0.0003618599601954431,-0.0007283321516428216,-0.0005822412544086593,2.1981938115212003,-2.6529391481279787,1.0998373978857017,3.011439444442094,0.6121395238408578,2.5196095829046543,5.1003227653510255,8.009818683191469,7.081976065173878,-3.630125958980575,23.98312288072188,24.909127170674896
2023-06-06,2023-06-07,AU2312,AU,-0.000794281175536149,0.0003560461117322737,0.0002868285303417332,-6.177620349825648,-4.922995123728558,-12.161366462446466,-0.9021243949562319,-2.557062450430231,-5.148046698532664,6.265313871487098,1.0412340070709125,4.153819259041338,9.125453719012055,-4.1730592430688285,-0.16745217670298057
2023-06-07,2023-06-08,AG2312,AG,0.004692293809781534,0.0019922129200705078,0.0014344108036534954,5.34409860291875,-0.5127984412336883,6.387449229795752,4.0165605528296915,1.457824505829056,4.314867410454667,6.359159739360705,5.961385870610608,6.320867657313709,5.454157916912381,15.094387833889844,6.0892609590689455
2023-06-07,2023-06-08,AU2312,AU,-0.004595263343937783,0.0023856870162031526,0.0017039061577772364,-3.040703955156646,-6.495521345754613,-9.210382260802287,-2.9691125003615975,-1.3866188063097873,-5.263032179931976,8.587368522248877,3.1519103828195063,5.5256050805391865,14.12633621193164,2.786761195543745,4.093086945712321
2023-06-07,2023-06-08,RB2310,RB,0.006611570247933907,0.0010979962673251093,0.0011091571945715316,9.245539594811568,4.908324394632981,8.908378630098307,7.089182438315719,4.704687397408774,6.571181336620823,7.644956996944482,-1.5413952778893611,0.8014908531722408,4.091391110077022,-4.892252781607896,-2.91796939343872
2023-06-08,2023-06-09,AG2312,AG,0.024464285714285605,0.002891742481396033,0.0035285481854083036,-1.6531806261857245,-2.875149988084526,-0.7459699054120179,1.7951009451500748,1.1393241125276576,1.5794295157556375,9.991473001495539,7.369021427497848,8.045990108242393,27.281408782091432,16.077921289730288,26.828761389622784
2023-06-08,2023-06-09,AU2312,AU,0.0035341933203745235,-0.000530082175147413,-0.0007731092618002917,2.600035286231215,-2.8783361716142113,0.6413780724642533,1.0056292541636909,2.4980212295221644,3.264826670190581,8.670380239386951,0.4198817534655448,5.122397295937415,16.928243845073116,-12.301268671248232,9.73729758278443
2023-06-08,2023-06-09,RB2310,RB,0.014211533205793936,0.0024824174932553587,0.002213082014960934,5.375909295238192,3.5460545796157166,6.187842862749841,6.84796914165895,3.2786751732335873,4.8366791308521595,5.489847330148722,-0.19565581820301697,2.3250476515248706,2.805363150589154,-28.510566204985697,-2.172161295152708
2023-06-09,2023-06-12,AG2312,AG,-0.004539106145251437,0.005910288539732783,0.007924089589376135,4.750913974371063,-15.495551542346282,-11.725950909777909,3.5874327864957687,-7.370625440459441,-6.7842464090259025,3.8076893448782303,-8.00209469628246,-3.522699358668866,9.077490360388577,-29.243796142287884,-13.797611799512978
2023-06-09,2023-06-12,AU2312,AU,0.0,0.004782579304645584,0.0035850041334707164,4.217078481786507,3.5490057832309185,4.810102054681061,-0.9072711985843744,0.9090502911804168,-2.124811805234565,5.413711880280623,0.9611166278710237,2.9972707825675204,6.492168455854267,-1.1244009701237663,-0.3063599080476467
2023-06-09,2023-06-12,RB2310,RB,-0.015898679601185628,0.0013674280812547657,0.0013612630614444447,6.83815510764669,1.738245594812835,0.6328629003223374,6.553498770771701,1.5651212989682173,1.1439155627765443,5.972355957074875,-1.2614758759031504,1.3512390926041626,7.5108631835476265,-3.461472514149852,-2.5154563659031375
2023-06-12,2023-06-13,AG2312,AG,0.005977496483825506,-0.0015699959613894908,-0.0016750165166555283,3.9597372594534668,-5.831732466413573,-4.7427052742527085,1.5554851370222544,-0.39652789132967126,-0.9707204903509159,11.529089390788972,7.4054631314721595,7.128034851555176,10.481676858637037,12.061800155183997,14.717545238556514
2023-06-12,2023-06-13,AU2312,AU,0.002375923970432847,0.0003081053744745212,0.0002377143125671298,-4.086441415930198,0.397440637532811,-4.451496001645104,-0.6032058941481431,0.622183977713541,-1.4459232758818534,6.897043054744601,2.9270339985989966,4.948478142743376,9.33672863538591,-2.584528608073372,2.5623468043131665
2023-06-12,2023-06-13,RB2401,RB,0.024431339511373107,0.0013821702269516739,0.0013645521658758647,9.896760676411699,4.882636613120925,9.333319556327195,6.613909070208848,5.86529222132396,7.380823807977688,8.913403213874867,1.9238687448671843,4.6149523116541245,6.340749264624572,7.323370777746509,8.462036024689912
2023-06-13,2023-06-14,AG2312,AG,-0.007880910683012221,-0.002458297989540469,-0.0021191665859444167,0.750025400052095,-7.40297876436037,-6.813622880090479,2.4261596021176794,-4.003925273824821,-4.057682778274417,7.525553090566486,5.3552389813867425,5.887489123595818,10.617101405498314,11.000556496974767,16.234133868650126
2023-06-13,2023-06-14,AU2312,AU,-0.003038041563930949,0.00022001716222607405,0.00019310971695367244,-2.6072961378370483,0.08886820332327972,-4.178280703279542,0.010198403705252268,-0.7715234328870499,-2.730683789153407,3.8173243686321,3.2804835362540965,4.8493864666549396,-4.086624459929324,1.8332016528818809,3.6840378794470183
2023-06-13,2023-06-14,RB2401,RB,0.0019178082191779744,-0.0016835020811137647,-0.001901293218700998,3.8959568372136526,-4.720060754796995,-11.044177836092194,4.230391541022463,-1.710499307258785,-5.7552362243623065,10.41240807032088,-11.31977525210317,-5.617711239781011,20.69193306652643,-36.65824390602313,-8.341981328037871
2023-06-14,2023-06-15,AG2312,AG,-0.021976090014064753,-0.002099370959999702,-0.002031274200230324,4.5532708437022915,-6.382513910217355,-4.1727530248419535,2.7524272426137406,-0.721742867012404,0.1065513023586111,5.939533978023476,8.634327978728612,6.237794229079219,3.7793302182504407,22.664512478078464,18.307381776581895
2023-06-14,2023-06-15,AU2312,AU,-0.011402157164869031,-0.003077331307050109,-0.002977706521490916,7.476999931617253,-6.341659930839148,-1.3224980175576029,4.358489565903087,-1.5949485337557938,2.2177053806040705,4.068532986958554,3.0006206608797714,2.7299955056696126,12.996534398177594,-0.5089694559648675,0.9843121952070115
2023-06-14,2023-06-15,RB2310,RB,0.004273504273504258,0.0021361823877659937,0.0018396358679398622,8.66241508457206,12.742931806097227,13.635971682588604,6.702403234272618,8.002768278730816,8.78264248914344,8.827177617537348,5.8455382414670405,6.393664850132281,7.678879229851314,19.35798258540284,12.041363187211015
2023-06-15,2023-06-16,AG2312,AG,0.014922689679971235,0.004051798020970178,0.005406100055470485,13.985332299827608,-4.853365393663426,7.417856266424208,7.711854253558405,1.4917527216664714,7.900562486394559,8.004639486058956,3.6580672114541244,11.374150661101444,1.5731941670787168,-16.142182117219143,33.645407956097934
2023-06-15,2023-06-16,AU2312,AU,0.008200374364916607,0.0031747458209823083,0.003789787603954957,6.090944864041118,-4.731527933046248,0.15704187741361686,2.246672676101805,1.7136613062985557,3.3492055551573188,8.40066782451657,-1.5035163727697436,5.324340313853531,7.678879229851314,-14.40446318346042,-0.30201882107585765
2023-06-15,2023-06-16,RB2310,RB,0.009298618490967137,0.0013363626203688956,0.0012137590973185142,8.329024283229131,9.826433560727557,12.367232681905895,6.8229005904613516,5.5246400276271626,6.266039533301738,5.417650864062072,4.442506241846914,5.541335518981982,7.531137589675232,6.703668140521201,4.709081739006996
2023-06-16,2023-06-19,AG2312,AG,0.0008829242450998365,-0.00017977528138303563,-0.00020505675502183573,6.96151865120712,-6.157399784629071,-6.217223042820924,3.551883298054129,-2.9635814980794573,-4.151012101153444,7.251386713466986,-4.054587475167848,-0.9295804993168963,5.685707239413843,-7.500966861357452,-2.064545006950265
2023-06-16,2023-06-19,AU2312,AU,-0.0006174200661520635,-0.0008018889368084775,-0.0007551511544118956,5.81915998919477,-6.8637270545787405,-3.593861735457997,2.44609356052126,-3.17112826909663,-2.9327654477932588,7.155555432378213,0.5757517984090051,3.1860500797526123,22.99904740231963,-3.7494686957474173,14.163088559670829
2023-06-16,2023-06-19,RB2310,RB,-0.012631578947368438,0.0010632643213300838,0.0008677398018510547,7.883668163789892,6.127587867010135,6.263138084923103,6.595835532246404,3.5545423679732835,3.338663670110107,5.504784706678743,3.7391627437492434,4.633221340829553,7.5108631835476265,13.930082743890193,3.6226553136931487
2023-06-19,2023-06-20,AG2312,AG,-0.0008830801836806623,0.0031835895300425156,0.0026942810797989506,3.863178880915992,5.856861963580842,5.4573444759744,4.673565235919048,3.6862565174254933,5.012981139444724,6.696903972784676,3.6025064639068085,4.794541432838243,3.586583648131157,10.948930490310664,10.588321549781398
2023-06-19,2023-06-20,AU2312,AU,0.0020756966833017643,0.0023401118920110277,0.0022246174031880033,6.072447196253544,5.4107169181855825,8.614796582054575,3.1547545785517257,2.623604948893912,3.5294650115220203,6.239697549829207,2.171260900544195,4.578630443138281,2.785088744461548,-2.6445779462058496,1.956378146115038
2023-06-19,2023-06-20,RB2310,RB,-0.004521276595744639,0.00026319252685147855,0.0002790260917020528,5.483480127048868,9.414856146004183,9.539580137778056,5.7697367930785735,8.175055261853323,8.62647681407741,8.175561311633727,2.659483811068221,5.665954398583217,7.678879229851314,-6.678964135674907,9.047805250203211
2023-06-20,2023-06-21,AG2312,AG,-0.017278232988956144,-0.0010591351387261726,-0.0005300606558890299,3.212276973063095,3.728791647374518,2.4039139403995557,2.4406297789382565,3.04575514962525,2.5002633763706297,8.277287902192642,3.8421421725293787,5.022890590479584,7.678879229851314,4.572328949507034,11.010173687516408
2023-06-20,2023-06-21,AU2312,AU,-0.0022515562226832486,-0.0007946318624033193,-0.00047616485751718373,1.9679436033479718,1.2140963782863343,1.8575423776471929,1.7696154505646842,0.24280755428584033,0.21699194043733439,7.442622606451582,2.3800164430594246,4.2849132985163125,8.819514341526231,-0.09742181068975378,3.5672874572551323
2023-06-20,2023-06-21,RB2310,RB,-0.013383297644539605,0.002129926257824849,0.0017305538239787597,10.867230542565391,10.664341594448453,12.697385409301221,7.59465563662938,7.140361880788824,8.380746996420132,8.960474017951107,7.865931207702668,7.36081233013661,7.678879229851314,17.388930637346515,14.259561606697968
2023-06-21,2023-06-26,AG2312,AG,0.001466544454628682,-0.007630238421327877,-0.011254283691265562,6.654882943901647,8.275382177429108,8.05087447878454,4.00049931019066,8.708404502096254,9.329463676618914,-19.03230743744238,4.820334534611089,-12.567167902609095,-14.075376981268283,15.986186128718844,-8.762186880599844
2023-06-21,2023-06-26,AU2312,AU,0.0022642514651038947,-0.001720297726919515,-0.0023155130847697814,1.8889340974089381,7.141626487566662,5.470008717112425,1.842726256590914,4.566804333120342,4.676722544818704,10.89823058585601,3.1051661017421166,4.438859146168796,13.328688023583725,-1.1217722358357116,3.8863145987218863
2023-06-21,2023-06-26,RB2310,RB,0.006587976942080687,-0.0018719085556957384,-0.0018063263522900706,7.077101224787975,12.516345396064702,13.054947722655907,4.9255865518284665,10.35598874459383,9.666020690775602,16.052378484422785,5.050815054291474,8.17958702187757,17.25933815460895,29.030439574510442,15.437172163674518
2023-06-26,2023-06-27,AG2312,AG,0.003461468391328104,-0.01130161500525961,-0.007207724926556985,40.89583568762508,1.3852911127660494,36.42163671896618,20.790589561038747,2.7092129957629605,21.683334226925474,15.35897597202869,3.543571992501576,6.491638876826283,49.00795983866469,10.17640775493915,25.831403303217186
2023-06-26,2023-06-27,AU2312,AU,-0.004369124851052564,-0.00336849888586806,-0.002236046858750175,3.5420374243952333,0.03112556934703692,4.313989672411426,4.159157077091808,0.37819919814350866,3.7862921487416985,-0.9803844980959754,2.4782205908288253,2.0315427945469895,-14.958373320778138,-0.09742181068975378,-3.59839366434151
2023-06-26,2023-06-27,RB2310,RB,0.016634851377147486,-0.011734341221204748,-0.007518882204408957,29.15874065351482,13.34622208717118,35.125562506053555,20.95418408973182,7.270062249651868,21.404138163761957,13.695161680520359,6.53453900649917,7.163133057939992,29.939112383369892,6.81744140490199,39.95086536300543
2023-06-27,2023-06-28,AG2312,AG,-0.00526506899055923,0.0047480001541716065,0.0034987398427029975,2.4692450293138544,5.387704513928805,6.001685679301842,7.999930642720884,3.052743906984653,7.705957687013624,4.050267741504541,3.4153031179298536,2.439299624928378,-10.83036467781818,7.612807212727453,8.416739945550168
2023-06-27,2023-06-28,AU2312,AU,-0.0035913806863527853,0.0037140246963716086,0.0041485202871624355,-12.220089843975927,-2.3600687099663795,-15.18760359011772,-4.7699029284943615,1.7731153035796339,-4.302074625305922,6.870147562571612,2.5689941728839654,4.363873817314532,0.2680751064666574,3.7902177978762612,2.3978234739470463
2023-06-27,2023-06-28,RB2401,RB,0.002750275027502802,0.0002785127437582336,0.0003277046498376869,9.576437526970693,1.736492923476789,-3.297505690527328,9.425781509850424,3.2491995577034656,2.7603036622277415,1.1062687417559107,-0.6577962915469452,-0.127204712332272,-6.1553192431692585,-6.620452295159952,-10.175968566678405
2023-06-28,2023-06-29,AU2312,AU,0.0005784976860092605,-0.00026599281976226924,-0.0005205513648223071,3.9296183029752045,8.854020477587627,11.617095389570121,2.309683179759944,7.243786030624058,8.198134765279033,7.54836084292912,5.668910941892393,6.513440496695996,5.685707239413843,0.9981036680328591,2.8267822477004136
2023-06-28,2023-06-29,RB2310,RB,0.00026867275658237766,-0.0021482285382896063,-0.0016152814127019018,6.398191084784797,13.750942131938054,9.343887437320362,8.528286345644442,7.887144500100472,7.574656707323603,6.703214749771204,7.2127667541105716,6.052544696907001,5.589910040483773,18.197293898077223,10.60375124625942
2023-06-29,2023-06-30,AG2312,AG,0.00385321100917424,-0.0031075795047653637,-0.002116748755525839,9.988882036203432,3.9295542296103267,12.091238796121502,8.33425595015276,4.032427295339667,8.975373221914014,6.791901427410224,2.7085671619202802,2.7022935628126867,-21.74696242946313,-1.2925884732845923,-18.032885785652603
2023-06-29,2023-06-30,AU2312,AU,0.005443269531075767,-4.4498831913009034e-05,-4.733562919978885e-05,3.719262889058127,0.4656206291117013,3.0282801709521014,2.144639929625323,2.465006101257406,3.2287927373748717,7.076322595915485,2.120341116517643,4.492575350734336,5.685707239413843,-1.9039645784493744,3.5672874572551323
2023-06-29,2023-06-30,RB2310,RB,-0.0010738255033556632,-0.002415136018961767,-0.002268567847947732,12.803745134139529,10.362369146690908,11.188204492693885,9.595595097984562,7.651050502289259,9.07927723389002,6.16765206538257,7.47960352405681,6.085185645637722,2.0435193377288257,21.370940431618894,9.637635681837033
2023-06-30,2023-07-03,AG2312,AG,0.011891694109037676,-0.005671957388826653,-0.0057449061156916725,5.938907851793918,4.568233058856126,8.643844830054235,8.177240679783282,4.080267383029649,9.025700465650482,-1.9324248985625478,3.276926358092661,2.498053104119536,-11.473782745376756,4.310071972117598,3.4459643007735585
2023-06-30,2023-07-03,AU2312,AU,-0.00026574541589163836,-0.003207272560896828,-0.003471525785668391,8.633957355402433,2.413387057207501,10.548326632736579,7.124785482338737,0.9374716242250294,6.4272939839945025,2.253405281610296,1.7787130098799946,2.3450324259722426,2.8093926352192975,-3.400157051299609,-0.014747663063123959
2023-06-30,2023-07-03,RB2310,RB,0.013179128563743925,0.0005370569409429176,0.0004954813504016256,11.488937854195356,1.5009686976390482,1.0513686822337776,10.45505823883084,5.085421590611668,7.232091822294761,4.67831677010466,6.435987689142749,5.50337417754717,1.34581818143913,18.87491027330341,8.291536849618074
2023-07-03,2023-07-04,AG2312,AG,0.0,-0.0009143275758125541,-0.0009919870391964349,0.7048714119277397,-3.8930759355332696,-7.906899980190719,3.258382782523714,-0.8904227771129261,-1.653166125955623,4.704793521201359,-0.19082108422010025,1.5389766375261211,2.0676909699929444,-2.8600266884962435,3.884348013638876
2023-07-03,2023-07-04,AU2312,AU,-0.0006632472585780258,0.001906324696743694,0.00208145819846084,-8.03738897191845,-4.738915328919777,-12.751523590331006,-3.5960362593623394,1.267244112045879,-3.7039783172173357,4.866119443419214,-0.46736806995328567,3.8149199728793715,1.086942202372451,-36.63255447730392,2.393880456452516
2023-07-03,2023-07-04,RB2310,RB,0.0005310674455656361,-0.0008065600652331765,-0.0009389968135696504,8.042396602707052,1.1585937234892176,-3.984240746086402,7.8740769054784145,1.696583481051722,0.19087329261730046,5.123301567211779,1.0440761255107054,1.397864942256533,2.6065755551368954,-4.5747908768846095,-5.247528256578154
2023-07-04,2023-07-05,AG2312,AG,-0.006664265129682989,0.0018063588726715337,0.0012978913422587938,6.709369158219479,2.443833421427662,9.246283683304915,5.838797141662042,3.2416479085047936,6.983201692690362,5.769009824897785,3.277368074301726,4.034853699376374,3.4599879214890077,2.786761195543745,2.129192742543068
2023-07-04,2023-07-05,AU2312,AU,0.001371620724746725,0.0019474202843956288,0.001986032797866968,3.3566635176001527,-3.453037613187256,-1.4747433689362595,-0.27522321916228476,1.1352699700842388,-0.7248172425880939,7.098626168947819,2.3172364137421457,4.905656710843727,5.539547139160016,-0.9264925224825794,3.375997633074076
2023-07-04,2023-07-05,RB2310,RB,-0.0045116772823778906,-0.0002654984749433661,-0.00020913296367857526,10.69424543240073,4.648118938195865,6.092846861660535,7.817644492055817,4.843026172826018,5.518606283915041,7.53807895617183,9.277222438998814,7.823278262405914,5.685707239413843,25.92847323069284,16.36208076757261
2023-07-05,2023-07-06,AG2312,AG,0.010661366100469749,0.001983233319290712,0.0015280067209342582,5.654054580200013,0.6242610446414147,4.327496077087973,4.164888097642749,4.138254673617429,6.446540846317452,10.320797416953972,-1.360278125523024,5.071281104788494,28.99001462465052,-15.031048402737177,-3.81757855091202
2023-07-05,2023-07-06,RB2401,RB,0.0029997272975184064,0.0008142217847033052,0.0005305281927815929,3.421597979479213,7.195159872031658,2.0787297597239704,4.67522621930191,6.480344704229181,4.614337485425851,8.546190431019514,6.75368241625727,6.764946908403018,7.678879229851314,21.087226454642582,14.97062962077565
2023-07-06,2023-07-07,AG2312,AG,-0.003085859502632071,0.0034392286592684123,0.005128860167206343,7.465110075088893,4.626899158838391,11.770586279356737,6.774523642709243,2.678270241970764,6.440955705291275,10.470217188988892,3.958469822675008,6.979175298759657,13.702171966036943,-6.381308974408362,6.864538091482947
2023-07-06,2023-07-07,AU2312,AU,0.004492882562277645,0.002956036654299064,0.003714766244990767,-10.089666269107457,-2.8975318022597247,-13.819307014412667,-6.149314596306184,1.8119274648025592,-5.758756608667371,9.66372288832411,2.9316189829515205,5.53184642928302,7.986160343566689,4.2077408643939735,5.101984601165285
2023-07-06,2023-07-07,RB2310,RB,-0.023150612027674322,-0.0024022432478523867,-0.0019076367821613705,4.097500012398213,6.666181824559985,4.884996341110897,7.1046233251021125,5.537632735308499,5.970278385740233,5.437927388395027,4.420730917960802,4.457306091547624,2.6065755551368954,14.259446284504905,7.46761708696236
2023-07-07,2023-07-10,AG2312,AG,0.007608695652173925,-0.015132697348871455,-0.0235420539852314,-7.8212718981724505,5.069914341936449,8.19714135981135,7.5148466816208295,6.379649402388484,12.237332676139358,-16.96639817748987,5.3179184598283875,-10.9888188876766,39.613147856097946,0.5523478085501548,34.60912377234999
2023-07-07,2023-07-10,AU2312,AU,0.0010166644565265948,-0.006562052455418943,-0.008947027640671125,29.676315292149372,4.820897763221002,39.11034411845803,23.71843075596508,2.169379050003629,26.898618197451654,-0.6927677924820593,3.375264982370226,3.562385205546913,-22.95841973583416,0.2359020895267418,-7.809362141057185
2023-07-07,2023-07-10,RB2401,RB,-0.0005571030640668662,0.0002718499405080558,0.00027713236655320573,6.798699653112633,4.16586630809264,6.509178767570093,6.130707971825556,7.9790366235804715,9.116555116606998,8.063529923987673,4.917053671106925,12.482583984828516,7.678879229851314,17.255701566622502,31.901690452623207
2023-07-10,2023-07-11,AG2312,AG,0.014833574529667048,0.005085372383279431,0.0059015931195989715,-0.7803380163281943,2.712120795855262,3.57641201777859,4.032150141547609,2.0410837170509257,3.3448443557187817,2.3058589005600334,1.6969646409221688,1.7300094486756676,-7.330645482696114,-2.04937640709673,-1.7678792145472162
2023-07-10,2023-07-11,AU2312,AU,0.0033671525408709435,0.0018582431681149908,0.0026518875579569163,-7.744695435873038,3.641184383473383,-4.089382100899362,-4.052371247319844,3.5987694600994122,-2.2216672352594853,3.2636404395690732,3.4633646962043048,4.546355993186406,-10.56058084990805,-0.7431724525524105,3.6701602481280924
2023-07-10,2023-07-11,RB2310,RB,0.0049166894291177154,-0.0008175501204787803,-0.0007566105536668221,8.547793728616707,5.105342169926136,5.884007630966359,7.245812673677227,7.538258500571704,8.473977413064341,5.282555696912561,2.851933617294439,4.710279293512375,2.6065755551368954,16.590255739043346,5.755288440181789
2023-07-11,2023-07-12,AG2312,AG,0.0008960573476701761,-0.006131669346404356,-0.0068628674666683515,-2.3315572569033414,-4.041986090947487,-5.921214160327258,2.8573910881958815,-2.144201032146956,-2.6050398526342025,-2.0652060093594717,-2.335417551323256,-3.41771137968966,-18.872356904048722,-13.981535963230503,-14.731916070992591
2023-07-11,2023-07-12,AU2312,AU,0.0005301055793611731,-0.0033173394422282634,-0.0046757774467199404,6.172697016979958,3.6824348324275586,12.894597332856266,8.515384510417428,2.809088751555319,10.89971343983747,0.3382429024755789,3.1912679500622487,2.8309368547326406,-4.021261715852865,-4.826388181260512,-7.306502886276327
2023-07-11,2023-07-12,RB2310,RB,0.008412483039348606,0.0019138761822841976,0.0015670641736716606,6.389352271728276,12.336555639658718,10.551359823294533,6.561298066388041,9.186702355397372,8.300026225718959,3.148143972281682,2.500755462457408,4.420119169341461,-2.9594518640553678,4.068853732242763,1.956378146115038
2023-07-12,2023-07-13,AG2312,AG,0.018924655111425492,-0.005361943141385399,-0.004221720484453227,1.4786993518088032,6.218451743405737,4.92746820057809,3.230372826259172,3.661704519236036,4.537066054180643,3.0908295482448604,1.615198235407341,2.4446999900194504,9.306474672917496,-0.7165124074442081,-2.0726229386698556
2023-07-12,2023-07-13,AU2312,AU,0.006560986349625653,-0.00044165710460874303,-0.00045611211141779486,3.2689902853863675,-3.916299275009314,-0.37896588289248445,2.9057808646393473,0.9959344867466036,3.0141907445137623,5.198798694916084,2.394797737098594,4.096852510633324,2.9634911233535774,-0.9264925224825794,2.6663744852598574
2023-07-12,2023-07-13,RB2310,RB,0.0010744023636852784,0.0016295495186627144,0.0013288797777432871,8.480595655187756,14.742004290825419,12.766557546829466,7.2526778098165625,8.205968631966538,7.404078111875227,3.1338364564116,0.23056955228288417,3.00513892197856,-5.7814259221824695,-3.1329142872741595,0.8720085720667243
2023-07-13,2023-07-14,AG2312,AG,0.004499826929733386,0.012278826750234478,0.026537362574215902,-14.271792953979784,-4.752994797588357,-14.652793301464678,-1.603198459672706,-0.9141739826824953,-5.491705209034098,4.657527094485182,5.368298182767795,7.256566093875634,31.743894635570346,17.82124424751457,32.326876182626236
2023-07-13,2023-07-14,AU2312,AU,-0.0035049288061336226,0.002689655273443994,0.004187342824758223,3.0728994900893207,2.801466911632935,3.6160947459394124,-0.0656029910361946,1.6265669420753586,-1.5416843364502673,3.230263503350611,3.9608552268429715,4.85729090825502,-13.625264660212823,-5.38398736115214,3.1274095441408196
2023-07-13,2023-07-14,RB2310,RB,0.012610678830158317,0.0018819739389878305,0.0015692380121158085,3.769196291245746,17.863220734009623,12.48577963757775,5.564094848357235,9.655136532192708,7.889843648035708,4.767718087835695,4.2941033662575325,5.574246212560648,2.785088744461548,11.473952791420176,9.487377696342532
2023-07-14,2023-07-17,AG2312,AG,-0.0006855184233076628,0.0029465312937973815,0.004985825186659253,-7.208067941463162,2.6925938967943495,-0.9163738555878496,2.947493274091338,3.4219579162829,4.710019059283053,10.750721431607316,5.391938530507201,8.826453125909971,21.732875037473033,-0.33397573076164555,14.3656061437196
2023-07-14,2023-07-17,AU2312,AU,0.0015807499780451373,-0.001488486396879014,-0.001595429264792581,-0.46298686775972975,-5.555778374360171,-6.087042429856014,3.042778481401322,0.10750115529150595,2.5933434154729076,9.628029102292233,3.060297343182194,4.976089454092307,5.685707239413843,2.7115483915437366,3.4853197774235403
2023-07-14,2023-07-17,RB2401,RB,-0.020231993525762104,-0.0016411382239242584,-0.0015372015952358179,5.668689968400438,5.90072172202685,1.5594624894648423,6.20028105565758,3.868697010752693,1.8550210611125655,6.874630220047141,-1.8636545144017518,1.186778295294205,5.685707239413843,-1.0862562804538938,1.7448414913204253
2023-07-17,2023-07-18,AG2312,AG,0.0053264604810996374,0.005326930716577802,0.008600883954097064,11.90236830677188,9.365658398487428,22.45784886893182,6.9078715818030165,5.148602557586535,10.22119018460472,-4.024815701001172,2.660538268922449,0.9130057255519881,14.711818260500145,12.326792343154619,16.790517091770152
2023-07-17,2023-07-18,AU2312,AU,0.0050498397224783,0.001274193366445862,0.0014475756833366845,3.4815562275444045,0.2753436847928885,3.6445155716536344,2.3283604793078987,0.8045682437348676,1.323284187215536,5.213678867823744,3.232822881659724,4.830894466106176,-0.7821249691851403,-0.5089694559648675,3.350563250056233
2023-07-17,2023-07-18,RB2310,RB,0.015713898672446547,0.0010593221329593383,0.0012468637075319414,6.763500450787639,4.788730817859427,8.673338094592854,5.619647426957,7.214651894301827,8.581315620593326,8.688556145773322,2.9144995149341333,12.18235940405014,7.678879229851314,-22.267879017018043,23.91535552013042
2023-07-18,2023-07-19,AG2312,AG,0.014346712211784851,-0.0018882504966725,-0.0022337007007806864,-2.8181469274589155,-2.5778450302551312,-5.821064793444519,0.5625724987136613,-1.3031829458022957,-2.9732788772745136,7.457896136524669,3.978235503769692,3.386023386835661,10.481676858637037,0.5429095428572549,14.233220119492074
2023-07-18,2023-07-19,AU2312,AU,0.009060022650056565,-0.0016234125935558885,-0.0014545006678098752,-1.1451366511927317,-1.573213491079326,-3.4118041613616557,3.1892757898715147,-1.562249648727799,-0.3260504546023806,4.243921371668658,4.52360484109146,4.528977309075076,-3.630125958980575,8.892046331999726,10.493542289371412
2023-07-18,2023-07-19,RB2310,RB,-0.001867662753468502,0.0010843047958541034,0.0008689525044572882,6.887494381822941,1.5165936196712524,-0.8490157915075764,5.579042711635212,1.3836921229887138,-0.46921611579532874,5.400671347038489,-4.798329718464652,-2.9076408107761904,7.531137589675232,-14.016241894918705,-7.0540570221489105
2023-07-19,2023-07-20,AG2312,AG,-0.004020100502512558,0.0006834102435815868,0.0013505422930518444,-9.93821614041466,-2.9675306190587594,-17.05683060808768,-0.7308568637453536,-1.0842571447347664,-5.510938356778629,6.7575707434436865,4.035307228192243,5.165083923292769,13.212465293523703,-22.183455924117574,11.062846077030045
2023-07-19,2023-07-20,AU2312,AU,-0.0026718379659556035,0.003053703895495998,0.005268180433046899,-16.863373916587665,-2.1706107148647784,-18.90504851098192,-7.909348277321869,-0.8124908931379888,-11.304021943268783,8.011906368006002,5.840397680144616,7.041739878918554,3.2328027643879187,10.876281923537848,20.0019843797711
2023-07-19,2023-07-20,RB2310,RB,0.009874566319722389,-0.0002667733775992167,-0.00022353059546563413,7.669957057527971,11.258179748311221,12.075460682082849,5.488478617214627,7.168127635049,6.578347290836403,8.910406995326207,2.405979082941936,4.932469025515471,16.928243845073116,4.72439763051922,7.136283506133581
2023-07-20,2023-07-21,AG2312,AG,-0.009270183718186442,0.005206158370787528,0.007224487853463934,4.027542226422205,-0.40821540924393807,2.159417658776609,1.49673478318139,1.6800661811960476,1.8881136134221728,10.63821857830884,-17.10318684256409,-14.845182918088296,26.65579708252936,-4.878659192068171,-19.537419385760604
2023-07-20,2023-07-21,AU2312,AU,-0.0003473126682296268,0.00168208618298488,0.0016294905818967037,3.3304196685332705,-6.223254290455957,-4.422701018017246,1.100640188356015,-1.1308868000386667,-1.2327543773524554,8.053824761870484,4.763291218123926,6.10777861077722,11.098041790899924,6.834302383588054,11.666282399571209
2023-07-20,2023-07-21,RB2310,RB,0.007909306617453149,0.0016025644455411972,0.0018860346114383864,8.03919244164332,12.36255940165812,11.89563897906755,6.239167300305942,8.30935136593786,7.346910563693854,6.3035183834997275,1.985837413732772,3.6596483304691816,1.2110470212523314,-3.611468527074617,-2.190704022465966
2023-07-21,2023-07-24,AG2312,AG,-0.0005114217524718745,-0.0021887372993997793,-0.0036218268909670973,2.5853696770437464,7.685648808855204,7.682868695548162,0.7259435049258709,5.7560949698524055,4.595585045255863,12.517292313479844,6.375848406584797,8.501380783408841,17.97933505280065,1.327773230927354,19.10789982013998
2023-07-21,2023-07-24,AU2312,AU,0.0010442955356366745,-0.004720973750809457,-0.00576916033097475,25.076759460084443,-2.58957440239984,25.155380128210226,15.246717203973542,0.9234702351997321,16.14845507769579,11.867642356332878,4.291860073004986,5.364462011911552,16.168331406611554,6.834302383588054,11.203987020048036
2023-07-21,2023-07-24,RB2310,RB,-0.007068062827225163,0.0023756115171299852,0.0035626180719621797,6.733911564108425,10.851227984242465,10.398381582800349,7.344137905858799,6.558614278767689,6.861798526766602,9.088302339536188,5.623730065866851,6.994876645050487,19.229730948712014,0.30993620586591003,16.452397528743266
2023-07-24,2023-07-25,AG2312,AG,-0.0035848412427449405,-0.002043597441466286,-0.0020866229124265365,7.485154981566415,5.65980112483736,8.941644833908644,3.3140177031153764,3.8304218883196404,4.020136907926457,9.233703502710226,7.547447096832725,7.745678698321361,9.569514060441584,16.5694464110462,13.354063385081082
2023-07-24,2023-07-25,AU2312,AU,-0.006767308693388818,-0.001912711416030735,-0.0017966934290988166,5.377386774263264,3.2267032141465988,7.853442017449164,4.8737248749955455,0.773199184594167,4.114199553377861,4.424585000750469,4.466889412556204,4.35988123542318,8.70665334274075,7.682788058121521,10.82437200519692
2023-07-24,2023-07-25,RB2310,RB,0.013133701076963433,-0.0007850320957919764,-0.001023927708796818,7.299847147055932,13.609489243902187,13.93267170316583,5.257861668093575,11.13048625049781,10.56534571073091,7.834553994579246,3.2733348351387193,5.729228228240916,4.242260483591696,0.9384939197308657,10.68284469826025
2023-07-25,2023-07-26,AG2312,AG,0.006163328197226425,-0.0008531695765363408,-0.0010908910714049825,1.2303715259524726,10.14254406742451,5.715306801413821,2.756827036035607,6.070017320432953,5.135761094826352,5.1222175705527775,7.213011852541111,6.076281225093397,5.740382657249283,11.558682589270889,10.876245275066761
2023-07-25,2023-07-26,AU2312,AU,0.00586484593837544,0.0019974821006013602,0.002738530373758918,-8.956307836745587,-2.9836227032870757,-12.137911445512845,-2.436635917258359,2.2441722772596524,-1.144487003426923,4.356946363739576,3.6707003317111884,4.7633090555591915,10.251111533243183,0.04092146888068071,9.592427034361627
2023-07-25,2023-07-26,RB2310,RB,-0.001037613488975353,0.0036842146935984342,0.004768572470145192,9.060095327734178,-0.6026846494375309,2.579254471804845,9.026999706328581,1.203674031766751,3.34234841314793,11.204047334114017,-1.6225977633598037,1.2321241440240414,22.406368566761184,-6.598529108465176,-4.101966683788621
2023-07-26,2023-07-27,AG2312,AG,0.006133924007497127,0.0006850488365184213,0.0006527413284524625,2.579629781727922,8.354456207633024,3.9595889763342202,3.2211727687645992,3.382105950348366,1.791190392985078,2.640110379207225,6.829027443678671,5.431453410508323,7.543872714626704,34.20487417696626,17.95962315843847
2023-07-26,2023-07-27,AU2312,AU,0.0019568620629675237,-0.0020986366569212492,-0.002322289196241145,17.033719557629457,0.8426706104246673,16.662104364065954,9.368551893790178,-0.37410597468203033,6.920884743625072,3.341954836732074,3.4799845008703802,4.225019084596301,5.626950164697814,7.26526499160381,10.62414424663013
2023-07-26,2023-07-27,RB2310,RB,0.0028571428571428914,-0.0005186722107979624,-0.00056982619190234,6.297011466347852,9.447619575782218,8.015687960905554,5.006760626159156,7.494236244447409,6.368891221143467,8.984269939208554,5.176099462857096,5.856374324646075,7.678879229851314,12.27521242155148,11.016319327651036
2023-07-27,2023-07-28,AG2312,AG,-0.022580645161290325,-0.0013621660543159625,-0.0019708313557077273,6.289251099337471,0.2793918586513726,-0.26857622644497114,4.351756469542135,1.505016385124148,0.9779228314650639,4.908844914326993,7.439859676408907,5.29785828950177,2.9634911233535774,24.66189171403861,13.409521857810976
2023-07-27,2023-07-28,AU2312,AU,-0.0037474399755981214,0.0006089869256026651,0.0006674841315410919,1.6198685153922154,3.127477378614916,1.1898295178498879,1.9711437052036895,1.7276426946367474,0.6568696870099529,5.197162946059171,3.645502264178076,4.885417647790302,0.9250563270153237,6.935499733953782,10.411633307160702
2023-07-27,2023-07-28,RB2310,RB,-0.0007784120394395133,-0.00025970653307901004,-0.00033154186135391135,7.178523951054179,10.402955680935184,9.554887710993086,5.454503302884538,7.1898160601937064,6.051558897373008,8.130418142123682,5.0730039748375715,5.699237599688726,7.678879229851314,13.109836703697196,11.271202475460147
2023-07-28,2023-07-31,AG2312,AG,-0.0031152647975077885,-0.0025434519858302555,-0.005066511051824112,-1.6907460634307112,11.091752871420644,4.729477061260259,1.7790130403748536,9.203286751100944,7.592547982306293,10.870764370867386,11.057166824947894,11.06676136076838,55.83697974175519,30.607265007682344,35.812608832887584
2023-07-28,2023-07-31,AU2312,AU,-0.0027498908773461173,-0.004000875091120265,-0.00733978881060571,-2.5219869597067337,7.8889741049317035,0.17903579896580757,2.192016621331552,6.427831369033923,6.934271081105452,1.3878723180864005,4.415698627430085,2.842550820329779,-7.001841554006811,1.0070892062295014,-0.7520164787292403
2023-07-28,2023-07-31,RB2310,RB,-0.0010386912490262246,-0.0018146472899246546,-0.0022387126797686844,9.237408476599514,17.87118982509966,17.974012889239916,6.479994353204204,9.766348589932,9.223345875387153,5.411437963334152,5.127175107181169,5.461006594145159,-6.478075628076131,13.740883361297701,8.843524419302502
2023-07-31,2023-08-01,AG2312,AG,0.0055172413793103114,0.003641096350370946,0.0027789141081473235,6.624118682620713,4.2932813940018715,4.020781945353601,5.8201826747638945,5.078062903297424,7.201167678528883,7.931072409531419,5.928315749678524,6.35350842083053,5.566062745469208,8.956426692095125,13.215569035533662
2023-07-31,2023-08-01,AU2312,AU,-0.0007408698683867287,0.0020536131133140423,0.0022068788967164257,1.9315549274015646,-1.1793773363198832,-2.316817879877952,1.7887864928837864,2.3048972935729513,2.1897714851421686,6.215486257984048,3.6225316799584184,4.681993514578543,1.340464675788855,5.987321495495414,9.836766686713798
2023-07-31,2023-08-01,RB2401,RB,0.0005155968032997116,-0.005193467918331541,-0.012059551426632299,-0.28760922246937115,23.891177809738643,22.007518022431626,6.129815898365482,14.801485264285471,15.162170314207827,-4.20688555153497,12.357982397716784,6.763436752303597,-24.259698982348098,21.474642456274083,4.809220036122186
2023-08-01,2023-08-02,AG2312,AG,0.0008647526807332717,0.006920442844573757,0.006623219976480288,-5.592447858264559,1.5083457320002758,-2.356325688434387,1.6669863036356247,2.331083075264667,0.9755802461633079,3.8906518760708604,2.9693216817014725,2.538783688811272,2.6286834054047503,5.806264444967834,-0.7762099586266188
2023-08-01,2023-08-02,AU2312,AU,0.0027581979773214638,0.004323811684605598,0.0037103795531550896,-5.19892323789523,-4.17759202513046,-9.650179056850318,-2.6371832464194354,0.9640841921349899,-3.770592042597696,9.079195081291502,3.8301732767364447,5.108413319089587,6.604243774776384,13.80247682923455,10.069255999263625
2023-08-01,2023-08-02,RB2401,RB,-0.0175483870967742,0.0041333047736859556,0.008401775394380195,18.00410346222069,25.26597372645817,33.64189676939845,11.67412625564727,14.917417066296697,19.685796163994432,5.567396466536125,12.76889961236711,11.848289286110989,-3.5443599294445693,10.853357601706222,21.150342837639023
2023-08-02,2023-08-03,AG2312,AG,-0.023348322379799336,-0.008610351112202657,-0.00863401517088269,4.31186383266691,4.753768182033073,3.915488441383737,2.060832848253798,3.8855887931793465,3.810615670804625,6.409481795910197,6.25448058258183,5.588054793642998,0.009847339819236868,6.089716834287329,8.044086397186833
2023-08-02,2023-08-03,AU2312,AU,-0.003583446226456455,-0.003845318262359872,-0.004360938582098101,26.622596596657203,4.126928172556789,31.815757220026477,15.740040887439651,1.9580918936923515,17.077505444065412,4.380258628692915,4.144137142735628,4.79166570445489,4.347090336935598,7.912971789920577,8.1434875763297
2023-08-02,2023-08-03,RB2310,RB,-0.01843075302790942,-0.0023331183623022124,-0.002975540046015495,9.031948119694679,9.764664598067663,12.067080778436305,7.512378535460455,10.820843468328608,12.513796602158633,-10.242053925690884,2.368166624234666,-8.2181610502691,-39.6552846825056,-3.3043684510515803,-51.186953381260885
2023-08-03,2023-08-04,AG2312,AG,-0.0015957446808511078,-0.0008643789975474023,-0.0012880247191528933,0.8083440155181965,7.903219677410775,7.511747881887497,2.365832994996936,8.371346547851763,8.658066895828448,4.86890220636613,6.33700236462797,12.233652669198593,2.6065755551368954,6.487993846342374,12.606636038206112
2023-08-03,2023-08-04,AU2312,AU,0.000527356624917541,-0.0009172909984269435,-0.0009746320272829148,2.74578023488252,-4.571373357968536,-2.08270551260524,2.2942370928248375,1.7504079919926665,3.457467613492513,6.495662275030586,1.96747468629441,5.2682068097546075,5.685707239413843,-2.581219438029713,8.622230097490336
2023-08-03,2023-08-04,RB2310,RB,-0.0010695187165775666,-0.0007895776170175851,-0.001121472529547365,9.564944702198641,16.672547973382912,20.33824137361671,7.644934943655986,13.339997726216005,15.279031276327487,5.282555696912561,5.066670293706569,6.951429934993336,2.6065755551368954,28.32767285631691,15.092747506310774
2023-08-04,2023-08-07,AG2312,AG,-0.0007060900264783676,-0.0012403651807320587,-0.0011671055951213332,2.737337533639907,5.950647325864184,4.9994799429922265,3.37852612208051,6.852489046813412,7.490367651497453,7.245773912356841,2.182720085123713,2.880623560482793,5.589910040483773,13.405461491077025,-0.45107570654940543
2023-08-04,2023-08-07,AU2312,AU,0.0009206488382289546,-0.002019493179106244,-0.0021014227018524476,14.283675248491338,-0.6050250322102557,12.523066263915311,8.775681362663393,2.100106171480493,10.07625067698154,5.276095011752686,2.139153497608446,3.3102183637752995,11.56290265426667,-1.9039645784493744,6.956192907695619
2023-08-04,2023-08-07,RB2310,RB,0.0,0.0032137146030958245,0.002523778089085343,7.818217116903455,9.86590347306134,8.517996642019721,6.385200848333779,10.081293079099316,9.454214210768463,6.561808051482411,-0.9257273101998995,4.935367139317213,4.353249024954447,-7.036020598866788,-0.9079874792739853
2023-08-07,2023-08-08,AG2312,AG,-0.00811430587405182,0.006019848207488121,0.005935646583032248,7.242810843409108,3.5516254721681966,8.846755237555353,4.475933104376722,5.22301700631208,6.485046223934286,7.719854605867167,3.271298906028604,3.777666598197306,8.823535089301929,10.522974765326671,1.3898625128849573
2023-08-07,2023-08-08,AU2312,AU,0.0003505389536413439,0.0018869172064112365,0.001740979804721222,2.7157854290471026,-3.126316329710668,-0.14142209876915857,1.584251369831501,0.5376058583275047,0.6261308187383801,3.9858211153290988,2.4777022366697716,3.958094567512823,0.511326792025415,-2.8012847786161164,1.6558040645661223
2023-08-07,2023-08-08,RB2310,RB,-0.011512717536813932,-0.0010712373814988035,-0.0008963762078748039,9.220275872853392,21.454712825928045,19.74490838258903,6.92090597118378,12.510625891141448,11.658144244302548,7.774903779468118,4.096033662550861,5.040630757415208,5.685707239413843,12.08689482085916,11.748250079402801
2023-08-08,2023-08-09,AG2312,AG,0.0035906642728904536,0.0014121802876437182,0.0012573335267885648,9.935602462463592,3.2314574854463576,9.701987051033495,4.428722593311708,5.71806455034174,7.706707142794693,6.951546284422034,3.2412925853335794,4.936762545586489,2.7532611448502804,6.131389876875385,7.004058385672734
2023-08-08,2023-08-09,AU2312,AU,0.000614035087719289,-0.0003942785848287211,-0.0002754610062777238,5.843004177490693,-0.0807358245911387,3.8277462494737793,3.228468711022515,0.3010726223405267,1.6588376039090194,6.68727014187187,3.225313738670261,4.512481629972307,5.685707239413843,-1.9856563353898788,2.637921241187683
2023-08-08,2023-08-09,RB2310,RB,0.004888647474198704,0.000803535599683173,0.0006038602037128067,8.742696407461628,9.477463787761243,10.418150216864142,6.853937090036533,10.228177636528667,10.845229196756245,7.311790637613506,3.276885673984711,5.650267373855948,5.685707239413843,18.594027347030014,11.495165697183669
2023-08-09,2023-08-10,AG2312,AG,0.0005395683453237599,-0.00947027537087201,-0.009715470083305757,19.302827437269833,13.783556489299068,30.160497939991494,13.183003911744738,8.044140226104258,19.006696111160053,10.28309872582865,1.755130024872271,5.267359330247604,8.315355831488283,-10.80538290468173,11.817340498470346
2023-08-09,2023-08-10,AU2312,AU,-0.00254542262792945,-0.00131492458130914,-0.0013873098561501815,1.2849827236486795,-0.5856754313760368,-0.19085394784229903,3.170805330987049,1.8177932166954538,3.8646625413013584,7.266091109183388,2.4777022366697716,4.224459683867336,5.685707239413843,-3.400157051299609,2.3654272123803417
2023-08-09,2023-08-10,RB2310,RB,-0.007837837837837869,-0.0027122338297195727,-0.001740595948152269,7.004429808590819,15.171191517483825,14.129325510901973,7.11124292739951,9.260670770326698,8.804102578491621,3.0335325414297447,2.708508239338805,3.3703586983238054,5.148435308093776,2.7627927079486208,8.142276252846898
2023-08-10,2023-08-11,AG2312,AG,0.007537688442211143,-0.0053811789045168186,-0.0050914666286008756,1.9347309373592192,3.261718717290657,2.905191423552076,3.301264230858558,5.438436055747175,6.39609212107373,-36.92293645149379,1.9180700460651985,-20.55324623469978,-60.454201122781434,-10.257368670289862,-53.587516531616444
2023-08-10,2023-08-11,AU2312,AU,0.0018884497145366108,-0.0012280703297819571,-0.0015853951224044165,2.0433577489669412,-0.27825828547447706,0.024909313301202385,2.4389159131601073,2.896540729511039,4.333657359635625,5.043772958197439,2.2972814142934785,3.488809250059125,2.6065755551368954,2.715352246589619,-1.1891520984357993
2023-08-10,2023-08-11,RB2401,RB,0.007025128343690845,-0.002696146146581133,-0.0042360959463522245,4.429572310301171,19.440790219641542,15.33777005740345,5.160969681428802,14.378546262596714,12.594416996625492,7.195489418982186,5.724283304148777,4.260141950519777,-5.2783124178638685,9.139372048374993,1.477272092340931
2023-08-11,2023-08-14,AG2312,AG,0.00142984807864166,0.001616524824403123,0.0017320688581178038,-0.5456501492407835,2.4787532655923963,0.017562504330018935,3.351124143703622,2.9171913584388944,3.1047794455508315,3.719511939029081,0.3725830633728287,2.5596992707802446,-3.8911050089493893,-2.2630919034167656,-3.0690816642965326
2023-08-11,2023-08-14,AU2312,AU,-0.0006129865580803973,0.001846235523761386,0.002219615710893564,-1.1423048690813769,6.564210380130356,4.2855956160383615,-0.25429479686209255,3.594454940684925,0.9258872024722002,6.51355498586668,2.126861693735526,4.263789805935716,7.393362530549758,-5.987180307157478,-3.3959649617622665
2023-08-11,2023-08-14,RB2310,RB,-0.011940298507462699,-0.0002724424482183225,-0.0002481434632358171,8.942673493145591,16.044989230953572,15.293321293963057,6.911438979033308,8.86969682148294,8.079179193862345,5.258505746368513,1.128785445076613,3.480414684187371,2.6065755551368954,6.002991199727808,0.2874165098505513
2023-08-14,2023-08-15,AG2312,AG,0.0026723677177979965,-0.003390136175802228,-0.002866344591184201,6.21917981640205,-2.3035686414403655,1.8767257919091378,3.8712823651481516,1.5282959763479518,3.0347892699989822,-0.6861934946574639,0.9626563991632734,0.14520638786951687,-24.094179195376658,-2.5869307568239286,-19.666584109613936
2023-08-14,2023-08-15,AU2312,AU,-0.0004379050621826641,0.0011390520814473213,0.000875098459692494,-0.7715235276038532,-0.3332089058299812,-1.8667179038018729,-0.1923516580966269,0.8574053381194764,-0.9539077592857388,4.987650852408214,2.873886224685617,4.659451283460217,-1.9949386896999006,-2.1659781129311115,2.22887217492238
2023-08-14,2023-08-15,RB2310,RB,0.012054794520548029,-0.0016268984065616215,-0.0012768386172205238,7.74339370173096,9.129204183034101,9.77989759390248,5.996387673322609,9.88683353182312,10.14018902918094,8.322295309422508,1.617738646783135,4.192282071521781,3.9090757687343194,13.132216065686068,1.7324356015093187
2023-08-15,2023-08-16,AG2312,AG,0.006954350927246722,0.0017831673769147511,0.0017418324468986266,8.346007576760385,8.33880812397909,13.9288695907101,7.108149548070969,4.527341338896177,8.080924981033423,6.371165189233162,2.102663383879737,4.293772547940516,-0.3357010466824399,-4.988687686295067,-0.7734208349011072
2023-08-15,2023-08-16,AU2312,AU,0.0012253829321662302,0.00048181162098064376,0.0004405827666279708,2.73284559476436,5.569366985642897,5.761838817374822,1.4374263137871912,2.619476082917121,1.9098905722444142,6.301567257697395,2.673298386267204,4.5537222630253185,4.177547584765532,-2.4226849953328147,2.22887217492238
2023-08-15,2023-08-16,RB2310,RB,0.005960444324031533,0.002468798401103813,0.0021405758807891864,8.931855886834965,7.832152678472928,6.090725180499835,7.95229874209763,4.626677103196924,4.200714188154129,3.3101507282362883,0.3330892422274659,3.48193782637073,-2.9594518640553678,1.2276001122660822,5.638480849296116
2023-08-16,2023-08-17,AG2312,AG,-0.0021250221356472476,-0.0035599895198536718,-0.003409044603746333,-3.7706112791384534,5.571519093301408,2.5658505732853905,4.013941324923776,3.1154722684004637,4.464733329679726,3.342739198152769,1.0554416536399776,1.5937951031378874,6.704560708349538,-4.604729471923904,-4.575238133110072
2023-08-16,2023-08-17,AU2312,AU,-0.0006556517178075705,0.001050880208805424,0.0011645458996770348,-6.21338459738634,4.905687983372398,-1.9851784241937338,-2.66864547800291,2.934133019556679,-1.7444846185856036,5.220740576705897,2.5857529713204466,4.766020859813586,1.2110470212523314,-0.9264925224825794,2.966948566808773
2023-08-16,2023-08-17,RB2310,RB,0.0035012119579853618,-0.0008124577291867133,-0.0005327767210361489,4.763325702650906,11.648080986582427,8.361277798081865,5.990244664043292,6.468169356286836,5.329002072422169,7.984647082135033,2.7750032859126033,5.623052539446488,14.93507185463565,0.6793073760032097,11.00473772268038
2023-08-17,2023-08-18,RB2401,RB,-0.00588235294117645,-0.001879952212066216,-0.0027664284304391913,3.8094307652129946,14.854989894810407,10.68785516889906,6.163484508064351,8.28510551594106,6.822497134278207,7.0455433693895655,5.687042110898382,5.979068058295327,3.7963143054313573,12.827535270559643,16.358601457522546
2023-08-18,2023-08-21,AG2312,AG,0.0039215686274509665,0.005309746988230087,0.007023873527437511,7.701231637880776,-1.6933999192314428,2.8643180582028536,2.8529487962777806,3.915154638501166,5.07668132469162,9.363622506123107,7.336451363984212,8.396516713921802,14.200273990832859,34.04083104870314,30.574348583320102
2023-08-18,2023-08-21,AU2312,AU,0.0039947322212467995,-0.00034997156838235976,-0.000477299982407517,1.951102008451256,-1.8721326262270357,1.075309275567323,1.2327705292044002,2.778899130902254,3.877745206392494,8.741897672584903,1.7114453055986747,4.608371500428794,15.450896073467502,2.8025302993286845,8.402865199468245
2023-08-18,2023-08-21,RB2401,RB,-0.00108108108108107,-0.0013360055427422512,-0.0016822697924603282,8.329992242577202,10.111163650262641,12.062354426781996,6.905165766927972,9.816536862348539,11.115255367240303,6.666846201517931,3.2093934373959803,4.596149132535663,2.9634911233535774,8.681828472525677,3.049989168507317
2023-08-21,2023-08-22,AG2312,AG,-0.00017543859649127302,0.00017826900840512894,0.00016986517864134944,0.837147818716268,3.612099033830865,3.1356411983291834,2.1367978629330966,2.966383792522292,2.7667211266416163,5.058234249280926,4.8082862698540465,5.715570200577923,-2.5367775051076853,9.800050692274626,11.824395861092043
2023-08-21,2023-08-22,RB2401,RB,0.011653116531165297,-0.004853069649073477,-0.009568653160546078,7.584226057519104,19.317442876360424,15.4325741996608,5.995322867123701,12.722563184243569,10.914582711924131,2.4103217620660025,6.362612520984531,4.101083244571048,-2.988238335659617,3.7634414656733295,3.4294557105035626
2023-08-22,2023-08-23,AG2312,AG,0.015255128879537061,0.012001555984763091,0.014968128712936717,3.7700049449046005,12.255772348638748,12.54039338122782,-1.8419045534121627,5.854784520150034,1.1852033007725153,-3.2283670377687517,2.3842352959735162,1.9916024076268297,15.83412149793931,-3.162729955794803,-8.778584512045835
2023-08-22,2023-08-23,AU2312,AU,0.003107765035454735,-0.0005685670078158956,-0.0005931613297212836,1.6635695077075243,3.2094036014987166,3.03468032880636,1.7307203579405068,2.304878464275168,2.520830596139068,5.532987842392957,2.566841021848974,4.516181447791908,1.750677402838817,-2.4226849953328147,1.9282980933734637
2023-08-22,2023-08-23,RB2310,RB,0.0,0.0013629550971840352,0.0013852592453829794,9.336099946529103,-6.320871877535081,-5.430568688779784,7.336693086088232,-2.1762970251421914,-2.3031950485450925,3.673176011027513,-3.9454176032351658,1.2447319586417953,-9.55306894638952,14.022763339414059,3.0157303587078954
2023-08-23,2023-08-24,AG2312,AG,0.006185567010309256,0.0007016313215393307,0.000993536526141561,-9.503146926832908,-7.648411401630346,-20.474277340367514,-1.6929018186353666,-3.13336269454651,-8.230431383804701,2.732102133030794,-2.68845592266534,-0.27879876010042537,8.0345684691154,-27.47818105130231,-21.662237734531356
2023-08-23,2023-08-24,RB2405,RB,-0.008119079837618393,0.0008177729772899233,0.00124910066207596,0.28872414482997977,10.515972688035198,4.954855034436785,3.7368445875074827,9.166338818434863,6.829539582500338,6.4193239409635705,3.606537372268984,6.49706219483761,7.447329907349852,3.213432652907688,8.296465400875826
2023-08-24,2023-08-25,AG2312,AG,-0.0035848412427449405,0.005167970158442598,0.008106992533719324,-16.975889057214594,-2.982654737923656,-14.320313672824907,-7.3817808394822935,0.7214812054432631,-8.053424564746146,0.09646490318372147,4.753237760211361,7.500090918112949,2.3860475984327607,-1.9225063657570995,12.908185544059137
2023-08-24,2023-08-25,AU2312,AU,-0.0013923334638646923,0.0005671036424808431,0.0006639938624615192,1.1451242663218153,0.5998802505788827,-0.2777391757794154,1.351420001577785,0.8336438660846355,-0.11116447516880124,5.293856659591813,2.4733643235047174,4.198992809396057,0.09047781435853333,-0.9264925224825794,2.503164713820376
2023-08-24,2023-08-25,RB2401,RB,0.006722237160527111,-0.0005339028423674659,-0.000834637926558917,11.73277298676707,5.030663866809225,11.403824280930914,7.986262368558474,9.09453755456266,11.624302306741212,6.089762376473826,1.2892345522360782,4.425413918293324,2.9634911233535774,-0.8728295193674234,-10.888518685772782
2023-08-25,2023-08-28,AG2312,AG,-0.0006827103601296791,0.000341471746531259,0.00032543092371861894,-9.90358745009529,-1.9164349722117762,-10.251360352460114,-1.184687458633098,1.2214024375486527,-0.6179366401574575,9.094747458828573,2.411262113441192,4.486902772607704,14.790139001882325,-2.0051619288151032,3.818794406814326
2023-08-25,2023-08-28,AU2312,AU,-0.001913209844334296,-0.0013913650664111987,-0.0014098927343184136,1.561026016826283,-6.884871596113163,-5.6043585754629195,2.0925834898030296,0.3828939648620535,2.091463795819937,7.260935646340543,0.3347171873182057,4.232515130247212,3.8857953527216664,-12.134809903475052,-1.6578440059766606
2023-08-25,2023-08-28,RB2310,RB,-0.013451708366962634,0.0032485139558313084,0.0025299322263818333,4.839009845112714,7.425336059686932,7.561584326701384,5.226374752239888,6.185069714946709,5.18562035552986,5.650803496682698,5.516097548647801,6.768293668553756,2.805363150589154,17.391999860462445,13.466650707873752
2023-08-28,2023-08-29,AG2312,AG,0.002732240437158362,0.0037619743409976654,0.0051785442974430764,1.438105365593001,0.5514484122237819,2.9663664947316355,1.1534431731478847,1.6522824136814713,1.2630695127576788,7.9000290014504255,5.6925330045728915,6.38071705224595,16.623321132786224,8.513814926368454,12.996820739582033
2023-08-28,2023-08-29,AU2312,AU,0.0015653535090007775,0.002045747084444316,0.002928056050453706,5.330261786394983,4.09748432811103,6.590818993595895,1.6310941458984103,3.5856623985416385,2.993772631734637,8.05193265744902,4.031844951221302,5.619797824644074,-0.7300433990939885,-0.3256493860346996,4.354349012924469
2023-08-28,2023-08-29,RB2310,RB,0.0029997272975184064,0.0002690703635229484,0.0003832481994373681,5.213517316347659,6.4048965432332405,8.085516210542952,5.453794351089812,8.895446899716514,9.59780885522399,8.228030126419519,-0.18489605637918513,4.7422340468324,7.678879229851314,-5.456412745530928,2.2302496260757265
2023-08-29,2023-08-30,AG2312,AG,0.010884353741496655,0.0001707796093297027,0.00017190632843085908,-4.347396423758009,-3.513214759710223,-9.611340191717336,0.732138343487712,-0.47671058061546656,-2.1028033482836688,5.32559049828088,4.837277314034445,5.6474337012743785,-2.5367775051076853,4.247279127730189,7.12080880786462
2023-08-29,2023-08-30,AU2312,AU,0.004171736485311994,0.0019150423679963682,0.0025037183302733684,1.5034690510049025,2.878435981498357,4.3063946446197745,0.9669156196725619,2.357796076330313,1.2906427413275794,7.6471617819074345,2.5739745321476817,5.047793443852782,8.34690969696932,-4.366488378754051,-0.3428246440916449
2023-08-29,2023-08-30,RB2401,RB,0.007027027027026955,-0.0005405405537020335,-0.0007439883481469589,6.8445371711185725,13.801999011743469,14.96743739899122,6.410759912496452,11.959644709068293,12.871795990128197,8.05801542800037,3.822792906819773,5.146906740681973,14.93507185463565,-7.164754955616744,3.4430315006361965
2023-08-30,2023-08-31,AG2312,AG,-0.009525401069518713,0.0013614705983211706,0.0023161961948832445,0.23471976412577034,-2.3201572411739195,-4.423371289906376,2.0333114425557732,0.2311016789493605,-0.7563261534878989,5.633186251219394,5.381448262149565,6.932936099444738,1.190772615124725,0.5948718301795999,9.367220137615206
2023-08-30,2023-08-31,AU2312,AU,0.001295840352468547,-0.0009555662456686796,-0.001774972787060418,1.1028943512407299,6.853182435685107,6.910335093057715,2.182423111791978,4.289997006748967,4.72031960726687,7.605354108340131,5.080170106381361,6.247400220288233,12.38310337820298,-5.992647746983395,5.070643922548463
2023-08-30,2023-08-31,RB2310,RB,0.006458557588805203,0.001086956628756703,0.0009058925673846948,6.399014781413349,11.657069867802333,10.294048397777392,5.831595834205116,6.404596475848264,5.3475724760341885,5.134508627776424,4.7008483598805215,6.666241568191212,-0.966279873617896,14.567649274103807,13.008808634306487
2023-08-31,2023-09-01,AG2312,AG,0.0020225855385134217,0.00670693325671808,0.010928500726190279,2.7913246161875263,-1.425199932730496,-2.93140820723053,0.32390741536315426,3.1218919867334103,1.451244500253432,9.38257596348279,5.423540483470306,8.05367613193015,5.65303191339652,-3.5123380723337725,10.957369369157771
2023-08-31,2023-09-01,AU2312,AU,0.0009081473793459693,0.001859098224556391,0.0030121286689547633,-1.8601418850145528,10.190206823831181,7.203715747384995,-1.1557038568252942,5.602027085040344,2.237006108396913,7.509791723533887,5.144803855440999,6.874443426163307,8.34690969696932,-5.2040184198985,10.11904336688933
2023-08-31,2023-09-01,RB2401,RB,0.012749003984063645,0.002412546405383926,0.0038806761275811037,5.721327475453882,21.046432628638254,17.98664974094566,4.683885532148307,13.334878474220538,10.644285810085483,7.5280459131022734,3.001795085255882,7.102483784206835,19.229730948712014,-4.22416918413216,7.31889600543486
2023-09-01,2023-09-04,AG2312,AG,-0.014223560910307853,0.001011804470805131,0.0011196280279831728,-2.2321388359815115,3.8604680768305157,-2.2265738340411145,0.9296420768690288,2.6577501234567125,0.06278530537852633,3.4017109121906355,7.454241303349067,6.672781633899863,0.6180683416347575,7.0891424192247205,8.586840003193208
2023-09-01,2023-09-04,AU2312,AU,0.0021992238033634592,-0.002461938399326825,-0.0047197253816390105,-2.310447744138311,11.895223951216352,9.591284231564853,3.7545621259895365,6.854054002763753,9.797402525801635,3.426550390380938,7.496351991616423,6.148448281489493,9.55671408349702,1.9108163437319472,8.732408954425452
2023-09-01,2023-09-04,RB2401,RB,-0.0005242463958060606,0.0013289038500537342,0.00249873523461411,10.224001496962497,12.017070795537673,11.985926086515613,7.202958345943293,8.001384851835748,7.134341374283226,5.14345642206672,8.722333699256643,9.454869183744979,1.190772615124725,0.8782905030988125,9.491729384181108
2023-09-04,2023-09-05,AG2312,AG,-0.0056227636735389774,0.005200917687771071,0.009862178669707471,10.5069135213733,2.288782124165295,6.945621997780123,2.0968337624895947,4.716162973147174,4.015898231442633,5.17359657921428,10.48276521876608,10.114419890296713,2.1535299295218286,17.6168069128153,22.951420322374595
2023-09-04,2023-09-05,AU2312,AU,0.002198465384947168,0.0019423767842065226,0.005379065047923583,-7.494839249147721,14.545536885540026,6.646485440998146,-3.472278081076878,9.127109187135083,3.016364400334045,7.801716084014843,7.486455849342639,9.48586290723094,7.625196351176172,3.4007764615954987,24.03939719740543
2023-09-04,2023-09-05,RB2401,RB,-0.0031487798478089246,0.000524383860993606,0.000989963895140948,6.010233848863045,14.337951139749308,12.31997568743222,5.451307129927365,11.736075266174272,10.734048846000016,7.9615216590223294,8.135614233127345,9.910067080012906,7.658604823723708,5.03032629857856,12.636283500240452
2023-09-05,2023-09-06,AG2312,AG,-0.0052982396171594726,-0.0037415009633528307,-0.0043990412166859645,-1.0997365874011447,0.23783285177210534,-3.6245817337928523,0.9338290598908761,3.898265764058967,2.815033509339832,-31.611779832847564,2.9140912536534764,-20.716133733213887,-32.26813161390557,-3.6494435178189564,-46.44809674762048
2023-09-05,2023-09-06,AU2312,AU,-0.001204819277108471,-0.001851892258190723,-0.0033013582929181367,0.9226307545979422,7.828252060874025,9.484875381992014,3.6553799440920596,4.521402640613271,6.873259136016545,2.153976416011738,6.218637238425352,5.306496508374593,3.4978304560411364,4.05357542507272,7.042891051444109
2023-09-05,2023-09-06,RB2401,RB,0.005002632964718368,-0.0005246589837034931,-0.0010914762745949803,5.711217205095472,14.092385212616064,12.911215884392277,5.262900725985806,12.20407234074358,11.569630879222299,8.986470959540016,9.366174195760225,8.86549085086112,7.678879229851314,7.228578418142381,12.636283500240452
2023-09-06,2023-09-07,AG2312,AG,-0.006215469613259694,0.002566956145559744,0.004556540501154187,6.452908566870883,10.243270447318665,10.917065573208077,1.7465494685631735,9.105395991126247,7.977317521044089,10.05897076383393,5.505819076159764,9.34321191620186,21.414917859625554,11.458506351655148,20.87989203955126
2023-09-06,2023-09-07,AU2312,AU,0.00030173714384229555,-0.0003871883719777854,-0.0008038288165115122,1.772518993245027,10.293808018870548,10.240313925642315,2.2253856289319227,7.325979972120661,7.8908549298545605,7.183598165368548,7.1268581226426795,7.117291829265104,5.685707239413843,8.586490165205255,10.798610300765253
2023-09-06,2023-09-07,RB2401,RB,-0.004981646565285769,-0.0002632618153944068,-0.0004470999183645941,6.787860082402854,15.044598750540674,12.51254946280549,5.73036086520065,9.729837287407314,8.141642643298471,7.953403013257058,7.088758830446295,6.579687455953865,7.678879229851314,7.541782807780022,11.075281985751753
2023-09-07,2023-09-08,AG2312,AG,0.0082024432809773,-0.004822606659931196,-0.010623215840164174,8.02290413499423,15.052645588066024,16.299441206343836,4.789652605701868,12.480889590361805,13.821787457640669,-34.93096897145065,6.180897434115363,-15.029761535343011,-36.385366539753626,12.583016595342597,5.19136287012345
2023-09-07,2023-09-08,AU2312,AU,0.003956989247311693,-0.0005602120333537929,-0.0012121279366184119,2.670640096177145,12.88207548133068,13.77277211962208,2.879547021062512,8.41063874389646,9.440155284995157,4.710300316935608,6.862967571997188,5.999348441993708,2.6065755551368954,3.2965155768441927,5.350532699842129
2023-09-07,2023-09-08,RB2401,RB,-0.01926121372031664,-0.0007862665848653139,-0.0023490738991284463,8.13275088439877,26.336454598467267,25.57013858880071,6.412805352798472,17.156498927476385,16.614126938816568,6.159601538793047,9.403770951497597,6.760256981733926,-3.630125958980575,11.57470347927865,9.787673708031425
2023-09-08,2023-09-11,AG2312,AG,0.01270006958942238,-0.00452725829847315,-0.008622086108954404,9.902932353191275,9.483895439204904,17.293065465568127,9.206107658254906,7.093765188119161,12.601183822517683,-2.625875135692217,6.273105356473959,3.587214269618878,-22.172384603422252,4.295529652912862,-3.7488041721750593
2023-09-08,2023-09-11,AU2312,AU,0.0006863712410449807,0.001894266108011592,0.004415983443623276,-2.501093696622041,11.696499274913455,7.195472662760678,-0.5068501561973582,7.016232435165629,3.407749354947914,7.876074769711719,6.982689343720173,8.365773891754483,8.765831462851086,1.9108163437319472,22.9930238691481
2023-09-08,2023-09-11,RB2401,RB,0.011027434104357248,-0.0013183917532582244,-0.003750374764115818,6.425912744279743,24.265428754650202,24.697052027586956,6.387656779765662,18.330059708504603,18.795370205705293,7.578458438153422,9.002506649689987,6.420957627866237,15.336564270781423,20.46880575714389,0.6233119433864858
2023-09-11,2023-09-12,AG2312,AG,-0.002407566638005121,-0.005032548582349976,-0.009707232891951837,-1.3796055987027707,10.013942009460763,5.872854285564426,5.327125891020762,6.014762648880101,6.627335425487472,-4.410909649163719,6.919650673939405,3.367677512351673,-23.628472685167896,3.7462568177481796,-9.333203638109813
2023-09-11,2023-09-12,AU2312,AU,-0.0001285291975493541,-0.0013289608197765014,-0.0031476401808278724,-0.1864000739614755,9.432638840934779,9.310451692943586,2.248001702468275,7.4870997946258555,8.60779397348837,7.848322632750157,6.391132063994724,6.219308830946134,10.38993138776551,7.090297692355022,10.060533908878858
2023-09-11,2023-09-12,RB2401,RB,0.0077086656034024426,0.00026899798413718986,0.0005798996939595532,8.4928437981224,19.71836748017165,16.05805396963272,7.277984183134874,12.209578225294006,10.607340503883446,-0.23182120795708666,4.418775846751471,5.210542563029778,-8.781738160299454,-3.924309965930558,-3.9640509808851587
2023-09-12,2023-09-13,AG2312,AG,0.003278688524590123,-0.00103128231897066,-0.0015142767987162487,7.6292175896860375,6.3036877870180685,8.150342888341216,5.275534439384264,6.190489634593207,7.685223649484937,6.848634371325688,3.430041442829475,4.307563124797652,5.589910040483773,6.108402962056378,8.26392815515311
2023-09-12,2023-09-13,AU2312,AU,0.0045970097954977085,0.0005999828756309376,0.000921721930520602,2.189096002875751,7.284212910978916,6.8355425426090966,1.7326652849747683,4.682226274764622,4.019340750449634,4.819520766128017,5.598266075710492,6.195030940733398,-6.503139267975618,6.591773042273561,14.749628094673525
2023-09-12,2023-09-13,RB2401,RB,-0.004218296862641746,0.0007977662967977106,0.0013973755370123332,8.57524344795651,21.53376628080621,18.990569702671365,7.426471461179716,12.92589314714364,11.96068227749699,4.3315639430023305,6.260605826723722,6.446870120287763,7.132281728574582,13.030226584468304,13.661974892982126
2023-09-13,2023-09-14,AG2312,AG,0.01770672167784082,-0.0010348396922122383,-0.0016303209073406132,10.523781958971131,8.773127769353462,14.27945646797793,6.736646687615505,6.110196548770263,8.670938795278662,4.1865629864759235,4.958675549747128,4.309668312097443,1.4585231175689786,5.614300986306767,9.019822159055337
2023-09-13,2023-09-14,AU2312,AU,0.008503910089312505,-0.0026601465894920554,-0.00504889912033016,6.555112809762047,4.808562133094379,12.563493535633745,8.916800704067175,3.53768288850826,11.481671957185764,2.0852066138825283,7.011213890833627,5.8051370884653695,1.6347907681970018,8.586490165205255,5.903186462868058
2023-09-13,2023-09-14,RB2401,RB,0.004235044997353166,0.0005274261725641652,0.00097935076674687,9.556383986456524,20.63670342751468,20.458352708324966,7.300500552784099,13.515976012734104,13.397950307578396,5.939345201974001,8.38710337460033,7.597574775067028,7.363831051076045,12.052168714972028,21.37391498411108
2023-09-14,2023-09-15,AG2312,AG,0.0010141987829614951,0.0005158627919403439,0.0014381480223527214,4.920170676413265,1.213056374419435,-3.1081423699456545,6.134561008030769,3.16731434575808,3.0376802102250404,2.9594967416709577,6.300048572678765,2.5763379324272955,11.681951947193497,16.246335142364348,-7.473478101812088
2023-09-14,2023-09-15,AU2312,AU,-0.0046196228014409035,0.0007694938820186573,0.0020411042641400685,3.463755048322538,7.367183427499913,6.336380804190745,2.3258719716674667,4.805631099151725,3.540561252399397,3.092592306552427,7.1179281950902755,6.290764418850429,5.830022898592549,8.645426513443057,3.8951740048249834
2023-09-14,2023-09-15,RB2401,RB,0.003938041480703536,0.0002647253489979328,0.0004611742570613633,7.627880630359453,27.176826326749627,23.51864071458221,6.697005882916734,15.002360327581982,13.294027364509732,1.553949644749045,6.240250233425456,5.881360944213842,-12.65313912657334,6.983214083243079,9.733609262738932
2023-09-15,2023-09-18,AG2312,AG,-0.012525389302640466,-0.000675904047360997,-0.0020277121420829913,4.813995522660185,3.990855334440697,4.488173336776575,4.479820983179887,5.730356037334387,6.171134231394511,5.765815315327612,11.745694115400399,7.144736334769647,2.9634911233535774,17.675625790524553,-2.1762288908061356
2023-09-15,2023-09-18,AU2312,AU,-0.006125053168864358,-0.00021188685321355785,-0.0006356605596406736,2.817245778268993,12.489183609699108,12.733579408651641,2.212006374026998,10.275081850726137,10.010097769365954,5.341138427383275,4.647876418333705,5.166516672137083,2.9634911233535774,6.09968831074039,-11.230986439743475
2023-09-15,2023-09-18,RB2401,RB,0.005759162303665022,0.003945815983644616,0.006639362638047938,-2.0256307301142575,22.07742492164289,14.60701344983493,2.6682555940077055,13.747969141940114,9.596219258507286,10.744073636717603,6.263758355770168,9.152642291452581,49.66356879150874,5.738560508150064,17.512456433896755
2023-09-18,2023-09-19,AG2312,AG,0.008071440838055999,-0.002366865010266168,-0.004409691559434827,-0.8115843658065387,2.5133624540481065,-1.5150143666307008,2.7809387426897567,3.9476016673693093,3.8463463599499543,14.742807001194981,9.828337000997964,9.959601920747344,51.8514976805296,14.032425839329992,29.118832277969663
2023-09-18,2023-09-19,AU2312,AU,0.005306856115723679,0.001021363609088688,0.0026122793229237337,6.412556852965657,4.852930018281767,8.548061690470758,3.2555682205217757,5.647784695947159,6.885326466774593,7.140191776002576,5.894528805718491,7.257691300353563,5.685707239413843,10.472302724187116,11.04290052528145
2023-09-18,2023-09-19,RB2401,RB,-0.003900156006240274,-0.001046572570671027,-0.0017858324716266078,5.783015936026,15.361193933564614,12.248139721722955,5.760726116320271,9.076948282915302,7.310312940561283,7.385353252235953,6.879174314110484,7.00357626391815,10.14919005030883,6.992509972615337,12.875308605829842
2023-09-19,2023-09-20,AG2312,AG,0.0047562425683709275,-0.0018872785905467621,-0.0018400450748045337,0.7486119188018683,-6.230975474631407,-8.418711270564401,3.9889870941997065,-2.190216890457542,-1.9513548036406605,4.1484986821523435,2.1593656057103767,2.5741446585594794,2.6065755551368954,-5.0529550736356965,3.7440677936300215
2023-09-19,2023-09-20,RB2401,RB,0.0020865936358893666,0.00104058282022311,0.0014919363209866517,9.446091664902239,7.62267904359703,9.537831924041456,6.322985766491902,8.988652443912034,9.440577249494053,8.532850374848163,5.533607897101558,7.723618041644963,6.084563100514493,13.977186166326199,13.266338722296663
2023-09-20,2023-09-21,AG2312,AG,-0.007253711201079649,0.0028918962061191297,0.0026097364189936996,5.296440453242454,3.166475597309435,6.527799657524907,6.680102797086533,1.042043010250313,4.514802126059816,5.144150819234372,4.609272312584137,4.623050224026806,-7.446280823206257,8.892046331999726,12.96095753744833
2023-09-20,2023-09-21,AU2312,AU,-0.001314952279957593,0.0009361304457948911,0.0010202398219728522,0.22110977693932776,-4.286523745560336,-5.591740866125843,1.5271161564622933,-0.9838883660104543,-1.5035223427567899,5.321309398586634,4.537330936126767,5.190933488685914,2.805363150589154,8.330494856438285,11.5315258722039
2023-09-20,2023-09-21,RB2401,RB,-0.022095139069404746,0.0007827789049407663,0.0008565691374544681,6.41500779942027,12.985033916621843,11.544324817841403,6.213559989475456,8.68993599042327,8.00792510922268,5.6055020762787215,5.131256552021218,5.808413182088958,9.125453719012055,12.27521242155148,11.126924109708291
2023-09-21,2023-09-22,AG2312,AG,0.023515276347408243,0.002195390563435656,0.002818100357290565,4.738802075003171,-2.819051462973627,-1.5702802540517302,3.636652588595619,1.0475271073375811,2.006986353236519,7.273043925297037,3.137916596302196,4.270702331102279,4.472893518899083,-1.1496830047467599,7.29936311339102
2023-09-21,2023-09-22,AU2312,AU,0.0026853075316481956,0.0002545392852703649,0.00028368367292715943,1.9416892018502026,-5.897011975156358,-5.28880358057997,1.4608472448662804,-0.3308071861452353,-0.16356602555690847,7.572982698340173,4.215343332699908,5.515807451814599,7.678879229851314,6.834302383588054,10.68284469826025
2023-09-21,2023-09-22,RB2401,RB,0.0071961620469083165,0.0013005594237931988,0.0023215579366515043,10.668458644557443,13.144307790950343,18.75110933837283,6.918550400998477,11.50158894018227,13.262476742119267,8.68683851036246,8.32698313180531,14.957538390630988,7.678879229851314,20.155388784146723,41.87143765793612
2023-09-22,2023-09-25,AG2312,AG,-0.0035217172564145915,-0.010076082174997138,-0.015060057964341554,1.4348895264735049,-13.943432597312023,-8.174871769013906,7.920903412681852,-6.071343612716382,-1.264046670228765,4.1773221189606415,0.4118860988620197,-0.6322185670193349,-7.900375875627478,-1.046980899160182,-21.587680370204204
2023-09-22,2023-09-25,AU2312,AU,0.0012742099898064296,-0.003531542868342867,-0.00502783132044855,9.097424695308558,-0.30672357715214327,9.803771722882395,7.938817158265105,1.1654129738980497,7.930063973509531,0.5367283901468288,4.505365098691351,3.463572617207197,-7.907779193588148,7.118819803883951,6.266953826758336
2023-09-22,2023-09-25,RB2401,RB,-0.018489170628631757,-0.002661699734860368,-0.0026018843248418735,8.72051972282905,10.14954171606294,11.651583169567443,6.658934579925806,7.00596756028687,6.707074119911917,5.733617657140783,2.967276878596911,4.3439837943985244,16.13582287104757,8.397556814462616,15.161143850857178
2023-09-25,2023-09-26,AU2312,AU,-0.0029661016949151797,0.0008498343334621068,0.0006085847379746299,4.303111932158093,-0.47045388043816905,1.286852277253983,2.8818153463429432,-0.6790073440497189,-0.2504479304293308,1.960025807647958,4.372882660551917,4.3067233336032285,-0.31933866361020885,6.254935704329786,10.109260715521138
2023-09-25,2023-09-26,RB2401,RB,-0.011033369214208832,0.0018506284197792279,0.002504356901907864,8.972062420235911,13.30309326275406,15.05845402847406,6.8089328789910155,12.566240122037641,13.535807100481474,11.005298578203538,1.2083173900036983,5.397424423963103,24.10324702797417,-46.86027333632631,-4.260208064763251
2023-09-26,2023-09-27,AG2312,AG,-0.0035836177474403152,-0.0023588890466301076,-0.002449151342166281,-1.8450837557541329,-4.55097709742682,-5.9076992931106584,3.2666453690379567,1.343197992557013,3.1334315858782933,-7.991367593837934,4.72422859913513,-5.930877920069149,-3.8071210487176668,30.52152393295774,-23.84516249655554
2023-09-26,2023-09-27,AU2312,AU,-0.007018290089323753,0.0011023022271866134,0.0009754318283103739,1.7314723775293768,-7.36636131698404,-6.869327480683893,0.7449013745061515,-0.6277447867576091,-1.011028036191529,4.564286779901231,4.173885078788232,4.612415116141038,10.226524692637806,22.105665678910732,10.492875398768597
2023-09-26,2023-09-27,RB2405,RB,0.0016420361247948545,0.0027041660610493813,0.003399277231692842,10.162676694968411,16.241290168159313,16.854078131913234,6.168275934430141,13.922197662098757,13.740224308374433,11.871816708708488,1.8140557305172782,6.513201846407926,24.10324702797417,-22.469473526248347,17.297957583964603
2023-09-27,2023-09-28,AG2312,AG,-0.007049518569463564,0.003932637367267303,0.0034660214968169237,10.9955372474117,1.7273191144290632,3.810840714085801,4.790310168615637,2.5271782529593443,3.0446998125179876,6.758458360993,1.9837604775269888,4.822724237094753,0.5999015592053872,1.14802343503156,3.6456797767538007
2023-09-27,2023-09-28,AU2312,AU,-0.011912953724410813,-0.0008503401872930129,-0.0011547507017994688,3.5430928131400963,-2.6274978591706577,-0.3053839578115589,3.0291717870481367,0.8859998915908998,2.630517280156573,7.615187043424873,4.693866577340932,5.983563149493099,5.685707239413843,7.954153978701771,10.123480442860487
2023-09-27,2023-09-28,RB2401,RB,0.0,0.001087843457837249,0.000743462902363491,6.41124366523024,15.355233411437476,13.748544936135909,5.9736322658084084,11.71711251189912,10.888457498024101,6.709809669519106,2.6880479177532792,4.676584770773878,8.587965019024768,3.5494492919953373,2.8292110653687392
2023-09-28,2023-10-09,AG2312,AG,-0.005624890138864469,-0.00394680907018234,-0.003988406483245259,-0.011195613025670514,3.7778612159004497,-3.0682518260410108,0.3823943285557827,5.297936309096882,2.2141153763406254,13.905670338533694,0.5093702976908002,2.001571535443047,7.591875706077554,0.4836017391575327,-4.143385347900087
2023-09-28,2023-10-09,AU2312,AU,0.0017621145374449032,-0.003991678583796134,-0.007527818345011417,1.469980048249496,-0.7145722532875225,-3.750842373461425,4.821343893702409,2.553001435570156,5.784217969320338,3.001732663892674,5.343865831894656,2.534532138950067,10.149130320206885,6.177615737097809,-8.84081452017686
2023-09-28,2023-10-09,RB2401,RB,-0.00871934604904634,0.0021703752415496605,0.0016687097982224439,8.431800963307406,11.65496640316288,11.946872859931787,5.912119113842218,10.551671063804072,9.61928373203105,6.840233514803076,1.6485665913217455,5.116287303577995,7.447329907349852,10.611818350853495,2.381619936617417
2023-10-09,2023-10-10,AG2312,AG,-0.0015957446808511078,-0.015003770639346853,-0.008837622438074207,18.62662438916623,-8.345298546782203,-1.334226301901019,10.938418858513437,0.033394489245162085,4.399304289952034,-8.97504378023978,-1.07421336671537,-13.179340507576867,46.20145771542392,-7.352018438438516,17.56217588949561
2023-10-09,2023-10-10,AU2312,AU,-0.005429984107363617,-0.012041743754393701,-0.009131079223393544,-12.181356725625804,-2.0231702455365927,-22.171902665164332,-1.5831824202115632,-0.6034243940407196,-4.130214904853958,8.19459122825671,2.1368352880311083,4.245380906710954,30.203248383196833,-0.9399790921789103,0.5036655620770567
2023-10-09,2023-10-10,RB2401,RB,-0.007696536558548628,-0.005434795985956945,-0.004141183050269685,18.227129958217425,12.198558671084099,15.002635383371434,8.570967378744056,11.120960427259314,12.432457048600595,12.11932921645593,0.4740521725532674,2.795811420583994,29.426609326828626,-1.7118745771919988,1.4549209320302634
2023-10-10,2023-10-11,AG2312,AG,0.0007092198581559739,-0.0030096508510511254,-0.002586264603652789,2.0217723437807797,-1.7291710577494874,-3.040374220414324,4.05731898120647,4.565457365202354,5.285297295565884,-33.94430550286672,-4.410553932636176,-22.947340244602017,-110.27714007501046,17.63243779204546,-59.568142120624756
2023-10-10,2023-10-11,AU2312,AU,-0.0006656312402929521,-0.003877340070831385,-0.004708783571671743,-5.388673997427461,-0.08960963348104123,-10.390928475434794,0.21189756405408122,3.9626871086232023,1.6544561849457202,-35.75647516841403,-3.414921484972907,-24.887431720331126,-60.033903463896664,-40.402981659792495,-66.26784181147259
2023-10-10,2023-10-11,RB2405,RB,0.0027855153203342198,0.000826104962305455,0.0011581850784186012,8.41117401597901,16.359842897543494,18.504680061525328,5.545598566042172,14.37395194066702,14.372027632902759,8.137527954136797,-1.306983363837009,5.2994708283436545,7.678879229851314,8.392430597751344,-3.8692163179138417
2023-10-11,2023-10-12,AG2312,AG,0.0065371024734981464,0.001597019237486101,0.0013759590271481422,4.380287979317767,13.28676425827188,13.020946820910815,7.108457704704691,7.531477582318296,10.583343310208328,1.9267086828155788,-4.756285287071258,-2.4158698470427136,-10.829432587989507,-28.766270819554133,-11.937800824729225
2023-10-11,2023-10-12,AU2312,AU,0.003850238980350529,0.0002662879476057919,0.00021724138259775663,5.8140872804805195,4.704801908222744,8.32235529473087,6.214635548790531,4.070811828210745,7.955110773835877,5.861977887520675,1.6915693978473378,3.6882528495568665,4.89220888419408,0.27126547988366273,-0.6786990545718384
2023-10-11,2023-10-12,RB2401,RB,0.002210555402044845,0.0016606701851405402,0.0012787609944314754,6.312287532398562,13.591084220545838,13.059993455932677,6.535268008750423,9.810096861967969,9.9274105059551,-0.2895362567577509,5.032555422314642,5.02465846804217,-16.16499559546059,14.23050718836677,13.864040019129497
2023-10-12,2023-10-13,AG2312,AG,0.005985915492957794,0.0028308582245239132,0.0020935002646214635,8.53695735502193,7.374731949106254,10.997182208607509,6.956839745987963,3.6657656929446496,6.215866527230453,5.552262187258907,0.20673523198956625,3.6900327523882295,0.47390493816408047,-2.294477096478576,-0.24275578108783247
2023-10-12,2023-10-13,AU2312,AU,0.0028216206683715495,0.0033690961915260136,0.0025570138896626694,3.365683582111324,4.504773775718457,5.013091906223898,3.996722942193846,2.3375073899346477,3.121905900291109,6.324747380330498,1.311195430848317,4.356195316896257,0.47390493816408047,-3.1429627710120425,0.7278788487534208
2023-10-12,2023-10-13,RB2405,RB,0.0005540166204986985,-0.0005557099337229326,-0.0005122784729549655,5.691093558412087,17.93447268232459,15.973614141754286,6.135187166879497,11.242716064891926,10.508949353733664,6.635350937523227,2.1065172964080254,4.346117568890263,5.36314312432729,-4.606096433901686,-3.025431812761735
2023-10-13,2023-10-16,AG2312,AG,0.0020686088605412767,-0.0029884877651985757,-0.002371079703964942,0.8448731025090046,6.165490556647152,2.9550183917761035,3.5010203999200047,3.043037663306127,2.0019466838233475,8.673727087442932,-0.08439726964246203,3.162975619092951,17.07893981740199,-5.431280913488104,5.4211532676916425
2023-10-13,2023-10-16,AU2312,AU,-0.0004334633723450665,-4.408685110388199e-05,-2.852965065957519e-05,12.705683112495304,2.9304089327133873,12.40233857930701,4.673394081834526,1.0549008562032713,3.1264355186458253,8.46350340552722,1.0353396767111587,4.777772795551132,5.957229534662566,-3.6521949211725833,2.381619936617417
2023-10-13,2023-10-16,RB2401,RB,0.009105960264900625,0.0008267879759939956,0.000698112707693669,10.188460440017549,8.700249443477446,12.178833897400608,6.8885480759166215,8.813251197009109,9.841485848418532,7.420855175681453,5.236475398358465,6.686708261002076,5.685707239413843,20.805000257225142,7.449242632402221
2023-10-16,2023-10-17,AG2312,AG,-0.004468121670390124,0.015111012675345951,0.018151711415453204,-34.644682683038866,4.904663511523888,-41.22911832481911,-17.427707515917984,3.6710863578838167,-18.551324517240396,-3.079418820277392,1.7587102911898869,1.7501884818797653,13.940914965730478,-1.1789070064596276,-6.530180265016319
2023-10-16,2023-10-17,AU2312,AU,0.0029868836846889124,0.014143766423409318,0.01943321965578752,-53.95366797558254,-5.302831178273484,-62.07206895928071,-29.59582078988857,0.06586388878908744,-35.423743575900694,-4.93288053600209,2.35137658808003,3.467937537750231,14.877673093179743,4.007643083255208,-1.4184962531066607
2023-10-16,2023-10-17,RB2401,RB,-0.0030071077091307075,0.0011043623430532275,0.0013170363794948704,4.351235496411358,8.779403314325418,4.390348163304287,6.179789838719547,6.130258979116327,4.783223176998309,5.06208359196779,1.9020493940405065,3.7860357664986948,2.805363150589154,10.14172920093092,5.265472117166649
2023-10-17,2023-10-18,AG2312,AG,0.006013745704467333,0.0010316369553194644,0.0006822179832414882,-3.6130488902749907,-3.144898540332336,-6.640280098872195,0.18962749165766768,0.13696352819579705,-0.7360747907139893,6.486308311032203,4.145562102945291,5.2139344400164624,6.5879939799546605,0.016650499659151025,3.8519400206743493
2023-10-17,2023-10-18,AU2312,AU,0.006236022707724054,0.0017763917931379347,0.0010302394212689057,-3.7956506219188766,1.2533468751196177,-1.7469866777951317,-1.643713130114965,-1.0824607715201893,-3.624522027845344,0.7182865483596411,1.9484752062830282,4.156248501900721,0.747217300372327,0.13197326708925874,-1.0186900954812095
2023-10-17,2023-10-18,RB2401,RB,-0.010131434830230046,0.00027341080142979923,0.00021358885851172508,5.9032625153336475,7.87403169463853,8.057006897365902,5.7320581531918,7.966384726628367,8.239688654985896,8.03097572602627,1.7185002544199892,4.588095018004262,7.678879229851314,3.831451337106291,0.8356899661483327
2023-10-18,2023-10-19,AG2312,AG,-0.006301089918256175,0.004649969628859469,0.0043203066298834,3.9999010360006655,-2.7884956837242316,3.9314473087285906,0.8235967855745026,-1.2487292655712432,-1.8634366709847847,-11.305164714935307,2.3706489501732753,-1.9253998842419553,-12.869466169824106,-2.0051619288151032,1.1571577686289278
2023-10-18,2023-10-19,AU2312,AU,0.00268085106382987,0.0035328113948194964,0.00311301275533551,-13.510021521407232,-4.953792143314743,-15.784867588742626,-7.957535253571407,-3.955402338128305,-12.49425916212642,-5.235598228343249,2.8903338538348113,2.2084386940566634,6.927511131421366,0.6239433790036698,3.714740280623458
2023-10-18,2023-10-19,RB2401,RB,0.00802213001383123,0.0013700509061787744,0.0013869064424419746,8.720892654600755,7.20496223889911,10.763553223144172,5.625989550114925,9.120474770815783,9.836690403187346,8.21829580901045,1.4292030969049343,5.097942972409582,6.084563100514493,-1.3619016690817611,-2.786810652447884
2023-10-19,2023-10-20,AG2312,AG,0.0003431120260766196,0.0028992942625337454,0.002714760251364502,3.261082646482842,-1.2240387440979696,0.9649508867540706,1.6397869449892344,0.41140710871124764,0.852067519672878,7.9606727028811415,3.3403324532707157,4.922304808705986,10.687413604125856,-0.5716653739858931,4.6769924911625065
2023-10-19,2023-10-20,AU2312,AU,0.008931973077086042,0.004392612133642648,0.004908075039672394,-13.921327028317947,-2.9497811382483534,-11.318843189601607,-7.605123954334984,-1.9111909594800895,-8.753777787260304,2.972020049995706,3.675845730449293,4.106188889886833,5.202088238146768,-0.5089694559648675,2.762767069238829
2023-10-19,2023-10-20,RB2405,RB,-0.012285012285012331,0.00027521673491452176,0.00023955420226344498,6.581311175800196,5.803227618459475,4.577809160330711,6.371762405787198,4.760149099739605,4.273575659652504,-0.42763390661111866,1.800270355339743,3.4102433902904337,-11.24113882178326,4.108303796951055,0.7839740404795684
2023-10-20,2023-10-23,AG2312,AG,-0.001367989056087593,-0.0010288066751066353,-0.0010881959138881177,-5.057467737317501,0.23427951774683287,-4.626174857901152,-2.4108698624092124,0.9412858658406389,-2.6395966188128033,7.7125964284301975,2.8977514656354386,4.786739784780686,15.22358961097773,-2.0051619288151032,3.818794406814326
2023-10-20,2023-10-23,AU2312,AU,0.00046239858758245767,0.002543128569385427,0.0031804266911396313,-9.907331259066957,-8.498733962822588,-15.486071519227247,-3.2193846283173784,-4.892076467587336,-8.567141419311477,0.5829882977279837,1.683538205824132,2.5971083957682146,6.750182449200504,0.5820927488380393,2.0962042236841527
2023-10-20,2023-10-23,RB2401,RB,-0.007777777777777772,0.0016451881966881474,0.0017438935238419545,9.779332494366603,8.224715062946666,12.760620334163244,6.279074422214236,9.327307653388944,10.70955446827779,8.184416370677447,1.576700184976987,5.28547315132662,7.678879229851314,14.883723891021791,0.916080213319984
2023-10-23,2023-10-24,AG2312,AG,0.0022321428571427937,0.0029112102074585343,0.003831448480593671,7.642392719538833,-3.147042689801221,3.2406874667819894,2.0844185532243458,0.6287154801487844,0.874783228236578,7.185785373689605,3.4860430678335477,6.1575161012463075,10.857040983968577,10.03134211920368,10.600489000689473
2023-10-23,2023-10-24,AU2312,AU,-0.001680672268907557,-0.0018898437054851696,-0.002410263706375205,5.758382203981801,-9.75875625427489,-1.3981839530789975,-0.9626026464145614,-3.8369573401882002,-4.09346742723895,8.267377287090076,2.8419038635654155,3.9879716762556456,12.046442936043213,-0.012590309463086223,3.818794406814326
2023-10-23,2023-10-24,RB2401,RB,0.015100671140939603,-0.002773926882725208,-0.003309228034404396,7.256646799599283,9.505722105081926,8.77612517351837,4.146614586135147,10.316643530520654,8.81262060566684,12.80624784488956,6.587086946376322,8.040201885385292,-0.1605440658963075,-0.9930697972300072,-2.9284110509029424
2023-10-24,2023-10-25,AG2312,AG,0.0015509219369291838,-0.0027434859457508326,-0.00214847765340372,-3.661047852137356,5.42408509930716,1.7910619497008438,-0.7043211452586471,2.5087233653258227,-0.2653808614066233,6.945449735330173,1.5255157989563675,4.557894910115179,4.2041005815451555,-2.707388303322605,0.25064074254561136
2023-10-24,2023-10-25,RB2401,RB,0.007681755829904047,0.0011191942970150324,0.0012084722359290985,7.792400767598298,4.66924688394758,3.5939350638964425,6.636663476025979,3.930698919972521,3.0829422431381963,5.386372391504325,-0.45211494525036416,1.6850784235458578,0.1743552380570197,12.31997779846511,7.987328024497033
2023-10-25,2023-10-26,AG2312,AG,0.008448275862068977,-0.005841941013182706,-0.004639066165944987,1.004224848252301,1.3250945937019543,4.1378151468814535,4.097152319594712,2.061631645054141,5.55927622508621,1.1382137053955765,2.9170259411621187,3.1720995220898915,6.293765500418829,-0.9138307642676836,1.4143909015893932
2023-10-25,2023-10-26,AU2312,AU,0.004213542325032682,-0.0035416176659655413,-0.0033048298189341024,13.493777637064163,-3.8291957803297527,10.874855501883353,6.1828005977243015,-1.789916648225251,4.661717844409499,4.8842541614240345,4.715344767295642,4.349779602862891,15.288402055704603,8.299973323334273,11.07925515300603
2023-10-25,2023-10-26,RB2401,RB,0.0032670841274162754,0.004123717183862156,0.005253237835340927,1.1839885959276293,10.88411141862805,7.070736214704006,3.1633655355920047,7.451629422167949,4.161889439061673,3.1897301668699023,5.513757888484006,5.197063606218316,5.007851412207557,21.0883347318162,18.251135523614852
2023-10-26,2023-10-27,AG2312,AG,0.007044673539518875,-0.0020668281556627667,-0.0021705000523151974,-0.36330304539733227,4.371564209980311,0.00033180754332784446,2.3970850489462396,2.0477468009355135,0.3872950969355169,5.814756735038032,-0.5367485132198692,1.2859610692722467,2.0676909699929444,-4.7007569809473635,-2.6153770634741846
2023-10-26,2023-10-27,AU2312,AU,0.0031969040508139646,0.0015602271819260044,0.0018674589403008103,5.7153286388123075,0.9316552717304476,6.33794257041573,4.02549870264719,-0.48227674696282286,1.6977715940125062,2.3228240375571834,3.5593646102457623,3.9061664526679443,-12.758150348830007,-1.40628965613161,2.3119127766209235
2023-10-26,2023-10-27,RB2405,RB,0.011375947995666325,-0.0016268984065616215,-0.001940896655688595,4.580753456062755,18.57934592596048,17.569582997037017,4.65931118679127,10.509717498705,9.003318907886575,8.03092398043125,2.4808994738095183,5.097705279167699,19.591823667479957,1.8472174741528644,7.4697581355243665
2023-10-27,2023-10-30,AG2312,AG,0.005998286203941827,-0.004970444717542327,-0.0052286810560165445,-7.301421466452527,3.6936219555968344,-3.035826821948187,1.8875768956413492,1.5574518527873793,0.28877737947650983,2.553476753898722,0.33390455934782376,1.8900624530151973,3.9886247198150735,-3.756243797390437,-1.4477369028946232
2023-10-27,2023-10-30,AU2312,AU,0.004495987226353915,-0.0025206920039255224,-0.0025381607964610276,2.69021889330795,1.5210751324157443,5.802351636422873,3.465574368355018,-0.5504428184494534,1.668901718397081,1.9891124658516472,6.560558167376567,6.807869468791035,-2.3634581478929566,11.089280182943702,22.434568614468144
2023-10-27,2023-10-30,RB2401,RB,0.005376344086021501,-0.0024453211478593657,-0.002616628969032374,3.523744820075159,5.148527842804935,2.3551153798371254,4.44704154816047,3.2960205853094093,0.8491244531933289,6.623200082206632,0.7229807889590423,2.368751149006627,15.183132538162248,-1.1459288908074277,11.876518433714136
2023-10-30,2023-10-31,AG2312,AG,-0.009127789046653123,-0.004445971755772907,-0.004250136594614515,-0.7255479785701064,-4.455546199362235,-4.766642770691172,4.296967083661255,-1.5851610796667748,-0.23257948431835773,4.8933503723652825,4.182214385532093,5.815973385953888,1.4300202637363686,1.8322928040228366,7.299534367913668
2023-10-30,2023-10-31,AU2312,AU,0.0012124759595284473,-0.0020987247461672167,-0.002198628146532439,-0.22078198787411463,-11.684822792126957,-10.342048687195456,3.221881994101882,-4.675650697868279,-2.6476336107622873,4.856968804940445,6.057545281324189,7.179473501591523,2.6065755551368954,22.578770091290988,20.46459350934931
2023-10-30,2023-10-31,RB2401,RB,-0.0032042723631509062,-0.0010746911297654092,-0.0008780104838584778,2.63776431253389,9.932288419493489,5.737656141561207,5.178750497037107,5.3645408399290755,3.8804107003550805,5.295570894246709,2.69628540676544,3.483388502054119,4.599747545574367,4.8026690806897525,-0.8748987773710732
2023-10-31,2023-11-01,AG2406,AG,-0.014096467391304324,0.005733573885763892,0.007196519730647385,6.529142625268058,0.6964992879876029,0.25896211681850945,3.453637996743657,4.832654476436728,4.803742831845062,9.633223223019089,0.0674255008899587,3.60054078627645,16.24766622400441,6.860325487726947,-5.313203268822919
2023-10-31,2023-11-01,AU2406,AU,-0.002746223942079795,0.0004988360595625574,0.0009027144656709124,3.499153961126882,4.614506979580465,7.052989044724998,3.1221914572063105,5.944116328224026,7.782889438248519,3.8908843976880347,5.777334248407364,4.932609747403223,6.740791975987239,6.177827652666351,6.22467951741488
2023-10-31,2023-11-01,RB2401,RB,0.004286096972943909,0.0013360055427421298,0.0010987029632739947,7.167742013230422,8.490165013976792,8.871114849976816,5.828598095627724,6.099801974637758,6.2137110515406375,4.720876150884674,2.4484309506168964,3.194507618275107,-0.028595133883862325,8.681697519399437,0.045897648593175314
2023-11-01,2023-11-02,AG2406,AG,0.007215255110805785,-0.0023748950941725557,-0.003594742973583723,1.5221766960307592,-2.417024026754056,-2.4044447458442013,2.831080603353209,3.859204142124316,4.742182063085925,22.59247108569938,-1.1018004785418192,5.01243212493474,69.34684651269332,-11.168936020713707,18.975845014130027
2023-11-01,2023-11-02,AU2406,AU,-0.0008743078396269421,-0.0004991888285363722,-0.0011442177462429978,1.2453952896481364,6.364060338949698,6.889229722401256,1.9410559965675562,6.289308081953012,7.002085824330594,5.341138427383275,5.140036957798962,5.697902911150067,2.9634911233535774,9.011166674967342,6.036283360437608
2023-11-01,2023-11-02,RB2405,RB,0.0005319148936169249,0.0002667022285444728,0.0003823731202765301,8.044821954603416,12.526978002451582,12.514106812742861,6.478306736156158,9.09968430842914,8.810130898232394,2.9962557862490775,5.814389297384633,5.8083083175503765,-2.925714942126803,7.550109152506969,7.315839479922108
2023-11-02,2023-11-03,AG2406,AG,-0.004430056227636703,0.0027524531397436634,0.003475936191245311,1.8012024275348137,5.306943928592535,3.078489089827721,2.8870240293408367,3.5683658208028737,2.5513160371600017,7.726431435154555,-0.11217357708153884,3.9122515911304117,18.227505583836194,-4.688598751580096,-1.2514362003430985
2023-11-02,2023-11-03,RB2401,RB,0.01575013347570753,0.0018654235922414913,0.0014962186389284459,11.524842010072044,10.388656354829198,14.552303624549323,8.883803120096708,7.109848494190292,9.114718063939076,4.391569206850984,5.112420892385331,5.59499320398505,0.812191160151681,15.570943073060093,9.810011779006548
2023-11-03,2023-11-06,AG2406,AG,0.0,0.0010228435941194256,0.0012744251882425555,-0.022607308539722037,7.671688211193092,4.868878150905051,1.443638569719179,7.53122851320712,6.669834401168375,7.937554814440029,1.1885741346238823,4.5718162696263445,6.084563100514493,-5.987180307157478,-0.8434296070841525
2023-11-03,2023-11-06,RB2401,RB,0.0,-0.0026659573241197203,-0.003134672656178963,4.881807561038581,-3.3858607020152696,-6.294315639610298,7.898268613590276,-0.5381847018169568,-0.3155790555477034,5.141717204463716,-7.447868917463635,-5.420232978940399,6.95331264150589,-26.12336142938285,-19.48496491564406
2023-11-06,2023-11-07,AG2406,AG,-0.007289371079844065,0.00970798733937378,0.023244367608978227,0.39116693913744216,19.860706274694397,19.281066462741556,-1.4470108909200272,13.147116508599122,7.475952226285092,8.784416206627752,5.110464146573013,9.77555807064358,24.045638094801877,-5.677570153440451,8.72612643262121
2023-11-06,2023-11-07,AU2406,AU,-0.003937337689536746,0.0035806516730906924,0.009185782105505275,6.709918390237616,14.227500362849932,15.343816318198611,1.4405701229966321,9.985576994559267,8.775416634097235,9.510059831221959,5.271855530366623,9.277365786361623,27.375205011959025,9.011166674967342,13.217728563753827
2023-11-06,2023-11-07,RB2405,RB,-0.0028645833333332815,0.002093693515406573,0.006281080546219719,5.044559347553169,32.12310961998216,30.02745783665734,5.983455564873484,20.54640157577037,19.077355434193237,9.669903527121562,9.106844180267945,11.287058190306544,34.567563927648756,7.673398887356137,23.63546232551264
2023-11-07,2023-11-08,AG2406,AG,-0.004474272930648726,-0.00016950589073559888,-0.00017717923514678932,4.617175091631854,0.6166760249553915,3.458274792304216,0.5419823350533512,4.630006061562474,3.450112899307359,6.423487221346549,1.5796818710190732,4.766405382849997,1.8148154256572142,2.712038119104956,9.780835293624184
2023-11-07,2023-11-08,RB2401,RB,0.017989417989418,-0.0013149245813090288,-0.0012750345993800141,8.432111565783227,6.582440227437321,5.747900882614093,6.902050607325363,6.704534445079352,6.887973220777086,5.382986679874986,5.73981191247884,4.94599055162155,2.6065755551368954,11.948149938768468,10.821437471420655
2023-11-08,2023-11-09,AG2406,AG,-0.002077922077922123,-0.007714103566041878,-0.01833169701295152,17.862671083242205,17.767729077552435,28.626899657538303,10.742186103149379,12.671225010468898,20.33836147231415,14.167672692578865,7.006365459522114,7.0769910466284776,-0.19832907038538344,1.9108163437319472,6.877514714980525
2023-11-08,2023-11-09,AU2406,AU,-0.006003974461967765,-0.005481776324693815,-0.00577740013944427,22.404706895674973,-1.444988834806241,17.403677835806487,14.147922604929818,1.1587928353485895,14.40290976782873,0.7768218455548284,6.3784092260552745,5.005879925594387,-19.836847007058665,14.888515207176964,9.631907391594197
2023-11-08,2023-11-09,RB2401,RB,0.0015596568754874252,-0.0029058269027015006,-0.0033669834730024294,6.451586894688594,-5.909763769226851,-9.166263028278822,8.956394192910501,-1.8868649519677474,-1.6064894024249345,1.2451634109011467,-5.504167294128356,-8.3656336924227,2.8504854356631735,-34.761778873551336,-41.78710943930578
2023-11-09,2023-11-10,AG2406,AG,0.007104487957026562,-0.0017301042377826806,-0.003180105217054425,1.1799401055837535,4.584954609349214,2.233531510065263,1.765482217760821,6.874703288921978,6.115597692701392,5.322443194559369,4.606082378859729,4.616889533052464,7.903299815272236,-30.43092966616495,9.249646767706459
2023-11-09,2023-11-10,AU2406,AU,0.005914641930130804,-0.0005072494507884043,-0.000621961715563408,2.000874690461785,-2.714716344766926,-2.3121725413819796,1.964601235809301,2.69434685954813,3.3337439311157633,4.64740253760069,2.7831166492773605,3.9703369459563436,2.6065755551368954,11.670883990639638,11.886842852563204
2023-11-09,2023-11-10,RB2401,RB,0.006747988580326991,-0.00025990903330197935,-0.0003041831797362259,11.248036513301859,5.816173554938738,7.18718429310876,8.080444873214418,5.9304787673636765,6.558818232487198,4.728131598923309,8.666377284424899,6.719157103136329,2.6065755551368954,18.052738591842385,11.259859958314221
2023-11-10,2023-11-13,AG2406,AG,-0.014807162534435259,0.0013872032743001933,0.0019141531278312645,1.6865813367950913,2.385949505313386,0.7569122728164319,2.911539703924691,3.30588693584734,2.630158859485348,1.6425818120100777,2.0117292583758384,3.0585714490786895,-12.160571164430973,-1.0361973600183554,1.573119780130337
2023-11-10,2023-11-13,AU2406,AU,0.0010194112899799546,-0.0003403531196438432,-0.00028836714631899494,1.3385760317023792,-3.9849206063568743,-7.103452135915623,2.2815052198934467,-1.514224254381813,-2.3772893686940084,4.205211039251328,3.1265639921785633,3.5119748986012262,2.6065755551368954,7.612807212727453,8.916637151352363
2023-11-13,2023-11-14,AG2406,AG,0.008398950131233596,-0.0006884681855414514,-0.001555180501920608,9.926217870932241,13.07062377925019,20.764487274237446,4.827621532411064,11.747832643058992,14.138077609295463,6.11382192721507,7.6686128468189265,5.578457834253442,2.9634911233535774,7.551542634262836,13.390843299681867
2023-11-13,2023-11-14,AU2406,AU,0.00569945982731479,-0.004111656175084433,-0.0040811828667824575,3.8498132540836956,6.645247726028356,6.3750219591993185,5.389951901779922,2.8947526281555094,5.87145530683382,0.7594768815289464,3.728714764893778,2.7696725631900097,-4.3960330864723645,7.497051209515225,4.582568957806176
2023-11-13,2023-11-14,RB2401,RB,-0.004646360351058365,-0.0015479879252149886,-0.0019260290424516864,7.85456141400037,1.722602615476918,-0.04290732198076652,7.682386386785435,4.3459211169675855,4.385029790003314,5.926992860153976,8.481389820940302,7.170002253372666,2.9634911233535774,18.30655770100321,11.927572002059337
2023-11-14,2023-11-15,AG2406,AG,0.0239251040221915,-0.0012240973811445675,-0.0012331246835417748,5.266392104145034,1.7122571704752452,1.5660063723107291,4.491908426920871,1.7322229584657738,1.6259634183155192,8.412724253491174,-0.520679042378884,2.8198962966706533,14.292302595686822,-5.905683144167382,4.932021367042072
2023-11-14,2023-11-15,AU2406,AU,0.003299631964127192,-0.0023790316671207304,-0.0026756646223633227,1.859296707835921,2.8592870793108265,2.5993461078057747,5.2716909071195985,1.557364870721436,3.9581244057602527,5.304772760299728,2.9258622493809296,3.0602254992144062,1.4585231175689786,3.6887104031932463,4.1724454576223
2023-11-14,2023-11-15,RB2401,RB,0.013443640124095158,0.0005163955704736466,0.0005096019228190674,9.270383129466484,9.15666577293408,8.31324674400678,8.12218623569671,7.299842367667921,7.8999454610549495,4.980475436795949,8.021464677721342,7.040074443495881,7.097707544203921,19.273857986233345,12.18065638427847
2023-11-15,2023-11-16,AG2406,AG,0.0005069280162217638,0.000867227528118761,0.0019649766273676914,0.38155670367575345,-4.563959242642536,-13.033262878281596,3.620541211807187,-0.5868487988701014,-2.946914246777482,2.537616064234361,3.5707980963779162,2.0334315496924757,2.3949204711619037,12.993798229317672,-15.118822450452493
2023-11-15,2023-11-16,AU2406,AU,-0.004210171775008376,-0.00025378563709515514,-0.0002105551715982589,5.624855111986805,-4.896170567956741,-1.9047039059669135,3.4110095306241988,-1.122677454309967,0.07983406270629478,4.13238554383263,3.8733839795010656,3.8084451415779554,2.021579334977048,9.160592996855664,9.654046652635941
2023-11-15,2023-11-16,RB2401,RB,0.013265306122449028,0.0031072008427487003,0.005344314754354657,10.940717015462756,-4.696302661523214,-1.8000153047705973,10.077540381997789,0.5046702449471789,2.3473111489074707,6.968945828782526,4.522862424702206,6.509708584494448,2.9172679791459806,4.460363328926323,18.747576589000147
2023-11-16,2023-11-17,AG2406,AG,0.004400812457684422,0.0020297706562869547,0.0033627062635488156,-0.19115953163556432,14.253894590160522,11.633949926971326,2.7089625663417145,7.32642997647592,7.340300491836622,9.26338137717814,5.122478657452934,7.211604622168009,18.50801760291887,-0.33397573076164555,14.863235060619395
2023-11-16,2023-11-17,RB2405,RB,-0.01153460381143434,-0.0017804913771471266,-0.004765945699509578,2.491548894807666,17.207716335640992,7.522062000084275,5.607377168717195,11.370221937154177,7.671625931499021,6.478243121861356,12.59351914177813,9.154372300223606,14.160428215499495,22.631367283956973,11.877386469073134
2023-11-17,2023-11-20,AG2406,AG,-0.009578222147538229,-0.0021979888805056494,-0.006123737140846837,0.6469718599248409,18.67925091547056,19.952707645457984,3.0035597600916555,11.15252073965786,11.923052166947109,3.4120248865221656,6.727813237315132,6.681976924483781,-2.578860514852361,0.8675663137451498,2.5190339715124255
2023-11-17,2023-11-20,AU2406,AU,-0.008871240283879644,-0.0005497874998395801,-0.0004736989249800131,3.9770198725094046,-5.511491184261857,-3.2405082582144082,3.077527462146526,-1.6425895411440266,-0.5175267729974196,7.802998158010714,2.7325067669451273,4.766461940328159,14.292302595686822,0.5122955784430442,6.3434496273213465
2023-11-17,2023-11-20,RB2401,RB,0.01400203665987787,0.0025144594590784607,0.002790181694975984,11.369933750609622,3.483393132404537,5.042027909910652,7.632248889016175,5.594846061370448,6.56175175504765,8.527367657204199,5.008316183994064,7.1817507012967825,7.658604823723708,-7.124872401462971,9.510579850626423
2023-11-20,2023-11-21,AG2406,AG,0.005453306066802943,0.002860750794084994,0.004851071371164801,7.867900038946665,7.119713202227506,13.077147279713197,5.221612416005059,7.216409537082576,10.721626914588501,11.243189230344736,5.373676378744432,6.933730382876341,24.10324702797417,21.915846497044637,22.30612129088068
2023-11-20,2023-11-21,AU2406,AU,0.0011973487278169603,-0.002826350197257377,-0.0043419205374486125,-9.055919500909948,-3.781950697775508,-12.44718664677495,1.1190305845680433,3.0062912824088763,3.5364975111538595,-30.03571508440966,0.7737407100932888,-19.20885702176586,-14.484246660001222,-13.237181838486583,-47.96003509397944
2023-11-20,2023-11-21,RB2401,RB,-0.004249999999999976,-0.00025455008410331175,-0.0002937392611470228,5.123215638466693,-3.4977614789950375,-13.017981521189911,5.224571163739824,-0.46989804744259533,-4.895300700914294,8.59311698493872,0.6597387503490532,2.3928139815606597,7.678879229851314,-8.939154505791777,-6.538671507007999
2023-11-21,2023-11-22,AG2406,AG,0.0052685248130524,-0.004421024034767696,-0.006170199846751955,10.034064261232798,7.585702683138824,21.015164918305025,8.610851763728526,3.1262497128670668,10.036100607219298,-0.9956138013989251,3.941613461241232,3.2081918743168405,-10.335580618003766,0.2359020895267418,-4.3379618158053965
2023-11-21,2023-11-22,AU2406,AU,-0.0020928543971298064,-0.0032872999056790756,-0.005530081232512793,9.854187621417978,10.766171508710356,17.770230866145866,8.643903961715676,5.485447210215516,12.205778384912334,-1.0842132927817272,2.4728505120033946,2.613438495456229,-10.491547612994022,-3.9652082865583793,-4.338296558578142
2023-11-21,2023-11-22,RB2401,RB,0.003763171098845941,0.0042590569203833665,0.005991649655203343,11.398123163113848,-0.5728814361884722,-2.4908143995606817,6.482444476320152,4.64736016005156,3.683255560868219,11.806687228095129,6.2661988358855,9.943157189082138,29.89703246140091,-15.813493832380885,12.790000592033875
2023-11-22,2023-11-23,AG2406,AG,-0.0025346400811084857,-0.0027155481724826388,-0.0031577288183217106,3.633136111109909,-0.486817168871132,4.67324039518416,5.083147779447394,1.1470986818912992,4.373139370719313,2.1754133721547815,3.033393981089768,3.4906165927582204,-2.3634581478929566,-0.5089694559648675,2.129192742543068
2023-11-22,2023-11-23,RB2401,RB,-0.01723707219585313,0.0007529175910957491,0.0010333514690267353,6.019327355594616,6.908406272580152,1.1785153700124007,6.005611236707701,4.3934048260924055,1.9003389041488985,6.497078825348626,8.017021056983703,8.052244432385741,9.105179312884449,10.059406457271846,15.094525054054584
2023-11-23,2023-11-24,AG2406,AG,0.0008487523340690029,0.0005070565476678232,0.000587965671124565,5.357503469677072,7.3594447687229545,9.281891000359504,4.670891297468208,5.312032043505251,6.875609214665761,2.600185108001277,3.6904779150260243,3.56867192951158,7.8339195674895965,7.912971789920577,9.926540681443281
2023-11-23,2023-11-24,AU2406,AU,0.0017577706323685938,0.0013686914027165624,0.0014466885479265923,5.239729648590296,-3.2664775646740334,-0.6089055262119887,1.9263742697880293,1.5416784781827557,1.7910242659087787,4.431818126168558,0.5923288931880553,3.4501680241649644,1.3691749940167544,-1.1402080188026107,0.12786532842476692
2023-11-23,2023-11-24,RB2401,RB,0.007602635580334471,0.0004997501353385579,0.0008122924162304174,5.4588526750755415,5.064462342647371,1.2554915328402836,5.497739698080868,5.599076527187047,3.860083317143095,8.279814473252868,12.085475057345025,15.857713972500326,7.658604823723708,25.92708298288061,48.450511298563555
2023-11-24,2023-11-27,AG2406,AG,0.04004071937563625,-0.00203493371900198,-0.0010699437618107116,3.166824881510849,-0.7033881735573133,0.9787585800341856,4.570958127104696,2.158372588372626,4.569953715882592,3.9173577272088664,2.3231068915813595,3.0217003820256036,2.6065755551368954,0.32112868445250703,-0.45107570654940543
2023-11-24,2023-11-27,RB2401,RB,-0.00502638853983417,0.0030456876335562028,0.003038805601666486,11.907018932903952,6.305726817819611,6.896876667049888,8.481121438753359,3.6179887877766657,3.653213676603141,6.380936409553146,4.367458162287699,5.809521290703913,2.785088744461548,-4.196127608663957,2.9441742366821533
2023-11-27,2023-11-28,AG2406,AG,0.002442598925256556,-0.0003392705715325261,-0.0010178117145975781,7.9247553282056815,-42.5563518425294,-47.01822511707497,4.70858252859121,-15.148808226862386,-18.011091747919707,5.427864410122473,-4.092011790591273,-3.6530138490819595,2.9634911233535774,0.23441133493113248,-4.678047528242313
2023-11-27,2023-11-28,AU2406,AU,0.0016944844531052716,0.0006417524339448561,0.0006440774446898963,-1.0876057468394134,-6.085063722509808,-9.752847161470727,0.6710246424101909,-2.2152169621344235,-4.112194066807623,5.02361532144609,-0.41929512738672425,3.006439546531107,0.09047781435853333,-3.9525345659323747,-1.3940065559610235
2023-11-27,2023-11-28,RB2401,RB,-0.016670876483960595,0.0007542426504639742,0.000867270162924102,5.540641874385884,11.71795177761641,6.315621369307417,5.539250497326883,6.93527168384926,4.728706457098622,7.488174063304067,11.561474524222755,10.36045968418917,9.33672863538591,34.46854847522386,29.949209005456357
2023-11-28,2023-11-29,AG2406,AG,-0.0032488628979857603,0.0017928453991420562,0.002770145632437833,-0.14889440086713934,-1.582158919660531,-1.6397912443460685,5.0212513791906765,0.8485484112163331,3.271141801575972,9.254206563077247,8.60624934252667,8.926238931638672,23.302464401160883,8.505488581641512,22.776795686474532
2023-11-28,2023-11-29,AU2406,AU,0.007097292045118442,0.0013989277170667624,0.0013904597760031326,-1.1321868237809367,2.2854044267832814,1.3887003912151035,0.766685259105881,1.4606264976957983,0.715785152218507,5.76504116341736,1.2769261649616064,4.104864896177415,0.4893336754591831,-2.5150231574780344,0.7009334387810251
2023-11-28,2023-11-29,RB2405,RB,-0.0027975584944048837,-0.00175724910287168,-0.003942734881460601,5.574132592852773,20.568014354114073,17.67983068571861,4.866111650444223,16.726023158892144,15.035318607226719,12.31410184830177,13.764862225554886,12.69008847029889,22.08025282939254,58.88582901682235,27.23675900869892
2023-11-29,2023-11-30,AU2406,AU,-4.192872117392277e-05,0.0010567027633321595,0.0015864268056748321,-0.41364184321367503,-4.280797993724901,-5.588101795977019,0.06264501056791305,-0.9205389134024777,-2.7709122842528564,5.136313974842383,2.7945080587237316,5.0607881116728874,1.2110470212523314,0.6233996005993312,3.8156999130913487
2023-11-29,2023-11-30,RB2401,RB,0.0017921146953405742,0.0005136106943929632,0.0003781830770890386,5.403038922390657,8.213320789184506,4.370832166745776,5.712225622406571,6.96503307135451,5.566520899629086,5.779783586621831,6.977610936335074,7.919722820467393,7.447329907349852,18.716022123871173,20.742056578903117
2023-11-30,2023-12-01,AG2406,AG,0.0030779199740806895,0.0006516780940959621,0.0009754192018193836,3.687501246793367,2.664659105651505,1.6693151634070742,3.7273993685888334,1.6123479072994367,1.515951243765059,4.708768917327851,7.904760530323855,7.002248594116959,5.919468008059821,4.6497660765824795,13.418456131480124
2023-11-30,2023-12-01,AU2406,AU,0.0019311502938708092,0.00046132232569718684,0.00044674974451850325,1.0712928597654208,-2.2829036481819656,-0.956548457164641,0.8171508568679524,0.3709283256814597,0.293806344611657,6.867750725892894,2.93435910457778,5.038467798860112,7.447329907349852,-4.592185184672971,-0.5207955244201374
2023-11-30,2023-12-01,RB2401,RB,0.003068268984914413,0.002563446674198548,0.0025561532478015274,10.137006435221736,15.191049313386978,14.842418462937438,7.911721313588959,7.559208934882918,7.493264159539378,5.786590981231612,7.18958922254679,8.18051514743404,2.805363150589154,17.180987737788833,20.331083535087327
2023-12-01,2023-12-04,AG2406,AG,0.007117437722419906,-0.0014569002981656908,-0.0020370141437852604,0.9299277837387394,-4.703327824616483,-4.7924374751384455,3.003497129154617,-0.9527562579610152,-0.4824337022969618,6.988358923076354,8.162004245350818,5.953072450971366,4.999019723796826,29.38720924384419,22.02030970843473
2023-12-01,2023-12-04,AU2406,AU,0.01312644160201315,-0.0012167238069888486,-0.0011052308611504188,-0.5523209762683754,-3.6772388169081496,-3.1959004621612133,1.1842454841749759,-1.1757928134279831,-0.733912126793689,7.266576040414621,3.3097703250354633,4.970944979699624,15.450896073467502,-0.5089694559648675,9.676591173059318
2023-12-04,2023-12-05,AG2406,AG,-0.028520786335804016,-0.0016162925775013912,-0.003455344051669461,-0.04050820538672051,-16.611644462807075,-18.38341241411711,2.6778665453908252,-5.5621287729384425,-6.060643169769021,6.330554231858848,5.967464628796847,1.7946254058814624,15.336564270781423,9.371206506721466,2.501742952318994
2023-12-04,2023-12-05,AU2406,AU,-0.011734461168470323,-0.0008803001972763518,-0.0018564428963058744,-0.42729287902801083,-17.35842488429461,-19.7967489596855,1.120409787901043,-6.519621490017486,-7.627577855857096,5.366587092861626,3.34083353330192,3.383908918296502,6.0972982254659644,-0.5326161077891315,-15.478869842261085
2023-12-04,2023-12-05,RB2410,RB,-0.0035925070567103257,0.0025316469217797266,0.00419709912852807,12.212324169916048,15.630005605725009,17.817026272400774,6.279382817297774,14.510577424965543,14.265213840138458,11.745031114327968,9.734714293288837,10.91878786485965,27.512958104592897,27.779204874305687,26.875922425811083
2023-12-05,2023-12-06,AG2406,AG,0.0001662786830727292,-0.003217505993227971,-0.007901440461511542,-0.5982980302122964,8.072068140584753,6.61906265214057,1.1542758942513842,8.377356391617308,7.394931121092415,-43.144813500777126,13.780257699982716,-13.536926583641828,-79.93797262105325,24.905487917631536,-72.14424852202838
2023-12-05,2023-12-06,AU2406,AU,0.0009252249978972671,-0.0016986021691532695,-0.003975606571092966,0.7306514041376433,4.0737007404031065,5.242969442387591,1.6064715801746812,4.82805109328573,5.865978912423737,7.332607118658712,6.356927056351573,5.1613331687396435,17.409122529596726,3.3894936046427895,8.308559209205207
2023-12-06,2023-12-07,AG2406,AG,-0.000833055648117309,-0.0024910749409311856,-0.00376286140425712,5.378713129659527,11.58050488388385,11.973143635667425,4.584036365745083,7.831604950300684,8.981029971804077,7.05549974374158,5.4718706611896595,5.164311645104887,14.394652482404894,7.651225534763248,11.110547465571871
2023-12-06,2023-12-07,AU2406,AU,0.0020588235294118906,-0.002352349232261438,-0.0038182178371075886,2.5623760230360233,10.245559342806562,12.765787824908434,3.8164788519487503,4.914220562504305,7.295434473878654,4.909296714957859,4.784618552921395,4.543931291633948,2.8504854356631735,-0.33397573076164555,3.199160205271249
2023-12-06,2023-12-07,RB2405,RB,0.014672400708322764,-0.000769724220171649,-0.001562490573941562,5.729762962194421,12.671387335077734,5.978217583914059,5.845961034269713,8.034457890069827,4.783949918681074,7.5340091752547185,7.834003016609348,6.396245733960429,7.678879229851314,11.12605455104123,11.491606920806305
2023-12-07,2023-12-08,AG2406,AG,0.004830917874396157,-0.002163602408466819,-0.0030633668078826376,6.224247691515366,6.743544642676928,7.434285673779106,5.080359657996334,6.146667635865286,7.198864337532983,9.446835719576988,4.99095930358887,4.588723919997705,7.72800536403469,-4.1638232342641714,3.3771869361375413
2023-12-07,2023-12-08,RB2410,RB,0.008000000000000007,-0.00025396825533333296,-0.0005364782849793923,4.971138561285904,10.786917899809293,2.7899593123679334,5.068766457323759,7.690151926967431,3.720646282412725,8.486189132024178,8.023906931141042,4.624090353760815,7.678879229851314,13.41020910508021,18.45217989880688
2023-12-08,2023-12-11,AG2406,AG,-0.021760797342192717,0.001000000083333275,0.0013176840955082944,4.836853526973197,17.29417224829342,14.88629000320413,5.9549586437463535,8.255535196998927,8.959526743873099,1.0529795444287702,3.7862097471475353,3.6073608387922937,-0.6442638375024373,7.011035792965902,8.916637151352363
2023-12-08,2023-12-11,AU2406,AU,-0.006419670205177752,0.0007963619256925432,0.0008115617063177649,2.4787488523004244,-0.05696886743049667,-0.0022204280844722035,2.847489969878704,1.1355647192759886,1.8270411520592627,2.8071084299400946,4.194844693950904,4.44731322921279,-8.060736467029946,7.912971789920577,10.847337107407531
2023-12-08,2023-12-11,RB2405,RB,-0.004205838693715935,-0.002246350626374193,-0.004824930908047189,4.647809934472612,14.732851646877785,11.743249031058415,7.251249752101324,9.797603441447375,9.506430487078266,2.573536821662056,9.85573792480073,6.6461108473826895,2.8504854356631735,7.195478764020986,8.354355979177157
2023-12-11,2023-12-12,AG2406,AG,0.0017003910899506813,-0.001991371384925287,-0.004321156004181044,2.437896210670991,15.459740397275239,14.319528817660796,3.7373251399244163,12.327655847584552,12.913212408733479,10.21949797499742,14.995865674153656,13.834052937307364,22.73302013068169,39.044074280379995,37.91699375814783
2023-12-11,2023-12-12,AU2406,AU,-0.0019042782785323453,-0.0011322417497089446,-0.0018716908939506699,2.1235664971956574,3.7795560902015195,4.432798378844865,2.1350135719064216,4.3298515825242685,5.0914908758809325,8.352133625306807,2.6663151928492788,4.702683052989897,10.38993138776551,-6.642912454756442,5.102113481838566
2023-12-11,2023-12-12,RB2410,RB,0.006461232604373812,-0.00024804663403881465,-0.00046513789358797804,8.751985533841623,13.183278547451614,13.169649579411994,6.51213863664665,11.706777772654878,11.464506700826957,7.454568845950539,11.415874696058639,9.056236096487314,4.472893518899083,14.76600693106938,15.35492329906703
2023-12-12,2023-12-13,AG2406,AG,-0.007299270072992692,-0.0013593884846147897,-0.0012510424822761584,3.6063562109253984,17.74518503803861,15.714376736926807,4.54424166273836,9.450346185995024,9.263643876293315,4.843732528404394,-4.466142818895845,-1.9606757326159872,2.9634911233535774,-14.012210387159586,-3.1950066680424323
2023-12-12,2023-12-13,AU2406,AU,-0.0019499788045782562,-0.002071400626508059,-0.00191455805520226,5.181849535626305,4.250690493567485,4.996129299708721,3.742327264361818,2.982328274485874,4.559933671588474,7.933900719694719,2.026167229324609,3.914157097643414,3.9090757687343194,-4.5293923402855585,1.9101097575729977
2023-12-12,2023-12-13,RB2405,RB,-0.026666666666666616,-0.0004970179028755842,-0.0010370177061177497,7.6191099031461205,18.38185368520436,14.89439826230079,7.327556752714654,10.172740562571049,9.011435014828919,5.123301567211779,9.357702038786227,6.240868782049889,2.6065755551368954,8.031905161968549,4.1206460300918515
2023-12-13,2023-12-14,AU2406,AU,0.013530709195792356,0.00016957775180530965,0.0002615450012027463,0.6226441108401062,1.7310135858707132,2.408384500653624,2.0106982867964804,5.2006966771613445,6.385790654433249,4.541481526712227,0.8032469248395057,3.6956543976629463,2.6065755551368954,-19.409507099568454,-6.908973374997599
2023-12-13,2023-12-14,RB2405,RB,-0.006580612503163774,-0.002466092495193554,-0.0073982774855806625,1.119392801457738,27.88775007720446,23.56042274860051,5.1268811533035805,18.710183245408512,17.926625962905643,16.424182178465298,13.799163625153684,17.782942150617654,55.83697974175519,-10.197809859090581,41.00523594781034
2023-12-14,2023-12-15,AG2406,AG,-0.00380039656311959,0.0023911198412233264,0.0033796942576732646,0.602433052756258,-27.09209197648808,-34.61953107985866,3.0368493717931475,-11.829248167258644,-14.604309574807507,7.968741819864519,-4.889879417904184,1.3936398833337977,15.302031891966628,-21.3628936783776,-21.017072968477994
2023-12-14,2023-12-15,AU2406,AU,-0.002633228840125401,0.0013582345042219318,0.0016312937864565197,1.517405912866435,-13.934946329949097,-16.09581585723567,1.7896535107344154,-6.497629517583117,-7.942580207199418,4.348182405412144,-3.3183437159256086,0.08109947927656698,-5.338520350969678,-13.625757802532698,-5.23105667816168
2023-12-14,2023-12-15,RB2405,RB,-0.003563247645711365,0.002280502698725303,0.004463658388224975,15.049983557929394,19.32959313334299,25.4896787462092,9.99228484407091,14.824950958710637,18.501493597891773,8.262117948375838,3.4437240858387947,7.257019040053976,13.520649791501091,5.093129800375413,-3.004117710278925
2023-12-15,2023-12-18,AG2406,AG,-0.0029796391325939142,0.0034759614572597926,0.003470767889429835,12.150318201140689,-4.063132643112169,1.6288546983583894,6.6927034093631,-1.3772127574619004,2.1044360177867456,12.07009492670628,1.7654297886810044,5.440351050766654,24.412473726555387,-7.803343310609659,7.4335435263830165
2023-12-15,2023-12-18,AU2406,AU,-0.002510460251045954,0.001254705308896434,0.0013051784221686904,5.405079672140644,-0.23715342066992617,4.034414479412136,3.131676042123381,1.8890011602429222,3.843740580093618,7.061284187062359,3.3903502413307285,4.926057477799734,5.685707239413843,6.416779317070342,10.299230015012792
2023-12-15,2023-12-18,RB2405,RB,0.0045977011494253706,0.001018589341951046,0.002365700385861391,7.831766460457779,24.761174126646818,23.526573047859166,6.519013785921157,17.480536999167924,17.097567553019715,7.308497555558303,6.679927157184871,7.5978729511653045,-2.5022259722571327,8.29424919588556,7.081276228967033
2023-12-18,2023-12-19,AG2406,AG,-0.001161825726141097,0.0019884016493355943,0.001970700816545197,3.6335759002858787,7.649044432051318,7.016372596470932,2.575714839094478,5.434019630657191,5.331051826260348,11.503107756166942,4.388851163932579,6.0357562869771275,23.853660265337115,7.912971789920577,13.379262597160904
2023-12-18,2023-12-19,AU2406,AU,0.0012149650173864934,0.0015912234838564728,0.0013987111155580332,2.842807781974014,-1.3623150214767192,-0.022221347990205143,2.0039779906805197,0.7749556116595087,1.3955087981203769,8.177376226109493,2.555136436271942,5.025273022719112,6.064288694386887,-0.744612128060825,3.8397814860624737
2023-12-18,2023-12-19,RB2410,RB,-0.0017893660531697053,0.00153925120180792,0.0012904264292939378,5.454533657681336,18.87828215662458,14.135431053272315,5.6235460200169625,10.705480588560503,8.39766650734476,4.78251358573706,2.597683858612285,4.50331801395621,1.2110470212523314,3.2091702470236108,1.956378146115038
2023-12-19,2023-12-20,AG2406,AG,0.002819237147595466,0.0003320053151347268,0.00017798343482428174,-1.132202771362489,8.040624135963913,4.802417267723295,1.4625596633420783,3.687086211582969,2.8740543406457895,6.2249575112517705,5.408797688090421,6.10262547649694,-2.5367775051076853,11.20767501280464,12.890044361154661
2023-12-19,2023-12-20,AU2406,AU,0.0015894926172250745,0.0012157036857480793,0.0006492580871591967,-1.6989539027058216,-4.736106220379465,-5.66410052121477,0.758291845318479,-1.7718440950380172,-2.205090710887139,5.660484331794733,4.8232094913660735,5.581893379752198,1.190772615124725,10.555588119340168,11.865000501594686
2023-12-19,2023-12-20,RB2410,RB,0.002557544757033181,-0.0015325673497781163,-0.001076644663350212,8.194028503902995,11.51787654162828,9.230416679181149,4.624879605647449,9.574948774661568,7.2709193067755695,11.563956078929335,2.4052054744723255,4.624859019047601,13.154912438882803,3.313274627149002,8.746189922106518
2023-12-20,2023-12-21,AG2406,AG,0.008115269956939342,0.0019920325312405766,0.0013956034100285235,-0.7395538519952707,5.761336533403869,6.32315235669457,1.6044486649240866,3.0950800289339413,3.141589651905486,8.73312940306436,5.402429409456507,6.275439973944839,19.20945654258441,11.20767501280464,12.890044361154661
2023-12-20,2023-12-21,AU2406,AU,0.0019660336317242066,0.0003765296561586845,0.0002498205837136065,-1.7968924225636167,-5.126297989612134,-7.500809010547659,0.4015352329475066,-1.8072371696143161,-2.7426986679199774,5.88349923127113,5.006599310073833,5.660811558629717,9.125453719012055,11.6262255079469,11.865000501594686
2023-12-21,2023-12-22,AG2406,AG,0.003944124897288459,-0.0014894500064288007,-0.00154890621395807,0.6983080112202584,-0.06941273754849675,-0.408095946644945,1.2403546824044565,-0.7494701714055454,-1.959437640128629,7.638487672056228,3.3419863878771863,4.73686210194353,7.01298665619312,5.518168309308531,10.219584111879122
2023-12-21,2023-12-22,AU2406,AU,0.00584648793117859,-0.001630060338783358,-0.0012708230411916416,2.179451948415914,0.3792338115126337,2.8849259515891057,2.226905000373273,-0.4230807654848707,0.5543293974111014,6.157115801933301,5.052299644526255,5.32946139075009,5.912877257146646,11.20767501280464,11.940574938469204
2023-12-22,2023-12-25,AG2406,AG,-0.006368386675375537,-0.0003286230722969359,-0.00035414382018747947,3.8188131385334265,2.029859673718163,2.516404592879031,2.507123537030181,2.107057615988654,1.6399570352522104,8.048654095273342,4.420259311433788,5.310317188677038,7.678879229851314,-1.8229128927238831,6.4589737434555605
2023-12-22,2023-12-25,AU2406,AU,-0.0010754912099275593,-0.0002922816781073674,-0.0004028822801242498,1.5261377336472113,-1.4615311729206417,-3.094083396087875,1.5386027169273313,0.13090080422071138,-0.7677716022068757,5.606070998154419,4.189102781835927,4.2336036475696694,6.0972982254659644,4.0130761311426495,5.8942412138421645
2023-12-25,2023-12-26,AG2406,AG,0.007567034051653154,0.0024523841278073677,0.002150592313920881,6.784764199845522,0.5582432529701684,4.8318301373069605,3.887776341872853,2.4567093505560917,4.258631852141837,11.256319230073622,4.824595809839881,6.32090600306863,24.10324702797417,11.178522559085055,11.20249854658281
2023-12-25,2023-12-26,AU2406,AU,0.0008281573498964967,0.0036882825010697545,0.004173364656816875,0.41623332741502983,-2.566486942592984,-1.4729155633343725,0.5053589534499325,0.5855663139350233,-0.7073648421165832,9.421796968799528,4.710436680552935,6.110219342117817,4.344899944446492,8.330494856438285,13.282947223312952
2023-12-25,2023-12-26,RB2405,RB,0.005749999999999922,-0.000749531577876123,-0.0007611144441633898,8.591655543677902,13.553901161850092,14.606677724240798,6.8224328944290775,9.050296013850538,9.746602622345241,7.3925313025306245,3.5921684794478597,4.82459016818151,5.685707239413843,3.4357481091483217,2.139091971389911
2023-12-26,2023-12-27,AG2406,AG,-0.0014703479823557908,-0.0009865176729050118,-0.0003904806449001299,2.026995662657256,-1.3520177101354585,-1.8758322517871786,2.4970729183216296,-0.9788892309856925,-1.4178931681069709,8.282565783213993,2.373790374355655,4.361496588734041,18.06887895674803,1.8068782913487742,9.21307519188523
2023-12-26,2023-12-27,AU2406,AU,0.002359369179187887,4.1408724824163404e-05,3.525166417537103e-05,0.7149255362985918,0.17079677081874056,-0.8024315432977849,1.198862488633197,0.6409553792952174,0.1670533430917045,7.724893929223378,5.006599310073833,5.6223633192102485,7.678879229851314,11.6262255079469,12.4043587914576
2023-12-26,2023-12-27,RB2405,RB,0.0,0.0005001250416823734,0.0005200148325645393,7.247530378179311,8.741932420836733,8.407322105806914,6.883954220258731,7.102493498207448,7.277622355964045,2.7443870191639936,3.077926642838091,4.338777489591016,-6.059522044239192,-2.0434974756637003,-1.8574122966622348
2023-12-27,2023-12-28,AG2406,AG,-0.0029469548133594925,-0.0006532745618579238,-0.00046253526113453834,5.388207128344554,3.2028416890453655,6.248078128667159,3.2412595080376905,2.735686182546434,3.7601959886194436,8.03137556666951,3.0225708514139935,4.948331947333733,14.93507185463565,2.0763099501719853,6.807233480309744
2023-12-27,2023-12-28,AU2406,AU,0.0007421150278292821,-0.0004552132338740355,-0.00046298677450714324,2.2011145547070474,0.5879171959357046,0.5434266128430032,1.7984100851468976,0.007518335232532536,-0.31502398765518924,7.724893929223378,4.755945138115945,5.392016846183669,8.819514341526231,8.330494856438285,12.4043587914576
2023-12-27,2023-12-28,RB2410,RB,-0.008262393590385608,-0.0015022536625896778,-0.0011636692844318429,9.137025245124295,10.568585252498389,12.63420937897857,8.282614684355151,6.319577580892205,7.8925924532341725,3.9997761155847966,5.38255468457551,4.494569539552114,2.6065755551368954,15.152392577917832,9.572078972804348
2023-12-28,2023-12-29,AG2406,AG,-0.013160059220266529,-0.0006546645078333884,-0.0005940338252959046,1.8532148328598224,-1.1182956391860048,-0.12795690305171403,2.6710498609664706,2.4152310887135524,3.4613494546729133,5.606405981475911,2.9349006506811937,4.297040187414701,2.9634911233535774,2.7115483915437366,2.3119127766209235
2023-12-28,2023-12-29,AU2406,AU,-0.001735824103157646,0.0016092099777624662,0.0017402369809874502,-2.4865882195951245,-4.159274010253823,-5.19712428286277,-0.2508692099291481,0.08469882902668058,-0.9930254968081873,7.456245058670952,4.585632728307044,6.197829722549128,5.853013778013031,8.330494856438285,12.737833420848386
2023-12-28,2023-12-29,RB2410,RB,0.002777076495834363,-0.0005006257926836564,-0.0003728987872257159,9.804784194217568,6.065802906609502,9.541663895535578,7.748519677263545,7.187955168799374,9.238038576353773,5.3422278210849,5.166641509539176,5.062561641890627,2.6065755551368954,22.962073483506895,10.31015536469074
2023-12-29,2024-01-02,AG2406,AG,0.010508757297748028,-0.0018078729552202255,-0.002134053879552968,2.5999148090017474,0.9806248914100983,2.5895712256632795,2.3433275990899087,4.425003197978727,5.219492009447947,8.5782445863571,0.1624755896163295,2.0309799217050513,3.5521602005176374,-17.672495162408183,-10.643201204806305
2023-12-29,2024-01-02,AU2406,AU,0.004183233929754726,-0.0031772912491444118,-0.0036300162388874565,12.448020285854401,0.33167578726029356,11.232337892778705,7.738601545382829,1.259281760598411,8.36022326603486,5.495038825613123,4.803933255550229,4.216125382718766,2.718577883529349,6.834302383588054,7.831101308378527
2023-12-29,2024-01-02,RB2405,RB,0.01048689138576786,-0.0015026298845350185,-0.0015999684648136637,6.083305917056652,15.34880061304334,14.332161675854003,6.918409422955038,9.189639697341732,9.25532846790247,4.798958917589441,4.624904550401814,4.87242358569205,2.9634911233535774,13.323360294779988,9.380706162019294
2024-01-02,2024-01-03,AG2406,AG,-0.007283562324118531,-0.0006670001914785149,-0.0003711751607382898,4.287573333089018,-0.4458608704406948,-0.16682616215339197,3.653694962205018,0.13783644909937554,0.14768723669254635,4.8554305495674015,-0.593559675050353,1.784222521109866,2.6065755551368954,-3.461286946307359,-4.923148222069584
2024-01-02,2024-01-03,AU2406,AU,-0.0002476984683977834,-0.0004140958276904381,-0.00028919754172019934,4.095807707868311,-1.1922363603578172,0.28743042306109556,2.5627269440897242,-1.169821227767514,-0.919863010421532,4.898946929033914,4.121573011448217,4.220740219471328,2.9634911233535774,10.281066033241634,10.109927606123952
2024-01-02,2024-01-03,RB2405,RB,0.0017292490118576698,0.0007493443587809797,0.0006276002493235982,6.939120777608503,0.6786258673288179,-2.723528898965289,6.900244444297956,2.939121346593258,1.8244142220744264,4.200983574826764,0.9170673682524165,1.7824191183917955,7.132281728574582,-10.544055014217964,-8.64760804335125
2024-01-03,2024-01-04,AG2406,AG,-0.012755958375293752,-0.0028101514484414085,-0.003017427490452359,0.3242882830067839,4.610535154322381,1.8487913691228375,1.5018821676646015,6.90812386814715,6.329838152414553,8.573289149109609,-3.057357004564501,-1.9044798725869145,28.754814130245034,-22.910850853708144,-11.110766109070108
2024-01-03,2024-01-04,AU2406,AU,0.0014117842461487395,-0.0009078155282207941,-0.0008829745439502367,3.4661141570641694,1.895277911618725,4.116893878547246,3.3461322409155487,1.5188255780435607,3.3598889887372736,4.243852214614727,2.7442086571320243,3.4889373791891405,2.6065755551368954,-2.4226849953328147,1.007501667409216
2024-01-03,2024-01-04,RB2405,RB,-0.0019733596447952806,0.0002470660914358099,0.00020281155683811753,7.5312879027900035,8.92975240883168,7.6883280725357634,6.7309362963272195,7.452524483077383,7.203749056051187,3.8005222452931027,5.29681728186026,5.029294313708151,4.1358602845922,14.035284217421758,8.60743339273123
2024-01-04,2024-01-05,AG2406,AG,0.005952380952380931,-0.006524489895282145,-0.010869119220123243,10.006247996175826,11.860217304160427,11.400978671496471,5.0034335851806,11.259318464549718,11.946226589342919,-19.896225003085487,1.1989098772966125,-14.525076019181464,25.6291111109629,-5.300679738567956,-3.999612128012066
2024-01-04,2024-01-05,AU2406,AU,0.001742015761095006,-0.005548668480167713,-0.007552972093993068,18.67944906320896,6.078166518422846,24.663281424939782,15.366556291405079,2.9583960647625225,17.98634068785852,0.2966280321931213,4.908148341989052,3.8654209102355366,-16.949798873659855,8.096291859850743,0.2422914908499107
2024-01-04,2024-01-05,RB2405,RB,-0.016802569804793666,-0.00024663953756789823,-0.00020865660506107228,8.260108859051073,14.13479367518869,12.855598703344157,6.785022857077177,9.14921320835456,8.745134225576518,7.774903779468118,5.157652510834126,5.777423509695262,5.685707239413843,12.531919303953185,10.68284469826025
2024-01-05,2024-01-08,AG2406,AG,-0.001014027378739235,-0.00034007822126770913,-0.00047559139261403637,9.352235417531961,8.434384326240608,12.962149140461616,5.389204545357347,6.395574338815765,7.801186446180191,5.136119725916793,0.7442279632567659,3.1914622967053656,5.589910040483773,-7.815934062005934,-5.967755511230966
2024-01-05,2024-01-08,AU2406,AU,0.0002902757619738239,-0.0002902938208537516,-0.00024447135892361794,7.9791333615535205,-1.5629194487156126,3.9195589572619682,4.131491206019313,0.21722411352746018,2.194812864382774,4.364311595201258,3.8327296712831185,3.8084451415779554,2.021579334977048,9.160592996855664,9.654046652635941
2024-01-05,2024-01-08,RB2405,RB,-0.009031610637230347,0.00024712714817484905,0.00028195532517607733,8.33771715843195,8.390612353115396,11.285579347978603,6.93766266210401,9.03658294379401,10.466778021438348,7.860191928409063,1.737877033291938,4.93184812103722,5.685707239413843,8.50799769872363,6.8418882250166035
2024-01-08,2024-01-09,AG2406,AG,0.0035599254110865175,0.0003380662642070032,0.0006104539052920627,4.011767473887523,9.885704726437108,9.870641709669052,5.203091751645835,8.207147621195805,9.79806567691603,4.066572064935887,3.985030391836911,4.193327787914697,2.021579334977048,-2.7898362108774277,2.250752238634812
2024-01-08,2024-01-09,AU2406,AU,0.0034166666666666234,-0.0015331388836024894,-0.002968457431832057,-0.08521097514810849,3.952516064755496,2.1793526445909066,2.905576436599742,4.590552007521524,5.801607635569031,5.1534949932746095,5.266651892414081,5.035165336489399,2.021579334977048,2.09620423504468,6.064061372626942
2024-01-08,2024-01-09,RB2405,RB,-0.0017721518987341423,0.0017576903458114547,0.0015933228519587352,7.8457683489811485,10.967135847344968,10.540932098105909,5.87613481445384,9.701636246618689,9.44454258023846,7.907511615926167,1.8292091234219943,4.702876874844549,7.678879229851314,2.796332091757577,2.8292110653687392
2024-01-09,2024-01-10,AG2406,AG,-0.0075783091950151205,-0.0020321768212942528,-0.0022827695145659446,2.68509308780484,8.154004423842977,8.537957598183787,4.031090574508976,5.594393431660315,6.343864928233511,6.044345655436999,0.5486169375590433,2.8909189693835167,2.400434905945508,-1.1402080188026107,0.12786532842476692
2024-01-09,2024-01-10,AU2406,AU,-0.003112033195020736,-0.005070456813105602,-0.005903405718865771,14.489306820483222,-0.5040293271699468,14.48065532658263,11.807361525137669,0.7346561867655987,11.695557817135166,-0.45971409449664236,4.098853314246521,2.7899732870227503,-26.845292825718552,7.912971789920577,0.9045328076877196
2024-01-09,2024-01-10,RB2410,RB,-0.01377199693955622,0.00025442055855348883,0.00037723451508642317,6.1336678317279265,19.942994575432074,20.15558674030298,5.738985696723866,15.351135202995117,15.53629783011335,7.8389535379099335,2.119325981100252,5.78959557381608,7.678879229851314,-6.9406877113855385,2.5626903657001763
2024-01-10,2024-01-11,AG2406,AG,0.002541511352084136,0.003035927445653687,0.003748130524679604,7.638546663025096,6.414910999643082,8.926439123595024,5.688951585628927,8.014634163791362,10.769924941239958,12.274279085538002,-1.6498439455348395,4.555724577551945,21.070003975901724,-17.344403268239557,-4.450318928129263
2024-01-10,2024-01-11,AU2406,AU,-0.0012877497611432087,0.0007471670265821609,0.0008334330113952369,4.874403620339705,-5.053148411065708,-1.8943224475573013,4.306975289225119,1.5770346150614554,4.3241030354844305,4.180957898113027,2.619998951259023,4.306363013981858,1.34581818143913,0.47131951344139655,9.654046652635941
2024-01-10,2024-01-11,RB2410,RB,0.011401917595232014,0.0010206686265003542,0.001476467608282916,8.524355119160424,17.679213904907158,20.46376446606927,5.624803737122218,15.646626719439087,16.042187260026363,8.137527954136797,-0.5213577067019077,6.02825936457513,6.084563100514493,-1.075071926950944,-3.800271282618758
2024-01-11,2024-01-12,AG2406,AG,-0.0021952043228639084,0.0015260706649713603,0.0020561596931925,-1.5832794698296606,12.90702826426011,9.435192477938966,3.0512796591411364,8.34326120448626,8.280997653661998,5.487258172409494,2.2482215238833962,4.379280181008703,1.2110470212523314,-2.8498797975051557,3.2229598394497097
2024-01-11,2024-01-12,AU2406,AU,0.0020399666944213024,0.0019959256490862873,0.0023110158227604483,1.821786776314623,0.8189818146864543,-0.7128454461951179,2.5132753163796226,2.893391915672564,2.907661872896268,5.624810051327466,3.683206307330769,4.681993514578543,1.2208201818442197,6.935499733953782,10.57484307860019
2024-01-11,2024-01-12,RB2405,RB,-0.006113092205807469,-0.0012871671232676136,-0.0011014367176250591,6.653664517300866,12.49091917939739,9.651937471972545,5.9821673964597615,7.96401474856068,6.164036580271729,5.9934611145264505,0.5971452450707827,2.382851852947531,5.911197360309044,-1.5846411052600844,10.073441528830582
2024-01-12,2024-01-15,AG2406,AG,0.008928571428571397,0.0008446659848425393,0.0022679757325343593,5.489915114301375,15.660167577604797,16.896328600967365,3.316850586565384,10.568354803950779,10.47580304311114,6.7761369637771,8.946295732485138,9.276576694154517,9.33672863538591,9.93667263575282,22.167148276067252
2024-01-12,2024-01-15,AU2406,AU,0.002443064182194643,-0.00091548423022503,-0.0013495631808256275,2.435524235917079,1.9061528069467975,1.7216837097449182,3.2159677466492407,2.1674738386517225,2.9023448265962664,7.022349279601561,4.762352465270665,5.893939591305042,5.685707239413843,3.689129140981982,9.732446897008856
2024-01-12,2024-01-15,RB2410,RB,-0.0028314028314028183,0.002047607574899072,0.0025179335016003233,8.111242915369736,17.801625676767266,16.012313002241882,5.359386874318188,14.27957089669945,12.99462806550607,8.014457222848101,-2.2775268952828633,4.9732288547443435,7.678879229851314,-33.39013460059644,1.374220372990838
2024-01-15,2024-01-16,AG2406,AG,-0.0013389121338912569,0.004558893501541796,0.00983664037270167,5.730356721693912,8.915232094778306,12.06620569796023,1.1170174940590543,6.759651365343979,4.2909705505956115,9.330563465969359,4.550715122999281,9.841453738513628,32.52142283343872,-2.021450736588344,11.794099206463919
2024-01-15,2024-01-16,AU2406,AU,0.00020669698222408606,0.003359674658953123,0.00619495708527107,8.477898741806644,7.23284913100468,13.710548369221252,-0.1715670776569156,5.770837143593375,3.0023207194461974,9.278965842838698,3.733335309043109,8.04597834684305,32.24060753146807,-8.773342102580154,8.248866043356305
2024-01-15,2024-01-16,RB2405,RB,0.002571355104139972,0.0007685410907298729,0.0008811950756785088,9.017681038205064,13.386670937078248,12.399134161898775,6.336866142031225,10.240459568201924,9.218042852234007,6.336822812000411,1.8389388002455715,4.366990373190512,7.363831051076045,1.440887740696385,2.2306706850130347
2024-01-16,2024-01-17,AG2406,AG,-0.009720127367186193,-0.0023403554647510342,-0.00225449504509184,-0.6000675314220514,2.7192675489542815,-0.028595513261893135,0.7804913849967408,3.5740308425395693,2.437939432821837,13.204409120251308,2.855991503446193,5.908533901439509,19.33470289449523,-2.0051619288151032,9.990078956558976
2024-01-16,2024-01-17,AU2406,AU,-0.005797101449275366,-0.0007851402291798125,-0.0006349436987343742,-3.279912348318514,-5.08956117889384,-8.306756841372193,1.2831958361028972,-0.12623323658616226,0.3058526258111556,8.149643691308517,4.364666527355294,5.52526497490688,7.678879229851314,10.138065052822455,12.354218737600927
2024-01-16,2024-01-17,RB2405,RB,-0.014055711730130316,-0.0017983306066783826,-0.0019381469102972416,4.8194679488352925,15.670745746318453,11.790321580699407,5.8283299662077805,10.179511757986202,8.485823814016316,6.176616749077738,2.127943302881085,4.0971226094907225,2.9634911233535774,-2.8676703523108644,-2.3503112372775536
2024-01-17,2024-01-18,AU2406,AU,-0.004445552370268779,-0.0018616201467001811,-0.002898264435265724,5.631042608777055,-2.657195898897179,3.295147813473752,5.765881409746363,2.703788340211462,8.156000089209263,14.14018109480472,4.510010376102091,5.548175017440384,11.852490438007397,0.5050439871841725,16.02076962792411
2024-01-17,2024-01-18,RB2405,RB,0.01583592938733136,0.0035842332278151067,0.004207692127135711,3.1475531356449844,8.282796458577796,0.5804068856856497,2.039054680333538,11.045394419290023,6.413670297432047,10.843994544581431,-1.315964694438264,5.816098637915725,17.532371170841095,-9.585891698427112,-5.023361000255948
2024-01-18,2024-01-19,AG2406,AG,0.0018637749915282331,0.0025352840420148634,0.005882759871378743,8.116740938007341,20.400912240216048,22.812379473107768,2.9537999567871305,12.613621642188303,12.361504652927131,11.964709337188724,4.434871449374827,9.410234410079774,31.320107836075266,-7.266100788435905,12.15037825895973
2024-01-18,2024-01-19,AU2406,AU,0.002292717495518737,0.0024542952064668154,0.002880236296951702,7.632590657631502,-2.9207357004493866,1.641700708071328,0.8234083675959929,1.8521440248648255,1.133151368330609,9.5805695833266,2.4726204684367152,4.977199913226616,12.851573668582072,3.7902177978762612,4.8104161159037275
2024-01-18,2024-01-19,RB2405,RB,0.000511116790186561,-0.0015564205476581953,-0.0022628931114519702,4.843409341300942,5.575710923960039,-0.3799561813489136,5.513585375455467,3.8501215308678987,0.8536572368944233,9.407710886214879,-1.9670600474729447,-0.37529362215947726,30.837078652783685,-15.18878038364903,6.805618118751411
2024-01-19,2024-01-22,AG2406,AG,-0.028373585542982638,-0.0010160881483857334,-0.0019053617358294622,-0.16398016822458894,15.060773851202676,13.005826125299244,1.1129658975100107,9.295883129261055,7.671725138784051,7.312009330294663,4.4986096247449545,7.05215984025189,17.92120689392501,-5.880401555323659,7.197061195651275
2024-01-19,2024-01-22,AU2406,AU,-0.005888451171470077,0.0011261497300777566,0.0008180516947881686,2.052972580305842,-1.3554934616015824,-0.7352956875076346,1.192959017174526,-0.6905765926757779,-1.491377838702562,5.094900482400594,2.3427241186930394,4.462038690230629,2.083649804796006,-3.5620006640401662,2.2898527755058247
2024-01-19,2024-01-22,RB2410,RB,-0.0005166623611470023,-0.002062919762014335,-0.002226657346087722,4.675561189838602,16.4525184571856,13.57369330093679,4.43724118941488,10.691064984915787,8.230827553139347,6.887485770616193,0.9631197489671641,4.358362284447911,18.38911824911449,-8.325547081513708,2.474059492235105
2024-01-22,2024-01-23,AG2406,AG,0.006056411143796403,0.001352036710946224,0.004056110132838672,9.232635190570203,20.135741388434095,30.606037968472236,3.589252171391192,17.739337349283513,20.424412677953125,6.92833234400375,13.28853596403244,19.93425880640131,-2.5022259722571327,21.241748742234673,30.89136259917295
2024-01-22,2024-01-23,AU2406,AU,-0.0021211112959573786,0.0029485683440195836,0.0031885660062737835,-5.673620182771967,-6.753695064578277,-14.71800597323451,-6.412782887206149,0.7659915415178955,-6.928462966192496,9.679423811871668,0.12616502711492028,5.90510073894596,12.809828821355303,-10.083945345661435,0.010536743433848458
2024-01-22,2024-01-23,RB2410,RB,0.006206361520558534,-0.0038674793597373146,-0.007171750207925008,2.0879881078495854,16.366923895589807,12.625617195054977,4.421999355749236,13.098802718556101,11.212980698517612,2.111198967224735,3.838024481594166,3.0477397037430127,-14.795549775349224,1.765360747996208,-13.363522718058652
2024-01-23,2024-01-24,AG2406,AG,0.006888238333046415,0.00450919945448453,0.01093720476917809,3.240182592908206,24.99409137479385,25.87111186959953,2.947359590103593,13.797350548742795,13.347429305652115,11.78044435484407,9.2976101851861,10.697009991668017,32.52142283343872,22.11778431031588,40.03058869108851
2024-01-23,2024-01-24,AU2406,AU,0.0007935182091547421,0.0029572881164801525,0.002720543739906599,7.445038401696017,0.6173317242998468,1.8933591483233065,-1.05791305751179,1.3883517858724876,-2.5830655860432272,5.854720168407024,1.9693436591686202,4.666919110215918,0.3507531235955804,-3.400157051299609,2.746164574840972
2024-01-23,2024-01-24,RB2405,RB,0.006361323155216203,0.0005124263499266944,0.0004517100682588427,5.947016961129946,8.588585498070094,6.206888609986798,6.220448350625194,5.661282669481208,4.750143096428002,5.451076233825652,0.7588193074486546,3.7668340838159824,9.125453719012055,-2.045215282783462,-0.690150248369858
2024-01-24,2024-01-25,AG2406,AG,-0.000848896434634927,-0.0012047157467713634,-0.001923163826445311,-0.4208956507989168,17.082040725302004,13.955132636206176,0.4597476182399305,9.104542339683553,6.3510358743171045,7.996547236415806,5.536389838918447,7.521117607661265,17.900932487797405,11.023632634729557,23.007502550545773
2024-01-24,2024-01-25,AU2406,AU,-0.003962460896767439,-0.002044350587886518,-0.0015805366028615417,-5.693721867754344,2.1384093000680826,-4.736817233469594,-0.3915697677381882,1.594929288420123,-0.004770340951642638,6.560634142212691,2.2708008180195653,4.7236293002869365,12.441908596153883,-2.065808191189931,9.817740943383695
2024-01-24,2024-01-25,RB2405,RB,-0.0010073029463610883,-0.0005087764037502211,-0.00037777524260218797,8.911338624682493,13.926167799996614,14.003113384921416,6.530464958844039,7.414946453890851,6.616022546361746,7.984647082135033,1.8535637256599924,4.462050056069656,14.93507185463565,1.7636453115828419,6.6724996531451835
2024-01-25,2024-01-26,AG2406,AG,0.0035653650254667824,0.007327288469961873,0.014009023888319816,-9.237328934903076,19.427935150735188,6.138133877659527,-6.746062223492859,11.85573256219794,1.130433399033659,4.750041057134266,6.666149984180904,8.108110283418618,8.781539716728847,10.748283255840283,-1.8375751543655845
2024-01-25,2024-01-26,AU2406,AU,0.0030546489245961705,0.0005006466790708547,0.000603899292333963,0.19119599557345213,-2.4072621750086847,-2.120717617969092,0.10099274393977842,2.0556777941476776,1.5017577668930793,8.000897949008834,1.8328331823346968,4.7325755185614,7.678879229851314,1.316553269059228,3.1626856947595248
2024-01-25,2024-01-26,RB2405,RB,0.003029537995455689,0.004037350929497152,0.003706275948555832,-5.612050649482451,6.09078958647334,-4.532667787450226,-0.11545752880876314,7.243159697965297,1.1512401036165958,6.730448445534942,2.2990785922369215,5.126886359260458,9.649818168968258,6.563927794511703,0.09614062023091391
2024-01-26,2024-01-29,AG2406,AG,0.00406366407043679,0.0008492569512553284,0.0012714069427772797,-3.637405878064092,15.082800133326863,9.996621214667236,0.4151402741890884,8.01571893881161,5.917970240377414,4.7085766986087645,2.146300573245073,5.977890492943819,7.787323753785311,-4.151842550558763,6.902280296934636
2024-01-26,2024-01-29,AU2406,AU,0.002752637944696934,0.0007534849031606908,0.0006634192472163529,-0.2572378291156574,-0.1293850527770748,-2.0737281413724915,-0.20437618556542558,0.028379933225308296,-2.1834602265984793,4.974133629875564,0.9614365224920269,3.931144800923073,-3.345348360532207,-1.7607789336651574,-0.5843137666691612
2024-01-26,2024-01-29,RB2405,RB,-0.0012584948401711538,-0.0015136228924134952,-0.0011993516533361668,5.625762784328475,7.770832743324604,8.07350361241257,5.767387892575973,6.880050022404232,6.941506100438723,6.561936856922491,2.487094983658821,4.91440744031944,12.014277327207887,5.14294812566148,7.136283506133581
2024-01-29,2024-01-30,AG2406,AG,0.004882976932143457,-0.0008462385205014983,-0.0012207115287031082,0.29715907394991836,12.458999455583088,10.813643306262506,-0.15732158989721245,6.717161854495444,3.960723714652818,7.852669028199982,1.9454165569714068,5.192023672346312,14.924221306188183,-1.7701516119864256,8.35272514561157
2024-01-29,2024-01-30,AU2406,AU,0.0014553014553013721,0.0002502711283606591,0.00023045399900962384,0.767988542583061,0.6320548695094312,-0.5663245261768015,0.8910604540413902,0.6373528603608407,-0.5210306634527417,5.305980689826364,0.8740329335407525,3.9161520642315804,9.125453719012055,-3.492495213444828,0.42843940997368357
2024-01-29,2024-01-30,RB2410,RB,-0.012693577050012728,0.002786575584020025,0.0038899486469086615,6.927803020110906,15.912132148756339,13.309631225852149,4.855249615113911,11.62747537184273,9.471214380695095,8.52970639373055,4.000264274485114,6.464415758010848,18.63325729788299,-1.289355159896191,0.9027699699948742
2024-01-30,2024-01-31,AG2406,AG,-0.00167897918065818,0.0015165560240890177,0.002061385518923754,-1.0173928171124098,4.241718723635326,2.3788264618297763,0.705481770245449,2.0782477345987624,0.3353257250039978,5.553602968120318,2.37214114338248,4.819621572132916,0.4893336754591831,-1.914180021030156,1.9465280528675466
2024-01-30,2024-01-31,AU2406,AU,0.0003318538183929576,0.00029110265732770237,0.0002507459482225148,3.2113518811444015,0.8834114517743878,2.101744355056943,1.5976479412875872,0.5644850151607508,0.09001635681086428,4.884652332438118,2.747935488374466,4.518861387850654,7.132281728574582,0.8052237572970923,2.966948566808773
2024-01-30,2024-01-31,RB2410,RB,-0.007727975270479082,-0.0015220703090687295,-0.002312531133333715,3.8113857269811007,8.85399438378368,7.901772787507624,3.912568178787851,11.56402730414551,10.754101524797372,14.923869026484399,4.378250417337642,8.610533058051598,22.88306493447892,2.9779149382331704,10.404191991614505
2024-01-31,2024-02-01,AG2406,AG,-0.005707570924962213,-0.002012748079697121,-0.002730507794591944,-0.5557815091274332,2.697603690589581,1.2601123546824486,0.29505011192778996,4.535225200329005,3.614539434600918,7.971077600670568,2.62911597793472,4.618218702497263,4.136245786467123,2.8025302993286845,3.366453862875579
2024-01-31,2024-02-01,AU2406,AU,0.0015746073840798847,0.0009130146716573832,0.0009233874972890009,-2.5808830686425024,-3.248265871970195,-6.021664311232822,-0.9705496856736442,0.5483433371950439,-1.7317006962017891,6.533097528745461,2.4365294711438255,4.646427307505507,7.447329907349852,-0.9264925224825794,3.8397814860624737
2024-01-31,2024-02-01,RB2405,RB,0.0,-0.0007669692310010146,-0.0008301911813779993,7.905440369629895,9.103143767520804,12.504727007840398,6.1952668399692765,11.044880220228585,12.497771669104896,8.463177258188008,-2.3993574139292466,4.873771400539091,16.928243845073116,-7.131956259105833,-5.504161225320177
2024-02-01,2024-02-02,AG2406,AG,0.009169638308711203,0.0018482740706445362,0.002422359488505112,9.315308551129945,1.8157964109867546,9.50597880812362,3.414168289415735,4.507148306820313,6.328058914023976,7.931535979756031,2.3399778005701677,5.022729626501959,8.819514341526231,12.096622317534608,3.4853197774235403
2024-02-01,2024-02-02,AU2406,AU,0.0071784232365144085,0.0007461449525409994,0.000774814356170285,0.890420268342941,-3.1860332180409343,-2.3396644140943845,0.3131043460918983,0.21137588087155335,-0.8200515899472518,5.33951584958274,2.894932152639564,4.814158127782116,2.805363150589154,-0.5089694559648675,3.350563250056233
2024-02-01,2024-02-02,RB2405,RB,-0.011116856256463303,-0.000258498127328049,-0.00022368434497232784,10.05784429164801,12.988228012642791,16.647539810416333,6.937829465864267,11.103838303344357,12.209004477239287,6.227953224022514,3.838702967078752,5.31674403787584,2.9634911233535774,9.315548586880977,-1.554396140099706
2024-02-02,2024-02-05,AG2406,AG,-0.01463907117617369,-0.005756873332394413,-0.01177153437142558,13.292330653182816,5.833753896814271,22.43804715164554,12.29323512245427,3.6078017672451024,13.864605216302182,-3.8367901243445166,7.071932301216975,3.4952638673729672,-19.54916698637095,3.248677834433418,-7.295258755707598
2024-02-02,2024-02-05,AU2406,AU,-0.006880639446252834,-0.002941726966559273,-0.00478279129335356,2.1012529095154684,2.6857821871142775,6.552298978043781,6.8436538507836016,1.3070360359208633,7.051729631899882,2.1043051770886447,4.73714550537446,3.9889521517441424,5.195738066738868,1.000805989897026,-0.7770895288231996
2024-02-02,2024-02-05,RB2410,RB,0.0026267402153927755,-0.00025936973300636786,-0.0004017447731200955,7.668649112536268,15.528310213381499,17.624661961140752,6.569858718922607,13.435381824010143,14.320705963742652,5.686192439268689,4.332277613852385,4.340371634960009,2.6065755551368954,-15.822876570139252,-5.054320771789958
2024-02-05,2024-02-06,AU2406,AU,-0.00037387836490532234,-8.239947268988568e-05,-0.000141126681099359,1.717253125795671,-0.5457718793993744,2.302740820558694,1.8487038460810814,3.3345099070464856,4.777955368981439,5.048024221296422,-0.08758859643901175,4.188236330548945,2.9634911233535774,-19.486920600430594,-1.3259529351348727
2024-02-05,2024-02-06,RB2410,RB,0.0,-0.00236127618567982,-0.002963778167302989,2.5903530010140248,13.899560170072364,10.748828715291268,4.645800917538355,11.655928861057415,9.8183277806468,3.0475808430373363,1.2527923625176678,3.6507265468279857,-2.3634581478929566,2.4597908796919388,-3.455167226463547
2024-02-06,2024-02-07,AG2406,AG,-0.0058459422283356766,-0.0029072273576098615,-0.0030756569064014096,2.2069945545476615,5.242329992904937,1.7542088603802468,1.9479460315723296,5.977815826379063,4.782160915951802,9.62275331890597,1.027110736857605,2.0173285519009454,22.457894713617236,-3.400157051299609,0.2540737993847978
2024-02-06,2024-02-07,AU2406,AU,0.0033661638199726784,-0.0013284625002559617,-0.0011034674817513982,3.7804281212721156,-4.762747660905434,-1.7277061728600573,3.31459671310464,-0.4440432310808129,1.8061558831697417,4.995011210555481,2.783321393266587,3.7543147605475067,12.147898874426515,-2.1659781129311115,8.414770281654238
2024-02-06,2024-02-07,RB2405,RB,0.0013037809647979959,-0.001305312807710166,-0.001426366149867901,5.863086849502312,15.494551823211053,12.923489693494647,6.0971478542935955,10.595041343800272,9.264328848771214,5.403180778082579,1.029656538509612,3.4320449675773457,2.9634911233535774,2.233581817616697,0.12786532842476692
2024-02-07,2024-02-08,AG2406,AG,0.006740407881092203,-0.0013745706631665985,-0.0013434562214243533,3.3164052710026795,2.0485201886724305,1.997921184727414,3.0142316343767206,4.881323820172053,5.247364163486498,5.727345813210663,0.05956833473849766,2.6867416276460783,2.6065755551368954,-0.6456335498284159,-3.455167226463547
2024-02-07,2024-02-08,RB2405,RB,0.00338453527727145,-0.00026072220197230543,-0.00016819470322178005,7.298168876813943,15.137489833158675,14.052105109365595,6.641921779901095,9.127697069934127,8.640023184668879,5.6595130868945285,1.4860995418425,4.016248146293939,2.9634911233535774,1.788715116790842,1.2082129358147993
2024-02-08,2024-02-19,AG2406,AG,-0.00617902471609888,0.0006915629597891367,0.0005793183243273576,5.816115606397172,5.8951984429258495,6.727432196884321,5.313417913469647,3.1396061128842607,4.234994704902663,1.9359074467153607,0.3201382506942645,2.3798896275085006,4.053150044297636,-3.1220235687699978,-0.33081281695157705
2024-02-08,2024-02-19,AU2406,AU,-0.0014515593895155776,0.00028988508330135137,0.0002501807370652481,3.5394698902919135,-1.5431197215411276,-0.029169362383731468,2.7885208314180066,-0.3327329647868922,0.32608347478642763,2.9420366251569265,2.8677127676224203,3.9663941495181843,8.544282033364658,-2.6593550960533214,1.9282980933734637
2024-02-08,2024-02-19,RB2405,RB,-0.017797265927263384,0.00026038276413224194,0.00017108397540645376,7.240410006978506,9.490325551190866,8.224225547967531,6.763490870649914,6.587142824102125,6.2697720699777975,-0.07826616975846831,4.024181092846039,6.15764797785638,-8.781738160299454,4.527032396024385,6.920431230272559
2024-02-19,2024-02-20,AG2406,AG,-0.0036981005210959816,0.027598467105617717,0.018135409365428613,-97.57990432273928,2.065790009189271,-108.33427176540134,-49.0947224388293,3.733175795510409,-55.71192765273262,-19.404364050288606,0.3982114687167096,-2.773300792026051,-18.087244120921326,1.7618814470667705,-15.400958232689947
2024-02-19,2024-02-20,AU2406,AU,0.0,-0.004262633971052802,-0.003238519137320428,19.621354325710623,-1.558404915663012,17.67108485891824,13.963222491455262,0.4835307801902835,13.975009136212154,5.104887570341572,2.911178549052002,3.4006505963231035,4.961110236412813,1.2986007404193018,1.7470665327608261
2024-02-19,2024-02-20,RB2405,RB,-0.013666228646517786,0.005950088696617456,0.004887920893249456,-4.154902967812925,2.738507525823499,-14.886296596700573,-3.321663551409129,8.348860456215391,-2.028820231948608,8.32830914598373,-1.982634860767666,4.6361625003930795,13.571271395531925,-7.8590166612856125,-17.578601023729313
2024-02-20,2024-02-21,AG2406,AG,-0.0006722689075630006,-0.0003361344569463912,-0.00020217455926061734,1.9332952839213795,0.47033193583371435,2.351049014784934,-1.9728318116365697,3.70165294987515,1.0109759786119112,-8.259945354633118,2.205735531557517,-0.005842325213468863,-31.925139450682984,16.388083641320225,-27.330418349205033
2024-02-20,2024-02-21,AU2406,AU,-0.0014942099364961825,-0.0007063174151589693,-0.0005166277806996051,3.733407601283061,-6.194416824500626,-2.7510012002430164,3.230560745317265,0.2082819094645494,2.6314774795917404,4.454105110144577,2.3520471199161808,3.2867887290516906,2.6065755551368954,5.037839004811348,1.4730840304882669
2024-02-20,2024-02-21,RB2405,RB,0.010125233146815793,-0.0007881256154697187,-0.0009904141406426612,6.2811842571288015,6.881600966860816,8.476512491468913,4.787020069357899,11.197109691724076,11.124008727497051,9.047598476712022,-2.588137480092722,4.600420842687916,15.430621667339897,-10.021309862508538,-4.73097549141323
2024-02-21,2024-02-22,AG2406,AG,-0.0011782528193906572,0.0038730367518372867,0.0030010060431830314,-4.900246855121799,6.200860338921164,0.7945004717464328,-4.089386030933331,4.415615023125806,-1.5061930192918216,-16.201525992858794,2.1303098450657476,-0.3281111191121079,-50.85689165139975,1.1982305605482892,-32.79317196398412
2024-02-21,2024-02-22,AU2406,AU,-0.0011219147344802005,0.0013706313279020403,0.0014206487228679448,1.14960302372736,-6.303649494799361,-6.706061448500961,0.7440937049100622,1.0298746882097314,0.48948456311265787,3.644120888590544,-1.1624245941017413,2.8867624503350844,1.0122594258000732,-13.529805025959558,-3.2347491439957095
2024-02-21,2024-02-22,RB2410,RB,0.004259850905218299,0.0013360055427421298,0.004008016628226389,5.665435498790725,25.49046182065809,21.982734953807494,4.693619049513242,18.289871645186278,14.93297925461872,5.681840213704321,10.28261802092527,12.545898270757313,3.3029025387719204,5.632636786582958,13.938038843302156
2024-02-22,2024-02-23,AG2406,AG,-0.009097035040431245,-0.0008412552023015848,-0.000649238874365696,-5.767008810211959,3.0563065536003844,-3.19210364901278,-4.464628633648718,2.501542273462775,-2.774597296546465,2.650217913360003,3.299848618989734,4.899698121332039,21.4457386512278,2.786761195543745,10.473849655438496
2024-02-22,2024-02-23,AU2406,AU,-0.0017898022892820498,0.0003740415229695956,0.00028130756504078565,2.802028178995519,-4.184374949986916,-2.413808425379404,1.898789737903176,0.06967790497327986,0.6314028672239611,6.9051193031737315,2.5417934892543497,4.681288182680172,5.685707239413843,1.2986007404193018,3.8397814860624737
2024-02-22,2024-02-23,RB2405,RB,-0.0018435607058203685,-0.0023768662979320025,-0.0028872247826323273,1.1029506967554035,11.279245959135993,6.490643703339687,3.6911543797137245,9.252063548223376,6.591112882890133,4.255093848149323,0.5333804624501103,3.049145663369967,2.833745572869698,0.9815923946868778,-0.7929310975394813
2024-02-23,2024-02-26,AG2406,AG,0.0011862396204034287,0.00033698399644917557,0.0003327210805745627,-20.90481481769799,-1.2431155367580398,-19.406554685477175,-4.160331268323117,2.7753288415005524,-1.5994319189338477,1.447357923275946,2.679931604882567,4.43087460855402,5.971203733619582,2.759754850053704,4.556870798700718
2024-02-23,2024-02-26,AU2406,AU,0.0028695001247609486,-0.0005825566076869576,-0.0007866820006965278,3.488014518685193,-0.45422904281910936,2.032803895032722,2.9513710058118905,3.2264051147852983,5.125226153655628,7.386091988033262,2.7190909798216825,4.563699172251318,5.685707239413843,2.9960658118396335,3.136654737293718
2024-02-23,2024-02-26,RB2410,RB,-0.011140583554376637,0.0018540595961408458,0.0016514623840250746,7.340917278253896,10.48940420382912,8.35517199724811,4.497481598220868,10.142802623371116,8.303186166270772,10.29999906554864,0.9980500670058645,4.6753990762092,17.69224316201258,0.9815923946868778,1.1709631056297702
2024-02-26,2024-02-27,AG2406,AG,0.0018745739604635325,0.0032249879432283174,0.0034640077049274474,5.951170046750835,1.155690484040126,6.900829708098248,2.1446725136429516,2.5401741094768022,2.802919129188046,7.150991745770246,2.4708593132032495,4.5869082396322005,7.447329907349852,-2.0051619288151032,5.253212889643975
2024-02-26,2024-02-27,AU2406,AU,0.000788676269146249,0.002665113595475923,0.0038530931987640297,3.126573282527535,9.344176064645305,11.346400825709729,0.8613853154192475,5.007453375042848,3.1950018197568193,7.517960990930737,2.846717726712054,5.225610374686638,1.2237611855270045,-4.967433839279743,0.3903533428222581
2024-02-26,2024-02-27,RB2405,RB,0.022186581128040617,-0.00026388705787122406,-0.00033890479992132726,10.82926632583303,11.926297871206378,17.62165345563492,6.992447087665976,12.199230654620347,13.892062172367993,5.7653528385834925,0.8846727029240578,4.2761854894195706,2.6065755551368954,10.428450343407091,-5.790207173488684
2024-02-27,2024-02-28,AG2406,AG,-0.005264945652173947,-0.00679350438839809,-0.005760248020006788,5.438401944135874,10.526785504436853,8.47892496787512,3.6796532255732135,6.121700115058527,6.973022701698187,3.043463158791958,1.954801343698938,1.9678544667430227,-16.15179676531835,-0.8078730560615129,-6.065834168589356
2024-02-27,2024-02-28,AU2406,AU,-0.0019461697722567006,-0.0009957267552978249,-0.001550924072732739,0.21825839663106006,9.8413261731732,9.181344301673562,2.1899290834763,6.023217781933423,6.7555121739757755,7.321481854259557,4.198954702233161,5.652670625474676,7.678879229851314,-6.220413759099705,4.714666172327513
2024-02-27,2024-02-28,RB2405,RB,-0.0031397174254317317,-0.0021361823877658706,-0.002746717927375989,1.5415647845871954,-4.6560160305352785,-13.573781294199117,4.755482475207388,-1.0961317286153927,-5.105194155431672,5.958111816509411,-6.551132587960303,-3.1773046901583637,2.9634911233535774,0.6463435653025992,-14.382895619894867
2024-02-28,2024-02-29,AG2406,AG,0.004102564102564044,0.0015297020064573273,0.0013641581578637326,4.4380985763237,0.5391682728167799,1.2997399291749736,2.784957439100294,4.543472319053564,4.688673342437627,4.210783759021071,3.21227357894976,4.174544805112948,1.3691749940167544,9.119090291221893,5.8306513848701265
2024-02-28,2024-02-29,AU2406,AU,0.001286360429893385,0.0016576879055019828,0.0024006979854812043,-4.901074958817456,-0.00023382813528316504,-5.325161543843519,-3.377505466179495,4.377857882116857,-0.07628119874586359,7.876410061727585,0.21884010002261184,5.6011997464842205,12.034422554876206,-17.79182415607246,-0.9873899420359142
2024-02-28,2024-02-29,RB2405,RB,-0.0031578947368421373,-0.000523149371073552,-0.0004834548505813373,10.217784974356352,11.78009431017176,15.755191172452903,7.5941893183678,9.328162746117803,11.230906316010216,5.686192439268689,2.1762099684659897,4.197963161850501,2.6065755551368954,2.3765875171713837,-0.13682238548468045
2024-02-29,2024-03-01,AG2406,AG,0.010940170940170857,-0.0011958658638800772,-0.0008214029872734826,1.8941648398670927,5.718606403889638,4.030875563731529,3.89579861326521,3.6353318421897685,4.004601641453895,3.70104728873085,2.0501983814396443,2.738597986695382,2.021579334977048,2.2548653839524624,1.4730840304882669
2024-02-29,2024-03-01,AU2406,AU,0.005853051058530401,-0.0001659682174674038,-0.00025069757419767555,1.127762404846373,7.345333445081839,6.849530490719322,1.2341116715319678,5.346099444678085,4.880870983239657,7.6101603048369775,3.921210222148665,5.155835087356828,7.678879229851314,-4.172863115454379,3.634647531847966
2024-02-29,2024-03-01,RB2405,RB,-0.006599788806758156,-0.002628122406269469,-0.0034916798128042984,7.561490334505562,13.52231854713247,12.508818264499446,6.608130121784686,11.089532903724614,11.545838374462884,12.932577132016577,1.6297638181498408,3.0367031656657977,50.367608498878354,2.602284323090303,7.95177138648881
2024-03-01,2024-03-04,AG2406,AG,0.011836320595197902,-0.004094171532663226,-0.005663342396037295,1.843869463796477,2.0975641442524493,2.0142853555789024,5.148431051936053,1.6419314131170388,3.219290839120082,-2.0794244588633006,1.251203693405908,0.6965394784976956,-5.726051226421838,-0.0680308281548577,-4.912414664480123
2024-03-01,2024-03-04,AU2406,AU,0.01050030883261277,-0.001659063010160342,-0.004220069341308863,0.15073155992254117,16.384570420434578,15.180572048512468,3.484678061692351,9.052147167502408,10.586195480770698,5.960553034146003,5.621869320682079,6.331019559641719,15.301063327174413,-3.3511836376293345,2.3463304310409536
2024-03-01,2024-03-04,RB2410,RB,0.0018701576275714782,-0.0015948966698160025,-0.00270023318452065,7.721464434763159,14.949037347425897,15.513643368108738,6.099272274943548,13.87488488631238,14.131869743892405,7.849337870307169,0.870796902889543,4.587365986785774,2.9634911233535774,-13.620971239429508,-10.178351814098772
2024-03-04,2024-03-05,AG2412,AG,0.020380888740394232,-0.0001692476944042079,-0.0004715850345442882,5.944975610460668,13.603467854063094,12.899689794924031,4.239473222834825,7.8205139616621775,7.155678022613333,4.2970629036222565,7.156660217923578,5.311026906939463,2.6065755551368954,3.368897009929202,2.1941337654495583
2024-03-04,2024-03-05,AU2406,AU,0.014109778973982579,0.0022260706694392333,0.0066782120083177,-10.516318426144352,23.629331007189517,10.937272912515615,-4.638371217881605,13.417422971985449,4.9729902254060585,7.982773206321802,7.519985816004097,8.967563085913246,18.803711359804627,9.481852911390622,19.523005525617464
2024-03-04,2024-03-05,RB2405,RB,-0.006139882541377428,-0.003194040511549894,-0.0052820590816410745,9.807765787252759,15.235156544427543,18.814700484338054,8.949201102130278,10.79202603196567,12.935833079660112,0.4046002727811229,8.419682147770825,6.024872477641295,2.1682974511365796,6.097077772482721,19.23542010289209
2024-03-05,2024-03-06,AG2406,AG,-0.003265839320705455,0.0008352126101491376,0.0020324964867101743,1.1310906612969513,-2.237897007443554,-8.350776216138833,4.794450569468183,0.08300637196832383,-0.5816864524877077,2.084185879826986,7.104320341180656,2.921838061542728,6.761138180715933,17.78871474790166,0.15877646454668295
2024-03-05,2024-03-06,AU2406,AU,0.00413123696454365,-0.0007337654725701858,-0.0022012964177105573,0.2683672813361402,37.15957310653245,31.77883708986537,1.6424580072592776,20.46917386275114,17.948867305700393,7.775346675057029,8.037378257562438,7.16924692241687,14.726443908243365,9.481852911390622,12.38484788129252
2024-03-05,2024-03-06,RB2405,RB,-0.0008075370121130021,-0.0042621268569418835,-0.004817617084778417,6.108849855561433,6.954353082973951,5.162707364194327,6.158037733303411,9.591376954091206,9.81506912944679,-42.729660018251955,7.495917714012315,-18.93808131848948,-56.360306589925514,27.376189629691684,-24.903353107761042
2024-03-06,2024-03-07,AG2406,AG,0.0034313725490195957,0.0022887046119333438,0.004830098897583054,8.531462961982601,2.4527969735475414,7.4129192580205245,5.585971564436486,4.205568385316001,7.073806927262288,7.634795542102026,7.235690125864039,8.044577772746841,5.685707239413843,10.37228690300342,10.78801737747234
2024-03-06,2024-03-07,AU2406,AU,0.007929866507272454,0.002570282539512968,0.007710847618538904,-3.733151967815669,32.95863979298146,29.593779101558113,0.3821398854717146,18.655807883566062,16.36314207892667,9.409739484242008,7.806947545447891,10.317801300551134,26.07199820136112,3.4007764615954987,23.301987696121856
2024-03-06,2024-03-07,RB2405,RB,-0.0005390835579515141,-0.002151116720857407,-0.0024064712982856807,7.111790369253769,21.200320861296422,19.61550086678056,8.021924728242775,13.885154773687756,14.867473691056432,10.122718034855518,7.413327112759595,9.321428830512634,3.013275615373686,23.125156557688587,13.110291963764007
2024-03-07,2024-03-08,AG2406,AG,0.0017880364109232882,0.00261780254207888,0.004484731829894431,2.843972427172049,1.2868003839312143,5.618664567495925,4.599421277162168,2.2834714376093963,4.582723773073857,10.289730019387076,5.769794015729053,6.574372341884849,28.422043893766347,9.899187928310031,23.044197682767074
2024-03-07,2024-03-08,AU2406,AU,0.00031613056192192346,0.0023937773249888003,0.007181331974966401,2.35831963530537,22.857846233229196,23.487110178970283,3.523044739375208,11.918873117936148,12.442697017879185,9.652598366269228,6.740330207831977,10.818789759383357,26.07199820136112,11.679903739785487,25.32146219595464
2024-03-07,2024-03-08,RB2405,RB,-0.005121293800539051,-0.0005389383046103813,-0.0005806140536741111,12.758179170144576,13.146446602047307,18.792934750088442,8.410963006736516,11.476305380915019,13.766147067300793,5.773474146093271,4.76984085859306,5.774951447725057,2.021579334977048,15.485687467606384,6.3407526835777235
2024-03-08,2024-03-11,AG2406,AG,-0.0014596172559195875,0.0017896368560805806,0.002300470349274497,-0.6785603305312646,3.3612531260148013,2.3587437118503662,2.9012926784218283,1.779161763215827,2.2679200620914624,9.325097468367902,4.557585136632156,5.341634722250876,17.891600983485276,8.871221602693204,11.126924109708291
2024-03-08,2024-03-11,AU2406,AU,0.002564102564102555,0.00047430830928740157,0.0012648462634187367,-0.9271208801908086,13.290840499734655,10.183563808654561,0.8198056824120425,6.576572093797066,5.196253958720093,5.954649856971191,5.962274509672682,8.54739192714438,9.105179312884449,8.286653659009767,14.873422409861048
2024-03-08,2024-03-11,RB2405,RB,-0.021969080553295384,0.0005392289157349521,0.0005730734818606871,10.504409574448186,14.279947317989427,18.03237646524346,8.562490538687987,12.520258125376746,15.00417135298012,5.863719756919917,2.1038256503069266,4.085421558860433,2.9634911233535774,-9.454782370499657,-3.025431812761735
2024-03-11,2024-03-12,AG2406,AG,-0.0009738678785911059,0.00048665748385254493,0.0008858649541834164,0.1678520613671748,6.739321550807116,3.5710454362654356,1.9057616105684194,4.379023342192351,3.3790640559007485,6.845295538242522,5.555152358003693,7.351113123644489,9.33672863538591,4.4058596888513,18.12150476266393
2024-03-11,2024-03-12,AU2406,AU,-0.0013007489160424823,0.0014211276669355392,0.004263383000806618,1.179208155641903,18.40142775811629,18.910043019784407,1.533648212974605,10.983927375347978,10.349022500301222,7.238560122424636,8.02368591799212,9.487381739021323,9.262724854631756,20.483029933174368,18.41796760524559
2024-03-11,2024-03-12,RB2405,RB,0.008879023307436285,-0.0010843047958540779,-0.0015443326280273266,7.616216431101594,13.078319738374402,16.792879478778307,6.949263590064158,13.919309259016252,15.948744780134211,6.468498633961799,6.998171590287868,12.111121706783395,2.9634911233535774,27.43840758165331,13.486701563138693
2024-03-12,2024-03-13,AG2406,AG,-0.0014622258326564275,0.0006494561033605272,0.0005414070766251057,-0.4819575184233651,-2.062255741124203,-4.614330966696963,1.576779583090099,1.3657152255510456,0.9244885629030426,8.323658780391769,5.078460918781207,5.816776583862648,7.678879229851314,11.6262255079469,12.737833420848386
2024-03-12,2024-03-13,AU2406,AU,-0.0005929791271347407,-0.001772177287675414,-0.0027672347614996354,0.5524639005858689,-3.7030254748730624,-3.396710461519774,0.012450318779108738,0.5666774296742201,-0.07699786585909463,9.7971200706824,5.899973605591065,7.032528450782785,11.562686050879059,6.0444835512861905,17.40163991688611
2024-03-12,2024-03-13,RB2405,RB,-0.014305364511691843,-0.0005547850350340463,-0.0005709452162265201,7.213401695532339,15.898605074107298,13.975941880492854,6.725475645955418,9.845754136899842,8.89450450593776,5.719155705172852,3.453669166818974,4.853626059823767,2.9634911233535774,17.83296716621063,16.14672809197002
2024-03-13,2024-03-14,AG2412,AG,0.02048114434330306,0.0012999676838820562,0.001832445238920737,3.1839774873268682,10.91107552853714,8.754226931420755,2.257642942646105,6.707185678731179,5.474129360692204,7.247612401768094,8.065400285962498,7.214326720691084,1.4425963437537936,16.466830399591643,14.626302002970228
2024-03-13,2024-03-14,AU2406,AU,7.900454276121849e-05,-0.0016194975198442255,-0.003037453834921323,6.954427532368198,12.34654577424755,16.196431254492044,3.472558071653604,5.69364535014525,6.975617455867203,5.294905171817775,7.2180883768115365,7.670294939175737,13.14758744387671,2.8744457542373256,15.916633541978703
2024-03-13,2024-03-14,RB2405,RB,-0.0225815444661277,-0.0002750653297497616,-0.00030891075934397715,7.553164632368626,11.157383750301861,15.398413693923612,6.631120280839291,12.037186207507744,14.028011442464164,5.860403886014516,4.680944312942636,6.893311971943205,2.9634911233535774,33.849058343324764,23.942707994003715
2024-03-14,2024-03-15,AG2406,AG,0.010191082802547768,0.004869349014182145,0.011044641978885782,-4.132380481514701,-13.248900715136186,-18.158355304335537,0.2071842750232098,-4.200310183849247,-8.387208468368716,12.2161484222039,9.233342658491887,13.449930197169767,26.070364736151564,32.13436303725192,43.33836854531012
2024-03-14,2024-03-15,AU2406,AU,0.006098043874237735,0.001343979963546444,0.002132831203644681,1.716087670325024,-4.385082246958984,-4.070183118418363,1.5977114198198028,1.1808487991771206,1.3046251471435446,3.243402559795838,8.403950591022369,6.469213304320187,9.994975370136345,27.468368807518015,17.481725033002178
2024-03-14,2024-03-15,RB2405,RB,-0.0028571428571428914,0.0011157602273286714,0.0019433683966424912,8.441359192263057,19.709222896907836,24.75367623054219,6.391308688724776,17.25457860183173,19.151298836002226,7.3550486880419355,17.20361442025329,20.152121482147713,4.091391110077022,49.041598840896015,52.43489368744036
2024-03-15,2024-03-18,AG2406,AG,-0.0026792750197005555,-0.0011140289208167074,-0.0016794598121569564,2.6781917777392104,-10.757214878170332,-14.514003080652047,2.242765875728873,-4.654545134395856,-7.074554401863891,7.04952914426925,7.8407778775117976,7.585006927806114,10.14919005030883,21.687300956883654,11.225450764606835
2024-03-15,2024-03-18,AU2406,AU,-0.0047782648185443755,-0.0024915478274506143,-0.003063055094931189,15.260948820441161,2.270885410043496,15.65373687222908,9.194017081231182,0.48498561521132233,7.234916149546674,3.3691929103442315,5.648583687551774,4.997361863848986,5.270034596481131,11.316386556976553,13.657658113790493
2024-03-15,2024-03-18,RB2405,RB,0.007167431192660612,-0.0017128180036747164,-0.002533732492398048,9.258339366099696,20.941205122458456,23.538290415682205,5.973063080434759,16.67494841544373,16.98826278558686,12.22530306467795,0.4487144896613655,6.196538252036045,20.990441547933134,-31.89634634100406,14.693873512893903
2024-03-18,2024-03-19,AG2406,AG,-0.00927089880578258,0.00015761683380415475,0.00029143664596785257,0.8434196546224699,-3.1786807802351578,-7.1595308888699805,2.2027754053719955,1.2723867458711635,-0.015047318057971548,8.004840445250615,8.884746752150546,9.61409527443018,7.678879229851314,6.3112612675548405,12.863003530035796
2024-03-18,2024-03-19,AU2406,AU,-0.0019359936783879261,-0.003351011395032759,-0.004626230823335616,5.151818804885641,-3.50761399125552,-1.5184845245302192,3.2275389479308507,1.0686103548038304,2.7588495371289543,-24.1891405292476,5.922564136772557,-13.238730261083617,-43.316753725292294,-3.5359075215987175,-32.422053300313216
2024-03-18,2024-03-19,RB2405,RB,0.01563388288800449,-0.0005732301676025764,-0.0012809807855452102,5.155785546263368,16.276879558244477,13.267903811696002,6.007812236970928,11.134665162470728,9.449891509295897,5.6595130868945285,5.984856110510671,6.648205208818387,2.9634911233535774,16.79919550777986,-8.419543590628672
2024-03-19,2024-03-20,AG2406,AG,0.003647320012686306,0.005672880010187741,0.0055279412789146715,14.257292772053301,-5.746945265488835,2.6039749373053027,7.742334333445899,-0.05406134301293619,5.183783959459483,7.51775678830476,6.866282574265715,7.112386371588557,3.7022957188566012,30.08086278603937,12.564373985306991
2024-03-19,2024-03-20,AU2406,AU,0.0007123352724682785,0.004276218109531268,0.004371365497103622,6.908661801833617,0.028730677143588235,2.495666205974163,3.83164735319027,1.8791397963864285,2.422603684514124,3.080702617185033,4.964279717069788,4.966192845409749,-13.83565553678743,5.867823883414297,8.259991662022772
2024-03-19,2024-03-20,RB2405,RB,-0.0027932960893854997,0.0014222730316764702,0.0019564243493027946,8.061232584427103,9.8498792415703,9.505410447224381,7.355092643231273,6.05926980268122,6.0267731854279365,2.9856022453882347,1.8576868561445656,3.361613426317978,-13.017721413627205,7.895522568060026,6.466353552047922
2024-03-20,2024-03-21,AG2406,AG,0.031096303347612153,0.0001585917059861931,0.00012451057312469406,-3.5241179502906874,-2.784171573626249,-12.039524490171443,0.9098230481630694,-1.654333986779613,-4.88255432413996,5.32559049828088,8.690115313721886,7.869117838801914,-3.854633064206819,41.59297038664068,19.249780581432976
2024-03-20,2024-03-21,AU2406,AU,0.02070303222231029,0.00031664358071794094,0.0002264862408547348,0.6876617086736747,0.04108299841144092,-2.897505702743808,1.6153459870898086,0.20216660094082384,-0.8960723517546207,4.656061516903532,7.199522278536116,6.375486446068012,5.919468008059821,14.726671594436407,16.056222939768112
2024-03-20,2024-03-21,RB2405,RB,0.013168954889324791,0.0019572213713362303,0.002223724261405636,7.951314167932805,13.8354718925241,13.687061081049409,5.727513002384272,11.025590502764045,10.77531931949992,7.9355496339078835,5.316022614919368,6.912023737405711,7.678879229851314,28.655514053255818,14.214138096620083
2024-03-21,2024-03-22,AG2406,AG,-0.02077519379844961,-0.004116535262195202,-0.005979768430519179,2.8328431265013974,-33.50039525065196,-34.71824597425906,3.8264728298857125,-16.68757893053646,-17.857037026207124,3.046284867821298,-0.0790151514616818,-0.9990349455148864,-34.21235199529758,7.589058696096545,-35.099376013174954
2024-03-21,2024-03-22,AU2406,AU,-0.005858389912706041,-0.0009891393316713215,-0.0017790184443415942,3.5421553049070775,-14.28261079173983,-18.20324900012828,2.8644236405191306,-7.143782185085093,-8.99691837320421,7.004731041276541,5.762194400065331,3.5368523537356333,10.38993138776551,8.249425636588912,12.344568281603033
2024-03-21,2024-03-22,RB2405,RB,0.0008312551953448821,-0.00028015128352441285,-0.00033599088284180865,7.7536234975698,4.73657470177241,3.9839875010821726,6.011750870930372,3.175871076260216,1.8884976771185729,8.27962902221681,3.6146504071523213,5.192277851691015,18.06887895674803,37.94069860146213,37.81776983266234
2024-03-22,2024-03-25,AG2406,AG,0.0011030570438070875,-0.007568188104530668,-0.012210893785831614,-7.18763305741115,-1.6464936802300758,-12.963254804887184,-0.3570999894765068,1.4032238040052376,-2.012304464780335,-37.575223179654785,8.841085651026784,-17.55853256903956,-56.434221195742275,-11.02494667022872,-49.76445044316568
2024-03-22,2024-03-25,AU2406,AU,-0.000233672157962439,-0.00038789759989871746,-0.000686900632826279,0.9516658800039592,3.069103476785533,0.5191061353531197,1.7171068955259288,2.2019001229512494,1.442770878767286,5.354072251740181,7.6508311861918905,7.918531432747745,2.9634911233535774,7.262665840195951,10.726870512870585
2024-03-22,2024-03-25,RB2405,RB,-0.007475083056478371,-0.0019377168692785432,-0.0019593500320581325,3.802883196027799,9.518140366815754,9.43788694483331,4.671746029696989,6.586258364012511,6.244246346561031,6.772680733515872,6.489070374290863,7.131839429023118,9.334417821153407,17.124154736501996,19.55551759491199
2024-03-25,2024-03-26,AG2406,AG,-0.003452605147520438,0.0047385967676081536,0.0059850308938496286,7.1924941192191945,-0.39658453153764706,2.16549817130328,6.997453101302874,2.389045233279301,5.91675115054797,2.536297047683845,6.483831914850564,5.7251909735586075,-12.744586303446056,11.336789638397855,8.333447773926386
2024-03-25,2024-03-26,AU2406,AU,-0.0006996268656714877,0.0020662372607251228,0.003081927927689972,-1.0758598239665496,-1.721285982513923,-4.735859582104625,1.7403687943376291,1.1126363184890944,0.4787202185723358,10.126419090910593,10.60554548843411,10.78633762146713,16.814665380280235,43.82231620009615,28.65995301300834
2024-03-25,2024-03-26,RB2410,RB,-0.02659279778393353,-0.0011013216972200512,-0.0019815671758576627,9.671693019071835,13.812379994463468,17.926204279224365,7.684528228200115,12.436688206826865,14.70465473187012,7.018258274315393,4.767258773692739,5.453796963650262,2.6065755551368954,-7.144299776236383,0.995547048972391
2024-03-26,2024-03-27,AG2406,AG,-0.00470514429109159,0.0029862497634059095,0.0018606248029566191,12.650894392489654,-1.8268984927316958,4.814298046106223,7.493587977895029,1.7691667501486135,6.130277229978033,8.913329118668583,7.634726512095967,7.960100830945002,5.685707239413843,26.333573487032563,15.97846608432515
2024-03-26,2024-03-27,AU2406,AU,-0.001160496692584445,0.002217942892528383,0.0017256530674178562,5.585923388906096,-5.175278685668681,-1.1763958810904889,3.03972633014045,-1.7227504597022039,-0.47267683888093925,7.029672517444119,8.09223961412877,7.624018553231092,7.447329907349852,20.699801344700532,13.608946532890192
2024-03-26,2024-03-27,RB2410,RB,-0.0034266133637921303,-0.0008306798207135847,-0.0024066921471481155,9.844545667603127,22.495844754851383,29.780914416617783,7.600067594434618,20.353676116491,23.437783765210696,6.700828535806323,14.954156255139178,17.39393739754097,2.6065755551368954,30.043306432904743,29.491003115127047
2024-03-27,2024-03-28,AG2406,AG,0.005828607435412803,0.004086128583313655,0.0035160487047344604,14.151063958494401,-1.9606733208176501,4.172213708673756,8.400748392850861,0.4835532919256478,4.854928246820506,4.294540429988945,8.47391995695458,7.78594928897792,-7.658000658491791,15.192578104530963,14.765972849987437
2024-03-27,2024-03-28,AU2406,AU,0.0038610038610038533,0.005469263647941128,0.007550606871944572,-3.6995046911251475,-1.8880302136295817,-5.743091070559222,-0.7263181124519553,0.04920808313437863,-3.101539123749999,5.037273532388031,8.442369650755554,8.128215639632547,-4.234682306544325,16.641150132931415,11.28366905697018
2024-03-27,2024-03-28,RB2405,RB,0.0031700288184437486,-0.0022889852626519942,-0.0027168226295758804,8.971561135330795,8.35744661705538,11.583381963826882,5.296800079217464,9.458923346185761,9.514993160869409,7.982118187775313,9.225948923637999,11.39776975265773,12.92199839674142,53.79580660506632,44.80965920902743
2024-03-28,2024-03-29,AG2406,AG,0.011409815567364756,0.0003151095031587417,0.00024574999591414127,1.3136396280888203,5.387039720801246,-1.2205714427729006,2.566769234387101,1.4486951837927582,-1.1097922021975122,2.869758348626159,7.208776649523052,6.798220738129694,-5.404480019028461,12.797710959521046,15.165482146167058
2024-03-28,2024-03-29,AU2406,AU,0.01563694754549605,0.0030548543700449227,0.0034305236863697132,3.566711020204763,2.832969823273195,5.093761344545054,2.2008197727256524,-0.05952443535349161,0.05737003206124891,6.191273826878172,8.367043709292648,9.076321910765545,-0.595014400276037,16.96585077086404,12.39069664276589
2024-03-28,2024-03-29,RB2405,RB,-0.018129496402877643,-0.002590302211037172,-0.0030900733692356937,6.995052656860652,12.145824438409658,15.079815603200025,6.908817138357312,8.667294601286244,9.621007497102596,7.026303575025063,8.212782138498481,10.427596872222013,12.147898874426515,39.10646180132009,37.711924061558385
2024-03-29,2024-04-01,AG2406,AG,0.0023148148148148806,0.002033952042823635,0.0024685277141593322,-8.662676577522568,-4.713095271467104,-20.587823461147885,-0.8993118316855258,-2.2069247042767515,-8.390147486099275,8.77024712243307,1.651038309932954,3.2225816758862105,18.98014418607496,-3.1271293248663694,-1.0965749591564478
2024-03-29,2024-04-01,AU2406,AU,0.007242549981139046,0.005982071677547469,0.010490812459689325,-25.625430323350166,-14.96644399287513,-38.71000355334191,-9.385968471038293,-7.741233364949832,-19.71364972267264,2.9723809229693186,6.291723429967344,8.711094887880737,-10.461433830158217,10.135818777523786,20.300431941524998
2024-03-29,2024-04-01,RB2410,RB,0.015411456818842595,-0.0011405761145246158,-0.0034217283435738475,5.330377283381738,39.660114116445946,40.06431472264963,6.19483584940678,28.640605020994574,29.363000127072155,6.916870705712154,17.42639258510379,12.010987256056397,14.979648702564742,40.00533792838811,35.68141610695517
2024-04-01,2024-04-02,AG2406,AG,0.0126543209876544,0.0013898542890542977,0.0009370905613491766,-1.1404551335551103,-6.451417935782853,-10.82885614044355,1.8821657013431725,-3.0347112146636155,-4.5639751627833824,5.404943199067724,6.414092531354536,6.725891479633812,2.805363150589154,9.987573396001254,11.06971930480457
2024-04-01,2024-04-02,AU2406,AU,0.003415146738722674,-0.002072539601972201,-0.0026731919881551602,-2.2764608766711847,-6.998096658036216,-11.228584841886883,-1.7383293364946137,-4.996170675983177,-8.946205392957834,7.73173694178662,5.942469875961721,6.083347336037691,10.72858737694408,5.382754029050228,8.409120443673922
2024-04-01,2024-04-02,RB2410,RB,0.002287021154945723,-0.0031934995931392303,-0.00958049877941769,1.0685334647148128,44.98128269946919,36.776156087514096,5.520867241124607,26.83083613698815,23.359399319143396,2.0198156407079804,7.643771646583773,1.1507748920983982,-20.262395703664794,27.260482984169887,-19.907947181875
2024-04-02,2024-04-03,AG2406,AG,0.030500758725341415,-0.0023121397583795024,-0.002726050037803998,2.2137825248411707,-11.025300310333074,-14.071378824624203,2.528411250292346,-6.277402239462339,-8.387793833651974,7.480377970102342,-1.4439175859351712,0.7608409256026197,10.617101405498314,-19.837457556776478,-7.763409966669766
2024-04-02,2024-04-03,AU2406,AU,0.012262599072827784,-0.0020994234298829617,-0.0033038225337395886,-2.574030054064715,1.3240895421668606,-2.693921304527298,-1.031264704803898,-1.6187146960041776,-4.921769287042681,7.275533067874991,7.379660444193323,8.74500994386467,15.831044989054444,6.404798717238008,19.561497542276086
2024-04-02,2024-04-03,RB2410,RB,-0.010571428571428565,0.0017167386190545491,0.005150215857163647,7.225225751794347,49.73093246277876,50.507612909722894,7.893354523207319,31.439814840651525,32.12444802810534,4.657821708693795,14.546377134031905,10.9577097375527,4.742312711316877,18.156092111978683,30.833176140767023
2024-04-03,2024-04-08,AG2406,AG,0.036197121674661936,0.004257913975505964,0.0087480341203579,0.9901629416544573,-28.31345457423823,-33.04325226575568,3.5295487128543757,-14.360050648664469,-16.02275344993054,9.927429043707656,8.33320297949586,14.058366519257442,29.253454141383685,3.9515243289594717,23.45381080800727
2024-04-03,2024-04-08,AU2406,AU,0.016789471754829588,0.00041133028531726575,0.0007554152366271655,-1.7987627912762667,-4.4337109701137045,-12.004894241943566,0.8435630826129743,-4.119396627664276,-7.064465520984989,2.2045895071328245,5.1107861350563235,5.453572758104919,10.180538455585456,8.42870287492948,5.239321676462112
2024-04-03,2024-04-08,RB2410,RB,0.028901734104046284,-0.0017128180036747164,-0.005138454011024149,1.7715343836483513,32.976024611069896,29.33483483651615,4.482391596395129,23.640493031573172,22.42562127465613,14.525416231166288,15.046963193083835,11.362087688994311,27.2269668160461,49.9091669372977,35.427613203396646
2024-04-08,2024-04-09,AG2406,AG,0.009716941275876634,0.012875086412222786,0.019563056829028355,-9.664629520331257,-48.43620982892599,-52.450149665447775,2.884576305580672,-25.783562869591595,-24.478143051057575,3.4125737262173694,-50.368046805593245,-34.17152797401755,21.021273825724666,-113.77697601393538,-56.78812118288507
2024-04-08,2024-04-09,AU2406,AU,0.005633802816901401,0.007469448765524405,0.013470945684038175,-20.88254475617719,-30.1122923868689,-44.7700819066491,-4.5604374117167685,-15.046268573545522,-21.557621026851862,7.423944410865588,-4.789952103998035,2.8521894828337033,11.085864376521979,-49.20139478838224,5.485116147784466
2024-04-08,2024-04-09,RB2410,RB,0.010118043844856706,-0.0008666763506520148,-0.0026000290519560447,7.492142063431464,8.574379590288471,4.244281515536711,7.157530835205961,6.901197143348851,4.824404043668263,8.228272149657789,17.018679853677224,11.05247480351436,6.656983753783443,30.233642408656188,9.841586334675915
2024-04-09,2024-04-10,AG2406,AG,-0.002630485947667127,-0.0037950709685516094,-0.011385212905654828,-3.2115834185755068,-12.700198347271032,-17.016252175922972,-0.9669725179524331,-6.763336890090684,-11.0961356152953,-1.2191630835257266,-24.3070973311657,-24.36875317241868,-26.049103161267052,-44.9490035200123,-21.76434202515319
2024-04-09,2024-04-10,AU2406,AU,0.0013619583527471057,-0.0016959247754691727,-0.0028036380818692247,3.6720237570221173,-7.761356887532191,-5.853175752231593,0.8513130119226,-5.443670120515665,-6.8337584010908685,7.482084072082754,-25.987017078144305,-20.418112026502794,9.278971440271572,-49.25071370273154,-18.767188344514967
2024-04-09,2024-04-10,RB2410,RB,-0.003337969401947194,-0.0005619556202956558,-0.0016858668608869675,7.271449746126246,30.79768639785898,29.951797769110236,6.946251876615348,17.22287969719353,16.74339625185927,5.258505746368513,8.872436728523155,5.462493590347446,2.6065755551368954,5.649340999943463,1.608045440415323
2024-04-10,2024-04-11,AG2406,AG,-0.0018113417862616332,0.007364724457180794,0.01858939216226113,21.998857594301587,7.010816328263915,24.96700710138986,12.447568197828925,2.6477036957512974,11.628837727237038,3.0792156917341567,-20.33369087724444,-15.86594682300235,23.12443756374841,-20.619565068484143,-15.55529911708198
2024-04-10,2024-04-11,AU2406,AU,-0.0020131574217205905,0.001973200991813318,0.0035381769069772226,2.6385779434633596,2.021543520634505,2.502896371856539,3.2006250790944097,0.006172249849016431,0.8078645023256561,6.864898582006997,4.3725622041104835,8.419038242663488,5.9857618706984255,-2.446082823762967,17.269218953919687
2024-04-10,2024-04-11,RB2410,RB,0.009217877094972016,0.0002782028116426384,0.000640751144168164,6.4077174944132,25.473687855795344,27.73415166233884,6.901961575765157,16.478300990224795,18.362740229958575,5.082460631971997,7.547674928688887,6.943574588609307,7.097707544203921,6.643015106400159,3.5682147985208768
2024-04-11,2024-04-12,AG2406,AG,0.03893214682981094,-0.0037549588657748013,-0.009714537641534618,-6.506185420140446,0.7697834539026278,-10.102496645690398,-3.3956244150088404,-0.11475421372748151,-6.577819663633742,9.798530545021931,-21.62594786971241,-20.960972164414688,-3.4431111943236097,-20.619565068484143,-31.060829761767938
2024-04-11,2024-04-12,AU2406,AU,0.02571017619561311,-0.004376217616207037,-0.008413810482398282,-3.076386644529836,2.1677561998908548,-3.168790920584252,-0.12377226614473713,1.0009675682547847,-0.8071911060099697,4.120127947673933,6.466229301260726,5.482971305860411,-1.7149872171172815,-1.9963838123385351,12.339192719503473
2024-04-11,2024-04-12,RB2410,RB,0.003596127247579517,-0.0008376379102078635,-0.00197492395570261,7.290934096532352,22.885698335959603,21.84585453079226,6.657223211938971,12.930003176386869,12.184013322636536,6.1574111327788215,6.344493729963654,5.743286953838851,2.9634911233535774,-4.46508522924201,-1.2440630542727114
2024-04-12,2024-04-15,AG2406,AG,-0.008136587968520792,0.0039008129708539073,0.00817194153240641,8.149866410649498,-42.90308355385852,-43.6218923082956,5.698157724775497,-22.659129755291197,-22.663024553063085,12.391178809286046,-39.863351163156054,-28.068906633380916,54.48202820542234,-71.76825308808768,-37.97647433421134
2024-04-12,2024-04-15,AU2406,AU,-0.01146523614179018,0.0017635102013294215,0.002566839939565669,2.900658151621555,-28.12064173562714,-32.61074539744952,2.7140035280378476,-15.551431579971531,-17.39288987611885,7.57377555869784,-3.2145295720681983,-0.5126439154678502,-2.4323201462279296,-7.702905345099878,-14.89601479589494
2024-04-12,2024-04-15,RB2410,RB,-0.003307607497243681,0.0005534034452248876,0.0009399793482338442,6.909529149410583,21.232822192898553,21.060592992729127,7.08659579699363,11.882265015909134,12.322361241942358,3.11082524193415,4.568818498509188,5.523389719256781,-6.059522044239192,2.022211199356086,3.2197130370582783
2024-04-15,2024-04-16,AG2406,AG,-0.01628838451268355,0.003340239594383466,0.010020718783150398,16.334002085336888,-9.808798847338029,-4.500000736771712,5.846549250587323,-3.860731812804957,-3.683780142472409,10.766998619478516,-32.01162082677458,-21.86460645854872,21.488695062366926,-77.5116671933816,-52.99306008597456
2024-04-15,2024-04-16,AU2406,AU,0.005390453223632852,-0.0001402377031363732,-0.00042071310940911954,5.5973258524024,-18.562206683248633,-16.848770826011986,2.0395198373561167,-7.424896747916972,-8.320060106705037,5.052675036654227,-7.162028643008962,-0.13720463195642818,2.6065755551368954,-14.691594532049766,-19.67211696479802
2024-04-15,2024-04-16,RB2501,RB,-0.003325942350332567,0.0011052778135431378,0.002298236035419032,8.355039704175308,20.893171460621183,22.225238997550967,6.676345994563089,13.721297295973596,14.46983814867602,7.985247839193392,8.348109817477182,8.354796233333087,7.762686912176694,1.3544067375512423,7.376187917651216
2024-04-16,2024-04-17,AG2406,AG,0.003803831001222724,0.007235727669930474,0.016292173984715653,23.66688248683755,12.11372959460047,25.025515649310854,12.111605354934422,6.6671184092613895,14.78144447640766,6.114444452132607,19.550063256346455,17.498007265913813,19.560521531192272,17.027681796490842,20.557968743382514
2024-04-16,2024-04-17,AU2406,AU,0.0013403407287220226,0.00014186409443572718,0.0002582057305151428,1.6236924170762999,-10.904811793991271,-16.78933200633729,2.068067868993921,-6.143998135849338,-8.63977832865437,4.63857056229687,5.495552650267637,7.901432734039428,-4.509675089417549,-9.352729941785265,7.356570619251052
2024-04-16,2024-04-17,RB2410,RB,0.021075984470327214,0.0005529444431732314,0.001078708040376897,9.137895231162577,22.26533503574148,23.9498003149211,7.258458208435032,14.566722119213726,15.51951376627453,6.867163675630189,6.95171492948716,7.893968048389435,-0.9079098429203109,8.902769391570631,9.606683276861823
2024-04-17,2024-04-18,AG2406,AG,0.004997973794407695,-0.0009505058764367911,-0.001575426925271493,4.093605009793647,10.52178676197554,6.800441681417585,0.4042742749539272,3.6048967870224002,-0.9884894738696439,6.561039153534821,12.922039081921325,13.478880276999924,4.825691847238724,22.964394225512613,20.710486061585065
2024-04-17,2024-04-18,AU2406,AU,-0.0047166490672299055,3.527274651600989e-05,5.44617115264162e-05,3.5971307289775005,-4.2883820951320235,-6.195318199954222,2.309413897409889,-1.314933577324278,-2.277259167178556,7.814036788778103,8.607629919565111,8.260471975178344,5.685707239413843,23.018375970966737,15.389848884813649
2024-04-17,2024-04-18,RB2410,RB,-0.0010851871947911151,-0.0005544774192517471,-0.0010523753011318366,7.089074287326335,5.456349313113388,-0.31044925438368853,6.671934966595462,3.881593112072858,1.3137579592039978,7.602039345695918,6.72771170663957,3.2535202144473447,5.685707239413843,4.994899466180649,9.904475179114218
2024-04-18,2024-04-19,AG2406,AG,-0.0038941855780851853,0.0018929156544506681,0.002404222471196012,-2.5356928807766597,-5.7529750490727345,-14.537947436258635,1.4285697127953627,-3.022190066437611,-6.309780760020784,7.80426348645214,6.675679670513867,9.23246584970349,24.211691551908185,11.856106643313744,6.080080886464258
2024-04-18,2024-04-19,AU2406,AU,0.0030711663371929543,0.0007394496718914222,0.000863557986008228,0.9062313131677735,-7.967884562034929,-13.161424401701689,2.131273910680033,-4.607885650850997,-6.0131596119879305,6.530544179280114,11.403490696320716,11.444129967203878,9.357003041513517,43.626774628650026,22.05074365416904
2024-04-18,2024-04-19,RB2410,RB,-0.0013586956521739468,0.0010857764367454036,0.0017398598276756364,9.202089086416786,18.022334551978137,18.7451330865553,7.393283001235406,11.426051048957701,12.244674437634007,8.144479587652567,5.2534294868278595,6.558900121501196,8.819514341526231,8.92178362919058,16.556804226064468
2024-04-19,2024-04-22,AG2406,AG,-0.02868741542625164,0.0009404178835080201,0.0010696030665650086,-1.9357595285774405,-10.043695609019384,-19.813034988848038,1.389679423008923,-5.354078521814945,-8.515025453776044,7.33201301510137,9.362292807422703,12.258437444251115,7.678879229851314,33.225503338226524,12.926071545675152
2024-04-19,2024-04-22,AU2406,AU,-0.01422821635362248,0.001837326500894999,0.00240676762091334,3.0799617402205737,-17.0309298815625,-16.889782958568325,3.34659118181055,-8.037514006460615,-7.747789108720026,7.065979751939378,1.3739763540153591,4.6496442000659775,7.447329907349852,-11.864986234202245,-1.3369726217199054
2024-04-19,2024-04-22,RB2410,RB,0.0016375545851528006,-0.0005433306300465419,-0.0005723723649134146,8.155832314407485,13.717019829234735,14.034866486254865,6.395156179609506,9.401921469551354,9.526631273835719,7.364037446171724,4.970249859136308,5.623538040648816,-0.9079098429203109,12.27521242155148,10.219060845271855
2024-04-22,2024-04-23,AG2406,AG,-0.016188063063063085,-0.0037817441072886897,-0.0035983590040417064,0.3138353547804624,-8.735892648216263,-16.08543167587071,-2.072430636830659,-2.1838800120921187,-8.610747979898479,-45.48938336592232,-3.5422123277465274,-29.712561690181385,-103.72613252815671,4.371571578173356,-113.0265056077512
2024-04-22,2024-04-23,AU2406,AU,-0.016356743094421256,-0.003207672959557198,-0.0020846577689085737,2.826231509066253,-14.602637160150215,-17.36429933438084,0.5889199998242645,-4.47642679502889,-6.696005242701258,-36.94595315367116,5.959693134093524,-21.2345994243125,-96.08511913895451,38.06965995877312,-70.1579442685448
2024-04-22,2024-04-23,RB2410,RB,-0.007901907356948179,-0.0029976858529161634,-0.003427010954888749,5.316196799742691,11.630314776463287,11.873032936552796,6.570806296174114,8.291200376028858,9.069160080874441,2.982085103307306,4.879493150827865,4.587806129216418,6.4114327342050395,12.27521242155148,9.509437697457642
2024-04-23,2024-04-24,AG2406,AG,0.01340559041642897,-0.010362787035546547,-0.009066981395291494,12.88418439398318,3.839841827383565,1.6215799035374276,2.810031627966249,3.582326065494544,0.34256347464985515,-26.89706449210594,7.083501307167345,-17.431332131324172,-46.73820320711411,19.823732356042154,-41.529670851611115
2024-04-23,2024-04-24,AU2406,AU,0.007681053401609406,-0.008127202386615915,-0.005406326901313761,11.006977787110372,-10.377729028129817,-7.828957882031757,4.388541439578835,-3.2878044209862365,-2.33479636314449,-31.65372161061899,6.019798487753509,-19.185323082763656,-54.79538899018865,31.652888558975487,-25.833409517287098
2024-04-24,2024-04-25,AG2406,AG,-0.0028145229383619297,0.0032854825639960297,0.0019644092536854306,5.438740273268741,-2.6396569774349206,-5.027174593360806,7.972352317749421,-2.1129745005222365,-0.10512725260012923,3.3562347759441296,-8.064328397162168,-2.412544728446002,-2.2967888796125675,-39.4551061438137,-25.70130426675639
2024-04-24,2024-04-25,AU2406,AU,-0.0006537846869097974,0.00359093127065352,0.001925579372054926,5.342212004940912,-1.6977746982319686,0.6559393196509751,6.233888870960845,-1.5928904059478661,1.4441394725036836,1.4395281042965316,5.887457227007686,4.223804736159827,-8.55474764164827,5.476439334607376,5.838139148735732
2024-04-24,2024-04-25,RB2410,RB,-0.002989130434782661,-0.0013741928780640314,-0.0013839066995453343,6.099239439128294,3.663538850342015,1.5268475627089306,7.252603514096313,3.0181759264332264,2.814408032641,4.600053714445399,0.2465022163782642,1.4837683732643197,2.6065755551368954,0.36433029401749245,4.540456725693678
2024-04-25,2024-04-26,AG2412,AG,0.00799326882625162,-0.0005615611547265714,-0.0006492811413900598,8.451815636810906,18.99242500318443,17.07481020557919,5.084431813499927,9.753700059971722,8.898821560394527,4.468752274384868,9.309157893981537,8.69391411243814,2.021579334977048,4.468892183010484,9.889063271341652
2024-04-25,2024-04-26,AU2406,AU,0.004673913043478306,-0.0006535710628057321,-0.00030504829833436734,4.942566575520617,-5.487687766034439,-6.152248700299353,2.959599175524506,-2.9427855627994752,-3.1797319140891678,4.346339350604681,9.663948845635291,9.507037866633084,2.6065755551368954,17.620392646893094,19.69793439146091
2024-04-25,2024-04-26,RB2410,RB,0.0038136747480250754,-0.0002717022160444988,-0.000297278808943148,10.575343405590163,10.880655057468722,13.95656731482666,7.548241896550373,9.741258793402688,11.081344220070152,5.5700195565422685,3.8837691151960536,4.8311213608686225,2.9634911233535774,25.31625372894687,9.125823014210184
2024-04-26,2024-04-29,AG2406,AG,-0.008254057078903143,0.006330470602886335,0.003191024890243543,10.003435951962324,7.472734006665142,11.728427625767647,10.728130980906883,2.080152265670165,8.050169276408896,-2.9663154270229137,1.3285914711517643,2.029124685918535,-22.844673751984743,-2.6055828734028195,2.613734972237051
2024-04-26,2024-04-29,AU2406,AU,-0.007415673710356785,0.003120806684300507,0.001438309913345215,8.417624425538673,-1.5014393655998508,2.931830237981783,6.559768157756754,-2.7020506821429704,0.49420093314797287,5.9266517734915025,6.994392037855514,7.661963540454628,2.464090703701658,12.76618897296004,13.939133017012695
2024-04-26,2024-04-29,RB2410,RB,-0.0013586956521739468,0.0005449591415522299,0.0004587697835821218,8.393082535297124,13.237802755870097,10.034081401941728,7.8039011663570985,7.593372908904642,6.839770051731502,-0.184465326515945,4.6519525343226515,4.29637588763118,-7.463440527979276,16.13626485151018,12.070229777243878
2024-04-29,2024-04-30,AG2406,AG,-0.010025416548997468,-0.0034913798471157844,-0.0016223163508683517,6.437724215535036,3.3933895838295784,-2.000500622611705,2.7178979342456167,1.9437693367571376,-0.8018222530298824,9.621240683096879,10.570620279416225,9.863714959788942,-19.919464970965556,32.07794169839871,3.4343347458931657
2024-04-29,2024-04-30,AU2406,AU,-0.0035903387248857888,0.0018015426073051451,0.0006484254428343716,2.408952739250699,-5.620552811877131,-7.391267959976542,2.423387131466768,-1.5754620761445173,-1.299048087596923,7.145980140782052,8.929025106617233,9.674682250730458,5.665432833286237,32.70987554779403,17.8735320798561
2024-04-29,2024-04-30,RB2410,RB,-0.008676789587852451,-0.0013577734604603596,-0.001279162846756269,8.304842701921087,11.47555222251962,8.30007744852519,7.349912769395267,8.151753102610073,7.823877540873793,7.545553320066803,7.258644454647456,6.608180891243154,2.9634911233535774,12.081566730818817,10.833953613796007
2024-04-30,2024-05-06,AG2412,AG,0.012580414581844224,-0.0004222675831624542,-0.0003475793801836323,-1.2597001351492727,6.199408004530074,-0.14706774375819665,1.8593944193694685,4.619222982488387,2.9303203893956034,8.389268018736828,2.4984719774299546,6.312741228470475,7.678879229851314,-12.190831421754622,-3.1940613275183694
2024-04-30,2024-05-06,AU2412,AU,0.008338209479227698,-3.5949885862941634e-05,-1.995884638872772e-05,-4.2521943212627376,-3.219876255287913,-9.44184002551343,-0.4938940019959617,-0.4430435630808933,-2.5469880363831083,7.993302276596738,7.625210180133283,7.878133063950402,7.658604823723708,12.424905345150027,13.031429302417067
2024-04-30,2024-05-06,RB2410,RB,0.017156862745097978,0.0035311730295473644,0.0037765725907757727,16.695859919100393,6.177276999160936,12.250898282883742,10.692940222685575,6.791283416676588,10.383342753587955,9.464808315330787,3.6291716495267097,5.309784331348992,8.931419170083057,2.077634620650368,9.14854463007082
2024-05-06,2024-05-07,AG2412,AG,0.001687051876845258,-0.005275552265431389,-0.0025511146079762923,5.720849662438717,-7.633345074989817,-2.0808844011222405,6.508529982711433,-4.992757585064761,-2.070771174392467,0.7079736457653535,1.8643970370690504,-0.7872173757026476,-8.133908743655685,-1.5612420729517067,-11.387948088155811
2024-05-06,2024-05-07,AU2412,AU,0.00025311878502987106,-0.014306187860908358,-0.0073566490603469625,29.85658029850839,-7.154956729305857,32.332099824273,23.74390895063172,-5.219282544979234,20.147324666001147,10.8173845579775,3.174004549863597,4.583280357535212,44.34933683043529,0.40797548474192696,23.020724769708174
2024-05-06,2024-05-07,RB2410,RB,-0.003212851405622441,0.0043668191663403895,0.0033955419917302693,12.281948953231094,-3.352279820681074,0.3336869736160861,9.74446517552277,-0.2866242105632226,1.7120415178236943,8.513394875399069,-3.36225370541361,-2.4125796135078676,19.94741189147547,-16.600980405499197,-6.994575957978429
2024-05-07,2024-05-08,AG2412,AG,-0.0007000840100812589,0.0042265489798924685,0.0038317955604747923,-1.1834728925496476,3.5899866301679704,-0.31150008500225823,2.4075840459297746,4.483051690472929,3.9420268985615183,7.838012758401329,9.239465987858567,9.91275916857876,-10.988167774767007,24.462570954486846,7.595499832215125
2024-05-07,2024-05-08,AU2412,AU,0.00036231884057968955,0.0030057784232359356,0.0024929006424793585,-3.852368310076078,-0.1921796933480353,-4.80337482418282,0.46963910383746654,1.7596306801698296,0.9627171633423455,8.172020327802642,3.741227696551849,4.13011493086634,-0.11018730777208473,9.160592996855664,11.088465135465594
2024-05-07,2024-05-08,RB2501,RB,-0.0138740661686233,0.001873411493993731,0.0015095397031773302,10.72963284621821,12.925146224354874,12.328690785342005,9.57409621883768,8.939389669576828,10.578110984030415,4.704847937141026,9.48220096980261,8.194899942927124,3.016687869323204,25.917429462608055,12.215532362074782
2024-05-08,2024-05-09,AG2412,AG,0.005598320503848786,0.0023831230175423795,0.0018864882312064214,8.304412663774638,7.365505113713398,10.911865469853993,5.668128539454321,3.5058837527387126,5.427248332351753,10.262891341736061,9.848811857396596,10.372392920392437,16.514845612481388,42.665141579066486,25.81782557206462
2024-05-08,2024-05-09,AU2412,AU,-0.002352004631639981,-0.002243857479411862,-0.0012794519686457144,6.383299639293413,-2.0216579171688065,2.3878684244881523,4.859339538052925,-0.0842961907283466,3.331460739468464,6.659652837211922,3.9617732959344396,3.800718553151618,5.589910040483773,9.160592996855664,9.654046652635941
2024-05-08,2024-05-09,RB2501,RB,0.0005420054200542257,0.003474545791395036,0.005489094470934498,14.830259372551083,14.05513706542206,18.840040123939417,9.772765028818398,12.496594376189147,15.526997396981077,9.870175087863101,12.095518599768724,12.557312099607271,21.859039864145196,61.76898097332599,20.022230251085503
2024-05-09,2024-05-10,AG2412,AG,0.02837370242214532,0.0011202913929004204,0.0008407292984460515,1.689445955303182,2.911966338168308,0.30914423140086145,3.1462907592067957,1.8006185714117267,1.1777173805199914,4.727079787031692,6.429708070292176,6.6066264044079785,6.19300762444849,13.048669839852847,8.067398811160608
2024-05-09,2024-05-10,AU2412,AU,0.020962845164088417,0.0009412446844853478,0.0005247094014597187,8.008594838873634,-1.7745977313684693,4.601430882293836,4.912683652492316,1.6281119472096637,5.166187081193798,8.061896259622797,3.7280711752003186,5.467901000976597,5.25952837837287,14.060235829862071,11.748250079402801
2024-05-09,2024-05-10,RB2501,RB,-0.004864864864864815,-0.001624695727001922,-0.0012669412570947079,9.847706903920592,6.262815569565781,6.974220538388938,8.57723613043682,7.080068491447525,8.451388761164084,6.967129268719303,8.875543009073223,8.307582610959473,5.685707239413843,24.42926900748361,13.077170185006391
2024-05-10,2024-05-13,AG2412,AG,-0.007451564828613977,0.0055517144675077115,0.008231748218606935,15.184054500185738,-22.405185397297373,-7.744128050857382,11.253127125154762,-12.164701645440584,-3.903860370917742,3.634601364856969,-2.166197237958808,6.229087313856783,-3.512694859274606,-6.123419350117171,9.105219732463302
2024-05-10,2024-05-13,AU2412,AU,-0.004044561129638802,0.003512015051026724,0.0034959750260881383,7.384792179514415,-19.23469936526789,-16.762722112272805,3.586158741956049,-10.058060305225325,-10.29720643083438,10.065401612848293,-9.700806519120247,-5.137910992163529,14.711648429972055,-30.339967640186046,-24.731221549841354
2024-05-10,2024-05-13,RB2410,RB,0.007654455986878084,0.001361841419788873,0.0013938080530838436,9.811408515910102,13.160927601969743,11.808734345367297,5.975670607144632,8.829752477220417,7.367371904256913,7.535846785107671,4.2727845165642355,5.448257167497166,-2.329046680453256,10.880217299066969,10.470815397653492
2024-05-13,2024-05-14,AG2412,AG,-0.002582925502990774,-0.0066167279417525225,-0.007951405339784019,-1.9446745272861952,1.0426248368459117,-4.674569908715931,0.16249162348237034,1.4135955119665717,0.2177801307364775,10.393524353068242,2.121071650452443,-0.13052629244583863,-11.22899039824409,0.09483212782729578,-4.707874548808321
2024-05-13,2024-05-14,AU2412,AU,-0.003707797069414265,-0.0021972578567659956,-0.002127946216544917,-4.457346669510588,-4.678299477028366,-8.289339337420733,1.376115243828559,0.17276356467394383,1.301409854897881,18.037168460461334,1.1131988462713178,5.4509984555369995,17.822634708948147,-14.967966673973594,1.2360628863829037
2024-05-13,2024-05-14,RB2410,RB,-0.01519262072707539,-0.0010928962836449807,-0.001114871975051265,8.394949192995107,6.469235875265079,4.986551126520761,6.407961651162952,4.0383733715850845,2.395122158645317,5.6963003056991885,1.7464253482244574,3.374917528283167,-4.344528589179928,-3.9038908886420796,4.090913150765842
2024-05-14,2024-05-15,AG2412,AG,0.0033958163542515685,0.004086642385452008,0.0031233989137691926,7.635286651153633,-0.24660278126977886,6.867224142516237,4.692260292368168,0.6075801315960616,3.847851953583402,12.313297519924932,5.816425081463807,7.170814907140753,13.092337325592954,16.509825543370695,12.639713251243489
2024-05-14,2024-05-15,AU2412,AU,0.003959760273972712,-0.0008196575715932694,-0.0006076345590726557,3.5473350060797655,-4.625054834654703,0.48091111229871153,1.4368841113921125,0.3637195460140612,2.0421325746421326,7.977997732683775,0.07467942014286787,4.774944473702005,14.93507185463565,-13.249959768758695,4.968757998575347
2024-05-14,2024-05-15,RB2501,RB,-0.0035519125683060038,0.002155173247983412,0.0017524493406486908,9.358743831802737,6.94322952690975,7.258183264602656,5.097622261838048,8.759140030605625,7.624644613930318,11.287064019654993,3.065261189539419,6.968669294626549,24.082972621846565,25.149345438804726,15.650616281494083
2024-05-15,2024-05-16,AG2412,AG,0.016204633721708772,0.0034015952249721792,0.0033785218618060894,1.1251359829314307,3.620878667849392,9.466742086153763,3.3970023720403058,2.5002809436855866,4.943618649932846,13.00783476562324,5.584250385722441,7.102142486705788,24.611685180526276,11.069044844792648,15.197295763238017
2024-05-15,2024-05-16,AU2412,AU,0.004986032037907817,0.0031084220323195663,0.0024952316252685003,1.2399104023037038,2.201743265483514,7.790330802449199,2.861893178947595,0.4203424789996135,2.9309475653550967,11.696487727396716,3.359827276411587,5.598824619833689,12.190972752779983,2.368210700401484,4.654672509288272
2024-05-15,2024-05-16,RB2410,RB,0.021799116997792467,-0.0011025359441000663,-0.0009855201060149086,9.40722438511087,18.895555470730503,18.07598283983223,6.968033193640144,12.600194376744899,12.43648647417262,6.023434264659218,2.3254681221763964,3.8058622850530766,2.9634911233535774,1.440887740696385,2.393880456452516
2024-05-16,2024-05-17,AG2412,AG,0.007372301211163723,0.01077161350696401,0.021631335596861954,-9.275871473361846,-19.536166262174177,-21.575177752509404,-0.6671626647589548,-8.507240487558178,-10.890605687518303,-1.1607952779069985,6.678331695786846,12.733440988020359,16.94135392504972,15.607780130147065,31.253073093908057
2024-05-16,2024-05-17,AU2412,AU,0.003209197348003956,0.004820823912319823,0.005493148939657362,-11.857274181223712,-7.531135662527587,-13.938449300590365,-4.29838143432768,-3.593306488072174,-8.406556635685265,7.1022446448934575,2.7258725269476516,4.269115684199058,4.185210326126491,-1.2080580837091488,5.5615654365869736
2024-05-16,2024-05-17,RB2410,RB,0.00432432432432428,0.0008281573972288588,0.0010936780031406688,7.992998219003153,-4.96250656094959,-10.434437293714186,6.927087817662973,-1.0580951167717378,-3.556675029938542,3.9701382452710323,-9.866812373200466,-5.391638378300081,7.132281728574582,-27.066220535391793,-19.19729510559916
2024-05-17,2024-05-20,AG2412,AG,0.06273444573793818,0.001053740877271564,0.000992191059658645,-0.30297507979836524,2.260202920798849,0.33968259527232414,1.6581238845067516,-0.8446360198617038,-1.61983142069317,-0.04954877514153595,-2.4716554573476155,-1.6253599098097018,2.3329663591393275,-22.598438222038254,4.112703965725708
2024-05-17,2024-05-20,AU2412,AU,0.021051525447476127,-0.0022544746761834103,-0.001479897343825295,2.351061610689617,0.5185194382477505,5.3298336474987,1.3138784984555447,-1.8394168851581245,-1.2167481816219605,6.071643009875097,3.702430935165324,4.992872381646316,5.89260285101904,1.7205039020847148,3.4853197774235403
2024-05-17,2024-05-20,RB2410,RB,0.006738544474393482,-0.0008104822812968662,-0.0008179495449269306,7.930808533932877,12.562115991415112,11.861449494393046,6.951139129611993,7.670127620028618,7.3309037950046285,5.4595241305770195,4.770405648254023,4.762995373700392,2.9634911233535774,12.27521242155148,8.772028196174062
2024-05-20,2024-05-21,AG2412,AG,0.01439114391143903,0.0102711687603313,0.017987441871647473,-7.016888725996814,-68.63053887291572,-74.90126940363648,1.6329840854799902,-34.71757479911959,-36.260232938377044,-20.536063974086197,-11.88478789715246,-5.86130459587342,16.677616987623153,-23.066025596127705,0.22724658626776084
2024-05-20,2024-05-21,AU2412,AU,-0.0034929967145079788,0.003579202361247613,0.007502766216438417,-10.671579738316748,-15.544650367375207,-27.097944447353548,-4.370756503322821,-7.161199518705394,-14.440042925016234,9.004323026411948,4.322058224057608,10.358002490375238,44.42138018675999,1.7885135825921186,28.706536397088804
2024-05-20,2024-05-21,RB2410,RB,0.00428954423592498,-0.0016159443322483218,-0.0017745512540028702,5.867910207634293,2.8800952001524363,1.028289346379442,6.9760090334023594,3.5186425841424107,3.2658576094718366,5.020573041643465,3.394956437814236,3.680883789786597,2.9634911233535774,-4.082615209894453,5.205952758057967
2024-05-21,2024-05-22,AG2412,AG,0.0038461538461538325,-0.010522549066537922,-0.03156764719961377,-27.769531659020288,-45.607360522016826,-57.15008056846238,-8.25703016245771,-19.982669686346707,-28.98768480513511,-22.847041964915295,-31.361313011188273,-38.67060264385091,29.81114140222872,-30.33198123560951,-7.282817572047197
2024-05-21,2024-05-22,AU2412,AU,-0.0035554021401449365,-0.008094421186319934,-0.013117090184876522,-1.6716058497361157,-8.348631438106043,-4.999034399437003,0.5372330509958965,-1.4715710612345374,-0.9183162795981397,-29.19348324692023,6.250668582667645,-16.808866941861474,-58.31818920727418,-6.3622411079256205,-29.776330002497087
2024-05-21,2024-05-22,RB2410,RB,0.014415376401494928,-0.0013395849290564722,-0.0011879967813768102,7.958503631189596,12.455272095597788,13.032208004275617,8.01137189710768,7.5554875651509015,8.559263598121458,4.343721405633448,5.056913403899048,4.25994083733965,2.6065755551368954,14.055832054836786,8.83466947152077
2024-05-22,2024-05-23,AG2412,AG,-0.043577430972388975,0.008812756981898956,0.02110642378330968,12.343660964977186,-9.072543989590926,9.090200286167036,8.837381577902772,-4.609595606305448,4.200959571977023,11.21315397730231,-14.095757689517129,-13.280739701914786,45.13984064596865,42.0064722772298,18.608374176016714
2024-05-22,2024-05-23,AU2412,AU,-0.021567267683772484,0.005399431641977738,0.005854506640801184,6.497285637078285,-4.4528438720856744,3.297245638786158,4.973437374753917,-0.3582702866855083,4.451320277402619,11.333513723483595,5.2954966280991185,5.636837211490711,17.684676127020936,13.047205176797126,11.281194762292724
2024-05-22,2024-05-23,RB2501,RB,-0.004184100418409997,0.0005296610293318891,0.0008884783785290637,7.271491493997887,2.060502268727467,-1.8099313181204701,7.58737860459082,3.2590383040891773,2.4401503078159754,1.5838319372894751,5.192217467220643,3.9874966032753436,8.187366465147978,7.270133584354546,3.269124930409483
2024-05-23,2024-05-24,AG2412,AG,0.0003747189607794521,-0.002637574961531577,-0.005805843830236746,1.86863605732105,-7.027292109524025,-1.8271239469048952,-1.028957718513805,-2.4274704205057898,-3.401967990532611,15.415127712616227,-28.220484968815434,-19.211220372549214,31.19708610994165,-17.026923163413965,-51.027811185092396
2024-05-23,2024-05-24,AU2412,AU,-0.008472773681225121,-0.0009357617609723828,-0.0016977869085772301,4.4652409794235295,0.20425517554453387,7.917582310938685,2.09184115540865,3.149009552633841,5.686473417424851,4.710519217119945,10.276776359353192,10.343921390872056,2.6065755551368954,22.349847584279615,36.95758940813272
2024-05-23,2024-05-24,RB2410,RB,0.002116402116402183,-0.0026350476380051138,-0.0027318314175892766,12.0075293986698,5.006793487668857,8.05405233732261,8.011550055382488,4.502374997344667,6.2525893838738185,10.461650441956094,2.997768586764526,3.1021560076581447,38.2384452319768,10.175042425113713,20.223103512090102
2024-05-24,2024-05-27,AG2412,AG,0.011245782831438289,0.004883250172152793,0.007684669404039452,7.965365445204556,-1.460281603854988,2.7492791238137007,6.565583462706012,-1.6570636579405065,2.42812669932412,10.859819750326226,8.510815798005394,9.54286366003521,27.215555384867855,31.86293855171612,19.966108125907372
2024-05-24,2024-05-27,AU2412,AU,0.0013224203867185924,-0.0003544465354516271,-0.00045308917411077826,2.197725874318686,1.4599633764209679,3.616198390155948,1.6641323092536906,2.413681826853634,3.0639170182610167,7.574786738714796,0.22832275115606218,3.109008657298779,5.665432833286237,-15.24619005035413,-1.988689002330154
2024-05-24,2024-05-27,RB2410,RB,-0.006075013206550461,0.0013236269305083458,0.0010312369778003863,8.091173958817837,8.266231564951317,9.628248834497214,8.839844222750209,6.202734084780883,8.215023917990168,1.096533075969279,5.153075200603278,4.727855430348006,-15.808080027243909,15.570943073060093,9.509437697457642
2024-05-27,2024-05-28,AG2412,AG,0.021289687423086345,-0.0007494379566360725,-0.0007674515665311965,8.581658942349533,-14.666465344446108,-13.726123231142749,3.197227359005507,-8.323147601678649,-9.983847443372781,6.471351458207084,-0.5782022629271233,2.9342902894897978,5.019814665755649,-21.78032260746945,0.35224950746320977
2024-05-27,2024-05-28,AU2412,AU,-0.002456652543881499,0.0003574748018336424,0.00024642869282764864,3.825017003671675,-0.338229800319652,1.8410021043216143,2.5339732332869738,0.8715634897547528,1.6192546738087272,3.101975781563819,3.7976438298057285,4.378426321798483,1.413644168531933,8.577671381165986,10.57484307860019
2024-05-27,2024-05-28,RB2410,RB,-0.006104033970276035,-0.000528122536700658,-0.00044910159966799216,8.72411815784795,8.452076120249547,8.894807206379614,7.286867052028535,7.109610140891069,7.812589780480515,5.511466820729657,5.332060194595315,5.069764063824564,2.9634911233535774,17.715993120129525,9.509437697457642
2024-05-28,2024-05-29,AG2412,AG,0.025035936751317767,0.004069307051970077,0.007286420271866301,-5.325574596328566,-18.835159415518095,-30.856936513765312,2.3095633735267933,-7.812896476395069,-11.408919129944296,10.6299253716471,21.402819171115556,19.896760149613026,40.2412197943875,63.568122064403795,51.75628328302982
2024-05-28,2024-05-29,AU2412,AU,0.0018475094151924054,0.002531060296373999,0.002125923968390107,-2.8229906717523727,-2.0762512223089478,-7.305609554418629,0.8137577211023101,2.9263536947510547,2.5819337828210407,11.818134512264962,-0.062327724722266234,5.949472785956565,17.046214702781697,-11.721596323530028,-1.5451474797244535
2024-05-28,2024-05-29,RB2410,RB,0.0021361815754339375,0.0013278451028165118,0.00122126443334564,10.478817497694415,3.291821428451961,6.267371998869109,8.230194587452242,6.2430787448106155,8.395515501549259,7.462001287104919,2.846072132342087,6.226094659710763,5.685707239413843,-0.08938446647427536,10.429760316041119
2024-05-29,2024-05-30,AG2412,AG,-0.01812152078645035,0.005886963598643464,0.011083435680417942,19.325205770995847,-4.880539967498997,7.726720979541161,10.295920917618488,-4.6702148469960045,0.7006863479903402,11.895422107593342,21.90663473787333,22.09708062309979,40.91948502780706,66.34220267729937,56.01934899757852
2024-05-29,2024-05-30,AU2412,AU,-0.002891205025699617,0.0045580878004538,0.0036878903795764233,1.432814335224358,-0.3026931285306671,1.7784475466659326,0.7415339859173162,1.5977168298004685,1.22380007634424,9.79268275619449,2.4984496891749357,4.579259804570407,14.34176264796084,-0.20923433184994714,2.77759805748104
2024-05-29,2024-05-30,RB2501,RB,-0.002368421052631575,-0.0018501392881614773,-0.0022086993789617627,9.554825944585053,14.676414751098475,15.509687289505663,8.666992293770862,8.803071112448752,9.741362726945711,7.4210145289346565,3.797975434203135,4.610452916177031,10.38993138776551,6.949266016059092,6.075359060208102
2024-05-30,2024-05-31,AG2412,AG,-0.00012102142079151168,-0.01341196574855486,-0.02263167505682953,3.8171467104184846,-0.8789251941353986,-9.809746832599421,1.4361736765333708,0.7824560095599868,-2.814948321275358,-27.780018905015744,25.246283338827446,-5.315542527293305,20.344481145887787,58.3675568314028,15.12076580991155
2024-05-30,2024-05-31,AU2412,AU,0.0030384271671135554,-0.006475277899673248,-0.005700972576163879,10.845725257130592,-1.0651922901676376,6.385268138299279,3.56094093641536,1.3157533253079232,3.3593548582285213,7.226952197822493,2.049134594113588,3.4350720249487776,-26.702142333905847,-2.202461898794372,-4.933699584082443
2024-05-30,2024-05-31,RB2410,RB,-0.007764390896921047,0.0031923410989731747,0.005496023788679953,3.8706728874886664,7.138917753358802,0.34072017015379297,3.89589849575688,9.354044713428177,6.171697966985604,13.708522009467412,3.7924359258715548,8.620161437185166,39.06227876577139,14.593875916079279,26.040734371990908
2024-05-31,2024-06-03,AG2412,AG,-0.043723047436511786,-0.0032622514281563184,-0.004325530903012241,8.09602412975275,-7.3180312557480285,-4.952881129992678,5.3252325021483,-3.76058442936192,-3.030048997276405,5.513395122203558,9.233259486332646,7.3412686669842575,-16.8328295024191,-5.591894794043935,-0.8178128368607629
2024-05-31,2024-06-03,AU2412,AU,-0.014484007242003605,0.0014308712868768474,0.0010032846303179618,-1.0979998822865396,1.7770498895258497,0.8925820822584809,1.3928876408280866,1.0627050273529037,1.0179567907228724,5.085431912389198,2.3824789436921248,4.0599104219649265,-4.9396644898690285,-0.09742181068975378,2.2306706850130347
2024-05-31,2024-06-03,RB2410,RB,-0.01106314085267135,-0.0005353319185661638,-0.0005061169977647894,7.4685917917979925,12.70672736962972,13.21478046244622,5.382318085725916,10.896620466583865,10.444575742197083,8.66807724405204,3.3707470552927976,5.488280954729519,7.678879229851314,25.094360778073835,10.026735986205452
2024-06-03,2024-06-04,AG2412,AG,0.007076350093109918,0.010355300240381622,0.020549518127908634,34.36578804806338,-8.034214071749897,17.10775013199686,20.11385140131685,-2.4832181430662423,14.170074951406988,6.972360970691605,10.079675904759831,16.677340865912555,29.434556182353433,-7.91532746230557,-10.972202622751261
2024-06-03,2024-06-04,AU2412,AU,0.004988694684707307,0.0038770078263270493,0.0048739996629466615,-2.266042052298209,-4.216801530591804,-6.006207160566525,-0.2829408670437994,0.6457148132783259,-0.08243652300051041,9.128940620010273,1.5300990335820905,3.566028066009507,10.709114157418037,-3.5597145357432334,-2.55307904546589
2024-06-03,2024-06-04,RB2501,RB,-0.004836109618484685,-0.0026609914584163827,-0.003572409845836243,15.199576253547644,12.217846411300286,17.184270427366684,9.326524059515165,11.743804285534644,14.252611683397369,15.45388478464149,2.9468795556988985,4.140605084146177,28.28326282552559,-25.727637079077752,15.546857723236968
2024-06-04,2024-06-05,AG2412,AG,-0.018867924528301883,0.008978735965275963,0.009008920607743437,7.827983152684338,7.412322955518384,12.819047803497535,8.729639768095984,2.085660077022532,7.787792722079303,-2.1548383976933665,11.83480262589863,6.025055659758899,-15.949939761947439,25.972851727467706,-3.833470353835476
2024-06-04,2024-06-05,AU2412,AU,-0.0014695340501793552,0.0036674857733644335,0.0030602983357181325,1.6851963546928865,0.3268147616380963,3.990772061316948,1.5190309773776374,0.10295659535571566,0.4806365363362457,9.828523104690987,2.243016123839802,4.163495855694432,12.732836923830654,-0.09742181068975378,3.6312441039312913
2024-06-04,2024-06-05,RB2501,RB,-0.0035135135135134776,0.00026870885557349664,0.0002778348359558527,9.323889911859709,12.765037032390536,14.575711213396637,7.392410902968929,11.815889739800188,12.936090620400762,4.984362742618935,1.8162237855285404,4.041282192542827,2.9634911233535774,0.7198046790620265,-2.3503112372775536
2024-06-05,2024-06-06,AG2412,AG,0.02870630262822149,-0.02017251818258678,-0.021840759320003893,-2.966493069995063,15.747927356558701,-10.386079104603784,-9.128003403064028,8.88133454046898,-8.524562561909276,-26.02190702838389,6.53276853411155,-12.172042106272686,-82.07721357518257,8.445893357919012,-45.759343470517365
2024-06-05,2024-06-06,AU2412,AU,0.01104320789106894,-0.003649247368413558,-0.0029120426989931347,6.520229001935384,0.5137483632152908,4.189974833995861,1.4362583346294846,0.3000971713455294,0.18069967269211462,9.628772919874782,4.220567916794715,4.122609264097509,-5.772926243895931,6.254935704329786,14.794040303724199
2024-06-05,2024-06-06,RB2410,RB,0.007698652735771194,-0.002746499941238943,-0.0022353672780487453,8.411980584714716,7.756609052807963,8.45723131092845,5.867364662565935,9.978271792435681,9.42712734840655,-18.835052589813472,-1.7422253789528959,-13.617372951551225,-19.83225654774635,-9.12938877710353,-37.86562405640845
2024-06-06,2024-06-07,AG2412,AG,0.03435736677115986,0.004859966081893691,0.004482548829207592,-5.882634957986418,-15.56487416974622,-30.45302359139845,6.5584157182107985,-7.344406916119881,-7.608631709717862,4.138776963526457,-12.240075039041555,-7.639155513034297,-39.15386557452897,-45.90967097536554,-71.08489546632214
2024-06-06,2024-06-07,AU2412,AU,0.005079748499165149,0.004369634459859591,0.004535122302731218,-6.044801516239679,-9.074516685550288,-13.692355246309935,0.49846510273889244,-4.363181986799572,-5.600854085882583,8.512933502710847,-1.1550331072992024,1.6201506718031826,10.730603151379203,-15.752208527212208,-6.371646474650954
2024-06-06,2024-06-07,RB2410,RB,-0.0027285129604365244,0.0013757052658050634,0.0016234177256598877,9.08030283775183,16.855067043027297,14.906073715341467,6.911562122350093,10.107070512633783,8.646012094224016,0.45749932430176066,0.1375555262739788,2.8844330104866134,-17.402396156580725,-1.4557563649293959,-0.7994345057377166
2024-06-07,2024-06-11,AG2412,AG,-0.017961783439490397,-0.010974047031976675,-0.012106396110999786,-9.654290190232434,-30.804097981788253,-40.65705329901629,1.2500045597095792,-15.818280662559495,-20.028214118882207,4.288864064200789,-7.993306555430854,0.47262281165743036,-4.4765896726713095,-40.67850470088494,-39.848552327295366
2024-06-07,2024-06-11,AU2412,AU,-0.0021090909090908383,-0.004925507380052396,-0.004914260794744176,1.5494087239510432,-7.327965633027734,0.9264397020849482,2.8581338258317563,-2.9251547702678016,0.40707501059968276,-0.006560755146079644,4.482299333299829,4.002647397029794,-0.690301251930136,8.330494856438285,4.056448525316889
2024-06-11,2024-06-12,AG2412,AG,0.0030892006693268304,-0.04957844908427759,-0.0332815451727539,-39.20811462410211,6.808870714979497,-36.09372839489842,-19.089907105788516,4.06275120936743,-29.04667981952376,-3.9341818454191584,2.658765064598657,-4.333122966172762,-17.21663546365829,-25.89436722462366,-18.239301975184304
2024-06-11,2024-06-12,AU2412,AU,0.00014492753623196464,-0.02846376336421695,-0.02516731945136096,55.36018954651235,-3.927425397746949,73.02546600158293,34.58371032117867,-0.066696791686633,35.304019629407925,-8.075296494875417,2.980675290926592,-10.615385327170866,-40.89450536178094,-1.2752673000014814,-22.23225831039869
2024-06-11,2024-06-12,RB2410,RB,0.0027793218454696955,-0.004112411553092548,-0.0032777024661792766,3.6776498394343022,6.467274676080342,-1.4076427532824995,3.9062737172874376,9.291460687044193,6.108124254064229,-42.63674738609178,0.3652721501506836,-26.755415005019955,-61.68043329458942,4.727644046875427,-51.4271532503386
2024-06-12,2024-06-13,AG2412,AG,-0.019427273874101147,0.007752978491158642,0.003926613759785559,23.22835418038672,19.42474386044117,36.6266304001757,23.07405854813245,8.14366850397425,26.686069911384717,18.26245658076018,23.09784050626432,25.99756276328186,25.74989341611582,42.818359095023006,70.5888692101013
2024-06-12,2024-06-13,AU2412,AU,-0.008617594254937133,0.005741086224120701,0.0038712146700478306,6.362422740176192,7.881834550229021,7.649775292000851,6.189095365352774,3.4329645495959755,7.173810143008712,19.003941638834437,1.0506974072206396,7.345477969592357,14.01112397051968,-3.654338826185385,17.429013048528958
2024-06-12,2024-06-13,RB2410,RB,-0.0024793388429752428,0.0002779708148544687,0.0001822530249973566,7.8054977128209995,12.944016894431439,12.556418922951213,7.527802519182874,9.109572061970127,9.627886148742332,-0.7520334615453172,1.0676669798380696,2.6699737260313587,-9.138653728516132,1.6588998734605502,-0.7929310975394813
2024-06-13,2024-06-14,AG2412,AG,-0.009762363519588924,0.017048758993595033,0.019449638616656457,4.916653665803077,2.6886463013115462,-14.71187977562298,14.529054153177182,2.9235219795246428,10.302039791943933,26.53361320760902,24.46058240470964,30.516038495336943,35.13096618509755,37.49289210536003,41.292462749382764
2024-06-13,2024-06-14,AU2412,AU,-0.0038986354775827348,0.00887227661493752,0.00871012081992122,-25.52025291143136,1.4589402957260238,-36.52450357390746,-9.26051210461453,3.061691279511917,-10.54722751797718,1.8775745765728247,0.3087399794506717,2.1222366606884124,-15.611564649231568,-3.492495213444828,-12.205927101315712
2024-06-13,2024-06-14,RB2410,RB,0.0030336458907886943,0.0060790460763821925,0.0053656944099418945,-5.502372176703589,11.038345856322884,-8.335292223727722,-1.1471781988978078,8.155442800890281,-1.7113205351825145,4.484768435915336,2.4471387192895344,4.553409372032288,4.236112764499592,2.333452928961827,-3.3376920735213136
2024-06-14,2024-06-17,AG2412,AG,-0.004003616169443336,0.00154261503787906,0.0011865826487259844,24.571225621578655,13.418295137237015,30.951523355623515,12.942150870692839,5.892467555584182,14.308129438684213,8.378147625735794,18.883828382124324,19.55370736975446,30.091486103783833,-1.9624158807619705,49.29294725057956
2024-06-14,2024-06-17,AU2412,AU,-0.004713756252024082,0.003326586810843712,0.0022128783094075054,13.770362114995912,1.610593885858432,7.953964470497723,5.037081814442013,1.0239285742166828,3.1289345735620095,7.530525185464706,0.9073741240323661,4.579986588305028,4.066308848832934,-6.2742164930338395,-2.9743890013491856
2024-06-14,2024-06-17,RB2410,RB,-0.006598845202089643,0.0013798815491552691,0.0011824140578711008,7.6803727946625155,7.2646448791887455,7.9808386308496235,5.505060393732285,6.980399812320712,5.970766299341366,6.598905066610478,3.086249779421081,4.881682391708008,6.10919994212311,4.518709913905504,3.0840942131778504
2024-06-17,2024-06-18,AG2412,AG,0.005683285972616803,0.004400731927461478,0.0027511168734822406,12.1848619301574,12.769518761983594,17.803214924776885,10.320406277839744,8.381750809461934,15.00477661955427,-5.2988307644181365,19.566591024284094,11.42698595891288,-2.525311482011669,25.49419300420372,8.989313989814466
2024-06-17,2024-06-18,AU2412,AU,-3.6102386367753425e-05,0.007113869488122542,0.005003119931540093,-6.958231768435934,-0.4835952058147073,-14.154433138789395,-4.996481510294072,3.1440613320916184,-4.5883716338040355,-2.882832495587512,-2.592324292677683,0.7766288015565671,-8.346007698395908,-11.512493833904326,-14.815223809904452
2024-06-17,2024-06-18,RB2501,RB,0.0016339869281045694,0.00108195845015178,0.0009329052152876148,7.392583088483649,8.990739805653163,9.541818340121262,4.570718066370573,10.089442359228364,9.189922534968403,8.555374465740686,-1.0374046067237617,5.019283082938812,4.7464331352877505,-8.454835721602256,-0.8070710878380596
2024-06-18,2024-06-19,AG2412,AG,0.010353306587291389,0.0038824948472118573,0.002180657479333982,-35.50467473748377,14.280652868339097,-17.431734174898303,-4.193598975551454,7.864240331232507,1.853644274930962,1.4986398790284678,15.035405138559472,10.487998828922413,21.867162701131214,9.98624326134043,17.038707081991177
2024-06-18,2024-06-19,AU2412,AU,0.005388398669174066,0.0014089852219882782,0.0009491045263042553,-21.058380050692616,4.595976987497631,-14.855714078561528,-5.194574612776761,3.297632621830836,-2.51463138602544,-1.7758327109622414,0.8326866288264996,3.416278894048127,-3.5406403922466594,-5.861216092879309,-1.6747988075360105
2024-06-18,2024-06-19,RB2410,RB,-0.001105583195135429,-0.0011077265048516454,-0.0010538789081284876,-1.2567450802756275,2.4463440147582713,-3.7282105583989926,3.1848168425468293,6.215440233335258,3.7402024375018947,8.569488616172123,1.10855790705464,4.545740319814105,15.450896073467502,5.924511777120959,4.425705833443495
2024-06-19,2024-06-20,AG2412,AG,0.031133888532991705,-0.007606560236817115,-0.0040328256028376195,-6.569238466030154,-1.869182382174999,1.0573762818280898,-4.867892368905941,-1.5764262174908792,-5.886228556653469,9.89846830123256,15.558499887220773,15.234979138959742,35.39039194383511,24.961942993963394,48.6769070392753
2024-06-19,2024-06-20,AU2412,AU,0.008306663310439166,-0.0016621503375075675,-0.0011752912927589084,-1.341290729753199,-0.31621223367215157,1.8780772007548079,-3.062730521426529,-0.7689238535272169,-3.3389858767121487,9.054996283629293,6.874013346313018,7.178959866366658,23.34511299221995,16.43105542675818,31.6447963929217
2024-06-19,2024-06-20,RB2501,RB,-0.00380331431676173,-0.0021774641156504307,-0.0025656671447316947,2.632386327866943,6.2271369387443425,5.013461527294781,4.113940809253117,7.573084970522488,6.347506287947741,8.199287410520334,1.543390747411532,4.635959520544575,18.38911824911449,-6.930551959029201,2.999858980692293
2024-06-20,2024-06-21,AG2412,AG,0.003978614944672332,-0.00025621317075850443,-0.00018412034744833604,9.906065182963314,-26.537156128430464,-20.190526203061907,2.284877803560085,-13.282207640493372,-13.986738407782555,3.756712623162854,8.742969997390016,7.846663826251909,3.933854971916171,19.712922125938764,5.838457885576374
2024-06-20,2024-06-21,AU2412,AU,0.00607186227587686,0.0002877180383091769,0.0002118431831936838,-6.472688009975639,-4.3420334155238685,-10.757949286495364,-0.8724060461044285,-3.1482003428306333,-5.280774267104734,4.36624318934491,0.9046902861463916,3.135381086533448,-4.0663500538017185,-4.223184576297174,-0.8682070675038347
2024-06-20,2024-06-21,RB2410,RB,-0.008625486922648862,0.0002766634406913425,0.00041833910434985156,8.122208733172268,10.947250046407245,13.647625550725573,6.379362592983856,11.046549012938094,11.961940581833437,6.682453766615633,3.1737515932009366,5.285379715140014,-2.854912486716283,-6.51122988981061,-2.8873315235620267
2024-06-21,2024-06-24,AG2412,AG,-0.021622965080154044,-0.000621465435451403,-0.0005615255336090605,0.6114374387661541,-6.816138859483194,-2.617132298651433,2.3279688098514164,-1.8879546333311241,0.24627794473003606,4.568993040379033,7.4959015518618,9.881180711798473,2.021579334977048,-22.308835735581475,-20.71904235849977
2024-06-21,2024-06-24,AU2412,AU,-0.016894524332365157,-0.0014989831137557272,-0.0017642593127959604,-0.6976018849103642,-3.2288672521533104,-1.694751413812667,-0.18449250994242838,-0.7492253201591987,-1.1618058688534751,4.9046497463486025,1.3905803583390264,4.051925405391818,2.833745572869698,-8.146220998572991,-4.547539449823964
2024-06-21,2024-06-24,RB2410,RB,-0.00786516853932584,-0.000834376352119561,-0.0008331024415158462,6.907646767956441,3.3063119819971267,6.213803709339913,5.964638645542729,8.942907414668646,10.24748663757277,7.234004159109967,5.3733973268595525,8.119471159622218,13.457724083030032,30.686864182313194,21.08607135952353
2024-06-24,2024-06-25,AG2412,AG,-0.0013954078396549718,-0.0034735179447244646,-0.0034717719476417097,10.184653005392555,-0.2701924586671476,11.691274710619403,4.9682010633625495,1.5390081294346443,6.1067791109399465,1.324860334279005,14.0295406945589,11.592006343001394,-20.9349776698501,21.995289694745004,12.451272721651105
2024-06-24,2024-06-25,AU2412,AU,0.0016565831172572487,0.0023403436092564412,0.0033309290532242256,6.9503850195333365,-3.622494922328691,4.581793063138555,1.246437143136467,1.6655298471580657,3.0474237983341976,10.106214087812111,1.4957887258863378,5.593831453875486,18.18684981445661,-10.08633833650996,0.6447381726003234
2024-06-24,2024-06-25,RB2410,RB,0.001985815602836949,-0.0008423417597599282,-0.0007124042617419666,10.051692628364927,9.080128782374908,13.932654834806959,7.666097210908607,10.56566429005874,13.066411518800281,6.738703202249123,6.679256331208101,7.366027244267364,12.504814442643196,32.09264431306393,26.610929662946607
2024-06-25,2024-06-26,AG2412,AG,-0.01982210927573058,0.0012693578754410018,0.0007265329952768557,9.469851865294167,7.139549473569738,15.524536581790976,6.264915968911297,3.1468088912947745,7.696470463731201,3.55269678962389,7.191367686983139,10.832700593351092,13.142049065420146,9.027127065668001,11.491262317182908
2024-06-25,2024-06-26,AU2412,AU,-0.006975907946781712,0.0003962179250394517,0.00030849267322636935,2.032713750837691,-3.5270626537321177,-0.4181695747005705,1.5341140461322986,0.05924981044191657,1.062038305080356,4.359971117486847,2.272889847113595,4.214651676310499,4.1358602845922,-0.6697856400808758,3.8397814860624737
2024-06-25,2024-06-26,RB2410,RB,0.00906258850184094,-0.0019838464774816125,-0.0013998718114843287,0.1849760631622135,9.178986082568976,5.669839639968583,4.8369973593663795,9.093740163184304,8.421396374073618,4.715234350177582,8.079985610343112,8.103520131222306,2.6065755551368954,22.288526773591233,14.083157517311587
2024-06-26,2024-06-27,AG2412,AG,-0.004933142931325407,-0.0002540973206404316,-0.00023325277718976988,4.24340340312165,8.31689156991787,16.59029254340475,3.4586583070775014,5.641194125276592,9.146861836814058,5.5113549340448875,4.065431311647211,11.199347581076255,2.9634911233535774,-8.816220694901762,-16.085847683164957
2024-06-26,2024-06-27,AU2412,AU,-0.004422052267207821,-0.00014382281054549896,-0.0002167867050068432,1.026446240676031,4.331034984934132,6.70017257466345,1.3024197029774762,4.595286120364217,5.526199377973101,7.997708483176969,3.299650626778832,5.556600184903712,8.819514341526231,-0.08964738674627723,9.84539121626533
2024-06-26,2024-06-27,RB2410,RB,-0.007858546168958758,-0.0002831657954642564,-0.0002347075876699022,8.07878222633302,8.803304177712702,8.22089936241588,7.0153705387312755,6.489526800179845,6.1419560136118445,5.258505746368513,6.3695260575043795,6.0781421884088305,2.6065755551368954,19.465587244015158,15.225931666005767
2024-06-27,2024-06-28,AG2412,AG,0.006709677419354909,-0.001426996415207284,-0.0009706847718001204,3.5382519445203213,17.142512450368223,21.063977839592376,2.4687907608560753,9.132469551737135,10.715108579061896,9.939361080028007,13.087758901501653,15.878569093645625,14.93507185463565,28.21675285466875,29.34835404080626
2024-06-27,2024-06-28,AU2412,AU,0.002635379061372012,-0.0009781723449995786,-0.0013122745203800266,1.4046344010104437,6.702921948281927,7.633607520771988,0.8576606454811668,5.521421350076683,5.654990911858193,7.3459269907501765,1.1692081384355923,3.921426737360621,13.722258134120889,-3.3091751435146604,5.44139065997013
2024-06-27,2024-06-28,RB2501,RB,0.0008319467554076532,-0.0008258775417807523,-0.0012669514545339121,5.710181321838501,15.157266593653157,14.930703709863435,6.089826488394969,13.51070687980588,14.017602643840563,5.800583058534388,2.2251425056127796,4.731087246614397,2.6065755551368954,-34.15543895675754,-4.37752864358163
2024-06-28,2024-07-01,AG2412,AG,-0.011194504515964931,0.011028331041478233,0.008977882613481755,-0.31212343895324857,15.997652162131159,14.699569733823978,-0.6489699348127855,7.93221584066781,6.760751278159562,1.8004679782318658,5.56519904282626,4.5876077626144545,3.3621889808808545,9.157064758385474,-13.160252607618744
2024-06-28,2024-07-01,AU2412,AU,-0.0035868005738880493,0.008447129097286116,0.008967466737519535,-9.68027039294617,11.789742368665257,-3.567963944291547,-7.215863441944795,5.427501255033317,-3.51204173417398,2.6637937636906135,0.5588847371541918,2.174391880833959,-1.8474403669141353,-4.060179026869336,-9.837417150634385
2024-06-28,2024-07-01,RB2501,RB,0.006640841173215284,-0.0008316008795260108,-0.0007262436828638967,7.081960515088649,10.844881044554228,12.599232580226465,6.897415565505887,9.910115946853209,11.035497959220452,5.3839676383286905,5.2968767015557825,5.7362701389870825,2.6065755551368954,20.553510102675933,12.829891416644392
2024-07-01,2024-07-02,AG2412,AG,0.0056468172484600565,0.0075337137271546655,0.005320125989642594,-10.914794437245344,9.58716114223349,-9.326936091933751,-7.7337138159309555,7.492553652585537,-2.495783243628901,2.1640973468075697,6.500476625110825,5.423986690340861,-2.8277214722821626,2.3197914094462773,-11.272136508571469
2024-07-01,2024-07-02,AU2412,AU,-0.00028736664391670885,0.003845260159992405,0.0036388112636812505,-13.112430569712792,3.97772798773973,-14.069039834434323,-8.64256553329082,3.6963346151621406,-7.030234842187552,8.043240954192942,1.8390321084634706,4.848927374846005,8.140329815541026,-1.9039645784493744,3.636544114461483
2024-07-01,2024-07-02,RB2410,RB,-0.00252030243629231,0.000846143048650335,0.0008040207425412458,7.359409007304209,13.811884247610417,13.739211258756153,6.619940616907936,8.849670246991657,8.610307357062212,3.7792881683597828,5.9984446032065595,6.205989247510568,-2.9594518640553678,16.614922756592335,17.814829411082638
2024-07-02,2024-07-03,AG2412,AG,0.01739240827726296,0.0024413760921514504,0.001344906207607546,-4.258909609001293,11.742364340401,10.26381601230511,-2.0983424771013643,5.7161387798585155,2.941767352774473,-7.888075058438122,6.36807224010126,1.485140309348523,13.405612504009987,4.4009001198981474,4.670439311525022
2024-07-02,2024-07-03,AU2412,AU,0.006397584732056094,0.0021215779546690646,0.0014824861371527033,0.15958944303557931,4.623218792575984,4.5571456661971,-1.17302471053313,2.0188131618168077,-0.26645082534672726,4.995743673270322,1.7348995738529134,4.435612981271226,3.587745039130698,-0.708480389718415,-0.6642283868422751
2024-07-02,2024-07-03,RB2410,RB,0.015147265077138927,0.0025234837448414762,0.001956526627779467,4.6036176445045225,6.181999772733391,3.125249412867539,3.9106979508997752,7.209554836691279,5.157446546567306,7.489071457035928,3.673480932112479,5.092281651230843,7.678879229851314,2.103924356554568,1.2193046493957909
2024-07-03,2024-07-04,AG2412,AG,-0.004074074074074119,0.005218620638893039,0.005044629952300879,-8.104778766834901,-1.948009974555219,-11.04154065534699,-3.583848135771862,-1.7943345873449443,-7.467481039490449,-3.140425326779256,-12.03279359495334,-9.072029016634271,-4.883680820878855,-35.908099396490066,-28.953994095690497
2024-07-03,2024-07-04,AU2412,AU,0.0008182432672809714,-0.0002874905686958288,-0.00027549760774352226,-1.3216715501720842,1.019649241806389,-2.0381580554489265,-1.236215883116329,-0.09598533430565492,-3.0751697487701377,6.771204236628988,1.983999300429,4.489195794756013,6.992712250065514,-4.173281853243117,-0.5709355782768109
2024-07-03,2024-07-04,RB2410,RB,-0.000828958275766789,0.000841868998789422,0.0010539486375183806,8.170843496071132,1.314889884391877,-0.49577485652675346,6.2590581080770615,1.4913545784037185,-0.17558781579342453,5.225981182558203,-4.217117055350298,-1.2513880579259544,2.785088744461548,-23.359701628280263,-18.30593264870739
2024-07-04,2024-07-05,AG2412,AG,0.008299269168834389,0.010674049464440262,0.013648418503952929,-16.63013004165832,4.9085738103655725,-9.911254183577926,-11.586071388881482,4.4749705571159275,-7.8640111584632315,-6.419936377218415,0.44789853369750526,1.6791174815450405,8.630430433503522,-32.539594921966206,-28.634695345896763
2024-07-04,2024-07-05,AU2412,AU,0.0018472468916517215,0.0038495859338361165,0.004543091819965434,-19.43642989462158,0.5465822700790088,-16.37710218276021,-9.771155861504777,1.9580558920923232,-8.126280432968317,9.657993038550424,2.954296469872484,5.332085234781989,20.274614688689027,-4.592185184672971,1.2470975878002972
2024-07-04,2024-07-05,RB2501,RB,-0.011662598318416095,0.0013533633138892295,0.001588041103485374,6.436139069027213,13.813462008180936,12.56077436425509,5.233942664857732,10.287548247247551,9.011416840220301,5.8782107483069765,3.2451840762259465,5.334513351663079,1.190772615124725,-1.4726752298263595,-1.0601538142830518
2024-07-05,2024-07-08,AG2412,AG,0.0022034520749174558,0.0007434944580412075,0.0006374889360439889,-13.76878808302082,-0.19399125867595846,-14.250092312869478,-2.3864055777858493,-1.2620531960821078,-5.482398552562801,-5.8749630475788805,-2.6878776755854457,-2.5818607904372666,-1.8225924532721103,-15.680670595412655,-1.7132433318140596
2024-07-05,2024-07-08,AU2412,AU,-0.0005305039787797394,0.0006396361399274954,0.00043226471079897086,-4.242251711671734,1.4576111048804505,-2.326642089062771,-0.2990521127423076,-0.3331249379967991,-1.6886119547519471,5.802120193355327,3.987336734869014,5.14210429564679,9.105179312884449,2.9670829730849784,3.6840378794470183
2024-07-05,2024-07-08,RB2410,RB,-0.01573475695420057,-0.0019377168692785432,-0.0021704399445003743,5.016001868477766,3.765562242431957,3.846874287482818,4.6454511449985185,7.711156493473511,7.471262734038389,11.77045737847193,0.697023267042463,5.086330313061967,6.959575698276607,-5.580142464752683,-0.5103861865463959
2024-07-08,2024-07-09,AG2412,AG,0.0023156611822059414,0.0035563223452833616,0.00677192175853901,1.474434537053189,-4.312135010707232,2.571339140587516,1.1822191575060867,0.3157354622631603,1.626977711785051,7.717450605405833,17.284284973045022,15.249081905292439,32.89991934814016,55.37661900130751,42.980611769502275
2024-07-08,2024-07-09,AU2412,AU,-0.002727304926858576,0.002585124587145843,0.0037130180171967187,-6.461087841076634,-4.8262676241147595,-8.753566196759918,-4.847682280318449,1.2609022645677967,-3.859958029800342,9.671566316096452,2.0241290672943877,7.144224193312826,18.90652089779983,-9.432968970287341,1.8119614084946687
2024-07-08,2024-07-09,RB2410,RB,0.0028530670470756636,0.0016872894891656913,0.0019244750431978471,7.904698017222755,7.380804156450744,10.667638792096149,5.659302589038209,10.365672739300898,11.377050714283815,10.508353754243583,-1.7142850519897908,5.716257090557769,19.606086809254997,-5.405773453450717,-8.915084435294402
2024-07-09,2024-07-10,AG2412,AG,-0.0018292682926829285,0.002196194147743026,0.0027202274699927734,-8.898802877722385,1.2328929548478564,-4.919065192605885,-1.4237641602782105,-0.5225527551841758,-2.8504222832118598,7.752196045174008,-2.4887419224567777,-0.02985762424241282,25.62543596926527,-6.865759512682241,0.38822324077490505
2024-07-09,2024-07-10,AU2412,AU,0.005475555555555678,-0.0009558707116210684,-0.0010366699235012451,5.737048565408337,-2.157592126029407,2.8458609581768015,1.5197021326847215,0.0690072414716898,1.031405101636012,8.507206345720656,3.2716153830701855,5.566613933733996,21.5556006464975,-0.5089694559648675,17.881118269683526
2024-07-09,2024-07-10,RB2410,RB,-0.009399031614924502,0.0005707762712036658,0.00048504208369569,7.444260525224431,15.927693502501597,16.135956977178985,6.022679774582514,10.381570622755294,9.843371132089905,5.439726865200684,2.6649893473383135,4.687067088880206,10.266088830686972,2.6426659335700187,0.8174737176424601
2024-07-10,2024-07-11,AG2412,AG,0.0027990750882316284,-0.0029225544426018536,-0.003968932229078434,5.103625190470462,-1.1226569942028504,0.4736930846452796,0.7239522427096925,-0.33415422387049887,-1.8891630410934783,14.395954235001721,3.583438988887393,2.545117395347332,14.365434914419813,13.876357335696488,13.760132466911445
2024-07-10,2024-07-11,AU2412,AU,0.0014467184191955251,-0.001101615221300984,-0.001319494810139537,-0.5838147488657635,0.09177069877028465,-2.4490108681481013,1.1066447519433233,-0.9457027557690374,-2.155459353085473,6.483053377438458,4.60143051507182,5.420134330058442,4.242260483591696,8.892046331999726,11.53664006657641
2024-07-10,2024-07-11,RB2410,RB,0.008032128514056325,-0.0011386280763330187,-0.0010384423599047623,8.111875523398034,9.586968001935336,11.098458420249502,5.691010876965889,10.59823920444532,10.685774874070335,8.912933576229706,0.30459040022784156,4.421560223377435,13.457724083030032,8.13109927235702,0.5498997551974328
2024-07-11,2024-07-12,AG2412,AG,-0.027508671211577518,0.0039019681259524867,0.004411583562805035,10.986778824100067,2.431742965353799,12.707841156102106,5.701255070479969,0.8098393112571158,4.336440390647994,12.296517399799628,8.502255331519047,8.84669567034768,18.996657490142457,16.283510329661475,23.746931478375945
2024-07-11,2024-07-12,AU2412,AU,-0.002481736516480759,0.002154754538290892,0.0024068367352196485,-5.983563842366713,0.43419931098370546,-4.938208290956609,-2.1287112028647286,0.7653017691622201,-2.8264510524620916,8.54472696728546,4.854149285885344,5.816832290012718,8.762656109377799,8.330494856438285,11.067742019215501
2024-07-11,2024-07-12,RB2410,RB,0.001705999431333538,0.002297531165737988,0.002687793257426649,5.770284877594269,9.368743578866733,6.9480992530779115,6.251700791521095,7.912833451539703,6.529185266850011,5.239477096417207,0.6590276438106426,3.7230801579207657,0.1743552380570197,1.7530041627140511,6.092545875230371
2024-07-12,2024-07-15,AG2412,AG,0.002474634991338709,0.01457769324654046,0.02875304363289774,22.93567055929919,4.212817777362409,18.676439762448243,9.913911985480972,5.723120307974123,13.622112714053472,0.6494615105011212,13.57144890601835,21.55499512473784,18.22417383931146,34.39744802048923,55.56677367123837
2024-07-12,2024-07-15,AU2412,AU,0.002741459299873572,0.008001446444585255,0.016078781448532323,-12.39135132440255,3.744051994081084,-6.898681977173762,-8.518296728448291,4.869304615694865,-5.810534798712789,11.038665607538611,7.769349533618101,11.38760905060572,26.275268163708336,5.494767696408016,14.99266506142505
2024-07-12,2024-07-15,RB2410,RB,0.007947771785410174,0.0008533637269398588,0.0005989831995204919,4.764009088902098,17.60424828632002,14.656743107687028,5.5699363651523095,11.075780644281373,9.801689590351108,5.152669069282681,1.1940605361789425,4.333144094461586,9.125453719012055,-0.08327744496438536,0.02383764747807525
2024-07-15,2024-07-16,AG2412,AG,0.005917889286154665,-0.006044550569418558,-0.00750741304870989,5.920418723655216,-3.955200477235866,0.6463268954503296,1.3842007956996372,0.3993796457675334,-0.4548304724017913,8.693664001381457,5.211159996391933,3.49275299111655,-1.573032231231759,-5.96095541129288,3.1047115241127807
2024-07-15,2024-07-16,AU2412,AU,0.007227653631285191,-0.0030180756371147453,-0.0035625928207274104,1.1392664388762648,-7.054888858313511,-2.7189102938159033,1.9459110595035498,-1.5871811618087035,0.029663737293795123,6.100743295604531,4.710436680552935,5.182741271289483,6.217827029612501,8.330494856438285,7.221536082758113
2024-07-16,2024-07-17,AG2412,AG,0.003827160493827142,0.0011102203077088537,0.0012316266231984425,0.3714368680341926,5.155169532970834,0.5112342660144118,1.8397619445231563,2.6200064049729717,0.4768922064759855,3.2093300647720953,4.767153733194917,5.132147084882076,6.938158910057657,5.867823883414297,10.137063068255335
2024-07-16,2024-07-17,AU2412,AU,0.012457059578750096,0.0038481768670360654,0.006517676113034319,8.396605374707654,5.331339187901689,13.752550914138077,3.917681168557662,2.1743291805742206,4.199579736668776,8.140682437057924,6.081862278102037,8.75062109421092,35.12957395833593,8.039843345434996,18.694865171437275
2024-07-16,2024-07-17,RB2410,RB,-0.014414923685698189,-0.0008451895136177744,-0.000765990568364616,7.838654124336184,11.577341588401994,11.777538278992392,5.770426726947569,8.328564014700294,7.978570024043131,9.099405481820016,2.2656571920389905,4.847229149273337,18.06887895674803,1.8472174741528644,6.6724996531451835
2024-07-17,2024-07-18,AG2412,AG,-0.0137727496310871,-0.007257550768270015,-0.014294647214669104,-26.65153337701797,-1.6993402008347167,-25.587527137938913,-8.086450057136457,2.524820047601917,-7.984305857246483,-47.25441410864852,6.33671322243832,-21.45803399037635,-109.28167406092,15.509802342189131,-68.52768541453267
2024-07-17,2024-07-18,AU2412,AU,-0.0014376176621596626,-0.0009711095689127769,-0.002302929545124003,-4.338847846556058,-7.450549607247323,-14.37718449757485,-1.0502225284758469,-2.9734128016350416,-6.472463195412102,7.817059881785536,3.2203328795886885,5.525789852516703,11.819806823863779,0.6314724118043157,4.012861348453525
2024-07-17,2024-07-18,RB2410,RB,0.0028719126938541173,-0.0016944370052410114,-0.002027835556295819,5.194422750479109,5.017219382623398,5.539918773042248,4.997953165680082,8.999721353504933,9.066006624247215,11.33591866867034,-1.4063983438269656,3.8815464858546687,-1.9841289427117,-8.95364022010912,-9.00512352028127
2024-07-18,2024-07-19,AG2412,AG,-0.032978056426332336,0.00012297854039975258,0.00020727839171796831,0.039764371539242394,1.7612273966266567,-0.7364833080947806,2.309728119428016,3.7299193678274,3.1338278293852073,4.6151241584041935,10.227933109047417,8.06439756048508,4.599747545574367,23.481772575476064,20.29366776039089
2024-07-18,2024-07-19,AU2412,AU,-0.02321582115219256,0.001267275356696541,0.002389750963058066,2.5473035164979825,1.338920247531397,0.18717212132720462,0.9459449672852975,1.0035593554604243,-0.2768052080017749,7.025864085326393,11.41157056612157,10.864896497470149,1.4223219376261873,17.001906060585014,19.93155870210769
2024-07-18,2024-07-19,RB2410,RB,-0.0002873563218390718,-0.001434926347516808,-0.0017394360184893895,9.181061819778717,17.454603603246994,20.24367022385284,7.472622797549169,10.371728055078192,11.203450169939574,4.390667252126864,1.8327566357775258,3.4679796991429717,2.6065755551368954,2.0373359008242065,-0.5204370687321397
2024-07-19,2024-07-22,AG2412,AG,-0.0010457516339869022,-0.005626773207514871,-0.009762688752688401,-4.911559994298433,4.61883898782532,-6.147805724412001,-3.9570015644086327,7.6035947889693585,-0.007270541342687675,-40.09661813320683,8.015789347328163,-17.15735538492723,-76.04444822475025,4.620749290262256,-58.49925225983218
2024-07-19,2024-07-22,AU2412,AU,0.006170212765957528,-0.003364925575775965,-0.008483047979176444,-0.881078948897307,1.9283653459620838,2.240704173580289,-0.21546028131909,4.225406710968193,3.691928635414171,-29.781211693266705,9.996670211801762,-9.48441316063379,-49.96979296612549,2.574058361674463,-66.64231035653971
2024-07-19,2024-07-22,RB2410,RB,-0.006334581053843991,-0.00344234419097279,-0.0036045104385349558,3.546036186031845,18.02352215918264,12.484794108666353,4.526940421722936,11.229755140517991,8.449436225690585,3.620637655888686,1.313854244677533,1.7945299464860447,2.008217246368446,0.45222235166835895,-1.36960775838375
2024-07-22,2024-07-23,AG2412,AG,-0.004993429697766061,-0.008071909469799993,-0.010876809726060364,-6.723404450723376,5.71468924107434,-5.570996705212549,-1.68445651448486,6.93908853452303,0.03563374100544925,-34.21737351789949,-3.516393894767576,-24.132959635993508,-66.05178276408564,-24.377703685515947,-41.94817248582518
2024-07-22,2024-07-23,AU2412,AU,-0.002084953000212164,-0.007067167223092443,-0.012414181925930357,9.146813649883919,3.558535919497979,16.90150929577559,7.004937325221642,2.3608103949081816,8.62836680119763,-3.89004376847905,4.435975757715697,2.632691485093332,-33.03853857164673,-0.13314088986081798,-6.39640520278525
2024-07-22,2024-07-23,RB2410,RB,-0.014791183294663557,-0.0017261224078680233,-0.002111785666266285,8.744539365278479,13.252613913083515,13.444718649039238,6.917131621615174,11.719169804532765,12.19163549426644,7.821501956188004,0.5026770098332914,2.9873180017283905,8.291061581442758,5.698302715045716,0.3524141799141204
2024-07-23,2024-07-24,AG2412,AG,0.014680823174727964,-0.004196177151113736,-0.005752064108163628,2.2554555283435964,0.35550173059354595,-5.521063750027402,2.8011473811742524,6.032779029956114,4.0380422666354425,-20.717443629357785,-12.997374067169021,-25.91797415451588,-0.8271866170914781,-14.603743888256439,-43.39391931320708
2024-07-23,2024-07-24,AU2412,AU,0.007788820751392089,-0.0026821021160330885,-0.0039040627395461338,7.069565875989086,0.657451782081675,4.645276320349617,3.8375311050777428,3.009083970024374,4.921754544854192,14.745576637433139,4.643870725370292,4.072105800376777,47.42151459034986,7.7632673054239625,8.424657164076077
2024-07-23,2024-07-24,RB2410,RB,-0.004111600587371478,-0.0008696913144196627,-0.0009609003979491012,10.401847368993282,10.551031310708042,15.067936995224162,7.584989821084088,12.251325928441887,14.232354810588621,5.479958483699374,-2.9093120558491283,3.0938557012242387,2.6065755551368954,-13.86000410102939,-12.742157774917885
2024-07-24,2024-07-25,AG2412,AG,-0.06289551853286834,0.007499541761015868,0.009435748927731549,6.335343045247075,10.679662787978588,11.099518768057283,7.357825369287765,6.097458882287203,8.78285520425583,-2.2131646451234537,-10.557039266234376,-5.9520897510267075,-22.33135939806647,2.9954648362835563,-22.428564379951077
2024-07-24,2024-07-25,AU2412,AU,-0.026922271108317575,0.004769231656601033,0.006206281930901243,7.086161451366983,4.889043200625359,10.413054039696954,7.273669721813523,2.3366915621228186,7.031901516334411,2.222776607535747,2.6489949105739665,1.565063637117642,-9.591300243159045,7.890234134081948,3.5320395858728943
2024-07-24,2024-07-25,RB2410,RB,-0.0182836921262165,0.002352250423028867,0.002415213557723994,8.345147881870075,18.1082396704271,16.061692891227256,6.774076716541085,14.588738226863104,14.40183951470097,10.516786166510412,1.2729530556069844,5.005963194818098,22.221979866093516,2.781596052008565,0.8374884762389855
2024-07-25,2024-07-26,AG2412,AG,0.010975270908585744,0.0002583311820102097,0.0006830256634957163,7.745122503010479,7.075745022514185,18.224397634744758,5.800475848109977,10.05999343794221,14.569810894267679,8.007356874694544,-6.014712912221693,10.01110430539251,6.5202857520706345,-36.34846423106771,0.4152101928057889
2024-07-25,2024-07-26,AU2412,AU,0.004597205760873413,0.0015026298845350965,0.004137292311255946,5.4928526534516715,12.381057998023001,16.49513215776824,3.3691985426977333,10.124477324570357,11.801866808203204,7.466084719298194,12.565455969202562,19.858846279049292,6.5202857520706345,33.51828930623768,47.15764565374429
2024-07-25,2024-07-26,RB2501,RB,0.009340338587273678,0.00028839221540914717,0.0005669866269297878,5.849154986322447,20.002841063680812,21.174511538821974,6.442820135024077,16.95227791042772,17.97551526073395,6.93101555039123,12.56490683878589,9.844266833082258,-0.9079098429203109,23.651133984277884,23.83856301723553
2024-07-26,2024-07-29,AG2412,AG,0.005757368060315349,-0.008025503155996563,-0.015734992863846997,-9.83626964082903,17.150402163944776,7.079307036007982,-1.8154316793109206,11.588010299462319,5.432087342046754,6.602046400253227,12.878817379766373,10.96129569327882,-32.0172218459583,50.800115300922336,28.714683130362843
2024-07-26,2024-07-29,AU2412,AU,0.004385652142908203,-0.0008616047921280436,-0.0014834194056031458,3.343868652653561,9.557037661967522,8.548896698677975,2.622040482628435,5.67356150995355,4.813438006458539,7.167873263603271,5.85277576644348,6.7164353195748925,5.665432833286237,7.04650915215906,18.711510905554324
2024-07-26,2024-07-29,RB2410,RB,-0.002373183031741277,0.0009007657117083525,0.0012816967670874722,6.096651571346879,6.503507537296045,3.9175093854897534,6.510194233176808,6.983558259136698,5.927296941111189,3.891141948211601,2.31933830776049,4.45250141004874,0.5386646462404284,20.71023612871762,6.8917003197285345
2024-07-29,2024-07-30,AG2412,AG,-0.005313351498637653,0.002470492609799653,0.005086101525795858,-2.6075455436993824,24.064413173677924,20.234375650281635,3.910974873544987,13.807924091306102,14.588966163971676,4.699397458844644,17.144671098127116,12.65464468665607,-6.903149812524165,40.39979530377181,25.67767907027377
2024-07-29,2024-07-30,AU2412,AU,0.0004965243296923827,0.00267776013763655,0.0031246908343771805,-5.173613470470101,-1.837703972179623,-5.580071166791475,1.0370004291043666,0.47136169596396815,-0.09241654075447192,10.054781884315345,1.9080386646248746,4.827607831073466,12.284603452076384,0.4483226161928418,4.4623476502218695
2024-07-29,2024-07-30,RB2501,RB,-0.02029573789504202,-0.0005785363192895918,-0.0007802004061363987,6.638632979633494,21.259796886816805,20.535718290570266,4.801678176202388,14.74919139920165,13.446110836525,9.105260375387992,2.711626823185907,5.512838770498805,16.928243845073116,-9.27146230056949,4.926933975617728
2024-07-30,2024-07-31,AG2412,AG,0.026532856750068667,0.00040880289456703893,0.0011112130626651506,-0.17073886704269414,27.70279957770207,25.723945297393477,2.4970591312899213,15.840460048125667,15.543281958148096,2.606808679847709,26.860479323151385,14.741682667307062,-5.595634783257025,52.90016350398588,16.843247869028954
2024-07-30,2024-07-31,AU2412,AU,0.009520764503179624,0.0009580414109872657,0.001005422636408462,-1.7484817567495599,4.9737816165216415,0.9774132711790848,0.2565606997803118,1.567482776805936,-0.22917193487471277,5.653345209845378,3.6297104210592033,5.137381227619809,9.125453719012055,7.497051209515225,11.208891789539885
2024-07-30,2024-07-31,RB2410,RB,0.0075734625870949035,0.003265551365644112,0.0046427318395619085,10.388360966711707,10.192971140446163,13.219277384403483,5.76366288659399,11.707216404223715,12.145181512505252,8.627423553061627,12.608701448545212,18.651779839581536,11.088590306470042,61.96896005413222,63.321175071792794
2024-07-31,2024-08-01,AG2412,AG,0.00588235294117645,-0.0037049785091513836,-0.01010627216499431,-2.3589733027851443,-0.7384354162376696,-6.5035209291595315,-0.47431216792630515,1.7102805460121357,-3.293894230567781,-0.5990125379855333,29.540308180858688,19.10354952689302,-40.457257264367,68.29658767764143,20.08158015563904
2024-07-31,2024-08-01,AU2412,AU,0.008093461890351206,-0.0021646950378827034,-0.002782992980695314,2.863716373746375,-5.790896143291652,-3.810997474537115,0.9958610710101228,-2.574880920388658,-3.522765133200441,6.582205511264,3.411626504155145,4.197264362397269,10.617101405498314,7.526909898789229,3.767073985602731
2024-07-31,2024-08-01,RB2501,RB,0.013835737415366589,-0.0029638433077370206,-0.007889697430594594,1.3364529835301795,18.528080048185164,14.492391655292579,3.5280157422951794,13.929083823959889,10.877797714409578,-2.0074963299388253,14.079958641805622,8.663676710125458,-9.254491745867401,22.133633119873583,10.349455532704223
2024-08-01,2024-08-02,AG2412,AG,-0.006229290921139774,0.0017394799328211625,0.003760507095867283,4.869494462497797,20.11047461809659,24.707974798701613,5.505999815459539,12.088753195304676,14.973899801227898,2.4379229979808383,22.488810124679762,15.032046132837156,7.547594282801492,41.33549657776384,37.1988968341308
2024-08-01,2024-08-02,AU2412,AU,0.0027861944067146815,3.5189583886871786e-05,4.158058450775784e-05,0.9834311989350168,-4.7986620226959555,-7.099469386010156,1.4685633615732288,-1.7065845526461407,-2.7485160128672166,4.663990226455135,1.955543439278288,3.0321778966568913,-3.630125958980575,2.0802096410336763,4.2961663047944185
2024-08-01,2024-08-02,RB2410,RB,0.007453786523553996,0.005995221793896338,0.006234434195302966,6.653884531650856,7.932180972892738,9.263516525904574,4.168585705860798,8.04248288793509,6.5538463384197545,2.8282770278960934,8.543653352260707,6.5033574337746325,-2.042275906958231,24.240807627015005,3.9102063663515465
2024-08-02,2024-08-05,AG2412,AG,-0.03795620437956204,0.002787180781028346,0.007952152584654088,8.797698735414276,14.652442600127847,21.6070092389455,6.197900541086948,8.174127099734298,12.600602683030843,7.915156664687905,30.75765085778577,21.964874011310197,25.71685395844375,55.05195289445948,36.93022424016505
2024-08-02,2024-08-05,AU2412,AU,-0.02505900319311405,0.0022663491857474916,0.002545081793869618,1.366293763922831,1.4985845216037839,4.284484500748549,3.248494690315377,-0.4482240975037497,1.6766525207496126,9.586516955609719,4.95104115962085,5.516682312842855,11.450985277726412,5.083705525677753,8.790965573562353
2024-08-02,2024-08-05,RB2410,RB,-0.004435245416913092,-0.00029810702262802357,-0.0002771734215028579,5.622257321807442,7.0148404359633165,6.899754717787783,4.205600814079181,4.511643391014744,2.757836705431589,7.566899559911177,8.766435948167876,9.03700389653826,13.4713506926859,29.194914858927422,30.717496558759215
2024-08-05,2024-08-06,AG2412,AG,-0.0038938563599654197,0.004922513764738471,0.014767541294215415,16.30816571896246,29.09810728625035,47.131288897092546,5.477319835365334,19.968257209701072,25.604002668631505,17.164498022541032,29.487877731366293,29.179452273885794,46.41642417333839,77.77776600077316,64.08291228990808
2024-08-05,2024-08-06,AU2412,AU,0.012459016393442601,0.0006596649835605361,0.001697288545156071,5.371885171811011,2.544531798724611,10.326960415414286,2.3885441838441386,4.131781834092105,6.364469197881508,7.824853086115715,13.50790208691118,18.93004318992182,7.678879229851314,11.8909139144843,52.693421649166275
2024-08-05,2024-08-06,RB2410,RB,-0.013134328358208935,0.0008874427442357564,0.0008466647115769106,4.752342938698199,7.874013735995886,7.1974723947748025,4.756485729080849,7.200967564425798,6.600971377175656,8.739149227791229,6.037746831255773,6.542000632824003,6.340749264624572,13.53832329751909,5.65864759483783
2024-08-06,2024-08-07,AG2412,AG,0.010315269504576507,-0.04442668105590906,-0.12130426070189852,-89.6404990761409,4.4006256675535,-89.22560809181131,-37.805099603773634,6.795167543234635,-43.61379745201383,10.873233735920476,34.59572402690277,19.375392442594883,20.082543627396387,77.10564048868514,66.62212073437396
2024-08-06,2024-08-07,AU2412,AU,0.006787248637134979,-0.02304747316061255,-0.04934825459909233,-10.204553913062373,-5.959429472391276,-19.360803044485955,-1.8289724129605869,-1.898101534396167,-5.842700236231368,12.564500415485522,5.096431877929042,6.362720677584387,-9.211251541305773,6.70274952877628,-11.039737990397821
2024-08-06,2024-08-07,RB2410,RB,-0.000302571860816947,-0.005061794341962391,-0.00547846558343981,5.20779524489809,1.9700826192768486,-0.3037205077991336,2.1437606504611226,6.94512990404815,3.445622934842151,-44.686498739254496,-2.692874915580231,-27.633950634116317,-50.20363763307271,-29.486034316708057,-86.594432710973
2024-08-07,2024-08-08,AG2412,AG,-0.007022069360848371,-0.003480786690608735,-0.0062455815829454454,3.599903312694134,16.04388588826139,24.240677678919887,5.30302762480187,10.818233606281062,14.75288584195913,23.54565587101925,7.735384765724736,15.550335609763646,50.154784097644736,-18.203387552156563,10.363868343401775
2024-08-07,2024-08-08,AU2412,AU,-0.0033607436539149216,-0.003351898040148552,-0.004525876683283539,-3.382656451487213,7.167795050925444,3.1042635238960368,1.9099514148410872,3.1817729794665426,2.402792083715518,11.225947622900767,0.8397151321199026,5.223638926716854,32.74889734530606,0.5339348158314416,2.162237106825551
2024-08-07,2024-08-08,RB2410,RB,-0.015728977616454975,-0.00030252609518284767,-0.00021211157984985773,5.856406467457914,3.439500669959554,5.742457272374507,5.800938850029527,6.2593403739728375,7.493715926745013,5.626949428266553,11.226245148344798,8.921601473566449,5.740382657249283,41.58213945892167,21.14567680537915
2024-08-08,2024-08-09,AG2412,AG,0.018268124280782505,0.003445309178912825,0.0053365105125272524,11.690491418691682,25.555074839561783,35.6574045232463,12.389266272898073,16.409586684121898,26.8257011953104,25.376828153373634,2.88302200656329,12.34063172527238,53.779754605672295,-25.899897756678012,9.159204983570085
2024-08-08,2024-08-09,AU2412,AU,0.002818107230763811,0.002971876795687073,0.002342322227631387,0.6483715242505248,4.466941284514985,-0.4850377476997627,3.8995559366441275,3.2331321300643525,4.346107708247109,6.961391699961103,0.7523040879792842,3.3503498684674917,-2.137766811436983,-4.365023620029073,-5.449985896410925
2024-08-08,2024-08-09,RB2410,RB,0.005214723926380449,0.0006051437401008658,0.0005586800745359118,11.127990617498725,5.052243442034113,13.229653812164907,7.186828268634471,8.831077365221978,11.799203740144355,4.601879195071911,6.4212556475846,7.302565925243117,2.6065755551368954,36.04882848122799,20.59026652731351
2024-08-09,2024-08-12,AG2412,AG,0.015378103837471846,0.0033138853178467666,0.005827882863148894,15.489483902155822,1.498543299507907,16.452969206581976,11.740728003739815,4.096385489661523,12.144620094020318,30.515874313809643,10.368147468398842,20.646175600420527,72.18880092358675,16.700489472939,26.047508943566495
2024-08-09,2024-08-12,AU2412,AU,0.005747330329584521,0.005616284057405571,0.004694946530745452,4.264413061624317,0.9132500187251105,2.576643428887226,3.884541641603164,1.3487965376256317,2.4438625996397274,3.965682043467438,0.7733653978499229,2.7724441526577897,0.30009556197317117,-2.9605869407161176,-2.398916575499976
2024-08-09,2024-08-12,RB2410,RB,-0.01678364357644191,0.0018421865817702093,0.001997741035026304,7.868734727509886,1.0759650285046396,4.288357574260775,6.965864653988622,5.099791829555672,6.051612283106369,5.2090102443216395,7.747632528819931,8.654698369209763,5.454157916912381,39.000588545002174,25.592758390701903
2024-08-12,2024-08-13,AG2412,AG,-0.0073560027758501345,0.0012705585107276325,0.0018513897579511532,20.354342005784233,10.300858947753214,26.953843541591283,13.334581003393044,5.624268484337823,14.620801746886723,23.974353793966802,-6.298872292117595,7.6393053784631455,47.28889327329099,-19.765241287840386,20.676903934403203
2024-08-12,2024-08-13,AU2412,AU,0.00415010726972187,0.002664347301627411,0.0018255420344875496,9.512061361333277,3.995905329195227,10.236538566019263,6.783876130751066,0.793116987065599,4.557413569428331,4.189147550954593,0.4428649037845314,3.9219634408616746,-5.779419531745368,-5.431280913488104,-1.9413922361019185
2024-08-12,2024-08-13,RB2501,RB,-0.01684210526315788,0.0038501454343011225,0.007008074986592747,13.239637395738136,21.365294810113173,25.276150221657034,5.818953804710684,17.2315334034725,17.07873656872261,12.915326099696268,14.629128088373585,15.234088090657297,48.43809616683079,0.34894529437852406,51.861316522869025
2024-08-13,2024-08-14,AG2412,AG,0.0016790261648242932,0.0011109569258182508,0.0012755976016006576,-20.653080135062506,12.803184805626474,-2.8279630372185567,1.542872830002055,9.531343961918962,11.239091213702949,8.330017161489836,10.2203515428073,12.22012632569495,15.493547375810957,14.944179303806832,21.626727061102017
2024-08-13,2024-08-14,AU2412,AU,-0.0018212384421405492,0.002958686248344798,0.002566170287345472,-23.8969984729024,-7.028413590128443,-26.647575236014703,-5.041125223333936,-2.432646167277926,-8.415348761377324,8.227195164151423,3.0000479750075426,5.064348923165911,10.709014489945002,3.7863473660264972,4.292652826516283
2024-08-13,2024-08-14,RB2501,RB,-0.02518427518427513,0.0024089141429020455,0.005141385444500415,7.469015469217033,23.04927032970332,24.140262155470758,4.578845397239493,18.502831087788234,17.8014484006579,12.495872883311948,19.278336344518006,17.338040387589388,26.195102545493764,61.196764892109655,59.71775187275131
2024-08-14,2024-08-15,AG2412,AG,0.006576185812228852,-0.0006993496333711643,-0.0008009645297929305,-2.9341154581256657,4.524321237048248,8.761110053744526,0.23881307691000853,2.4974696983923037,3.849695904410719,8.312917315241046,8.786470323359055,10.304028112071656,16.928243845073116,5.706953003534229,26.702747559364887
2024-08-14,2024-08-15,AU2412,AU,-0.0017902274641954374,3.502442954326308e-05,2.524205135960904e-05,-8.9646030895838,-2.4042760434959045,-9.23460796437655,-1.6850213326721226,-1.302491708434367,-3.0910849365324915,7.887594133241734,2.590637886671294,4.904312104998373,7.658604823723708,1.847088134767486,1.552779278786576
2024-08-14,2024-08-15,RB2410,RB,0.002893890675241151,-0.000630517044848206,-0.0009327893295748724,5.683472528247789,10.818171269898771,14.793240257903872,5.1364222191290025,11.020143374932116,11.851291151968047,8.432423463623707,15.30176393496772,21.386463463798716,16.928243845073116,37.70971041656966,47.13000301126772
2024-08-15,2024-08-16,AG2412,AG,0.01124219292158224,-0.001677618176206149,-0.0024416216914094706,0.48717270341479857,-0.7872651887038562,4.889304387765454,1.025335601925351,-0.43981010504717144,0.320232305244573,7.184329881192862,15.910834315275743,14.138903758807485,4.290770540132853,32.40833276199646,9.894187865205332
2024-08-15,2024-08-16,AU2412,AU,0.004835180348697676,-0.0004211412991282786,-0.00035503248843920355,0.8718332254906374,-0.014381414414842197,1.9329949197042315,-0.9439030956840391,-0.667316888637786,-1.8567687056827977,7.985329579275902,2.086084322917658,5.029352266683031,16.262351271414914,0.779680065406028,8.207834527410755
2024-08-15,2024-08-16,RB2410,RB,-0.014409221902017322,0.003543247385531518,0.005020530986370559,9.59180005792912,20.35365844586825,24.572767239275798,7.284182061630384,13.293244764526644,14.525856651088928,5.554327170460935,-3.624066144940194,1.750973160125515,2.805363150589154,-8.021053532350987,-7.026179620174915
2024-08-16,2024-08-19,AG2412,AG,0.017901065864990517,0.0015278841780531714,0.0021964913913248745,2.373251127958203,-5.44799079106839,1.7374513664253524,3.064602948171374,-2.628906336850201,0.22039023064925578,4.453426660396653,5.139016510195553,6.310079819183301,5.636817446443339,10.804330953665126,2.858127640392258
2024-08-16,2024-08-19,AU2412,AU,-0.0023916811091854173,-0.0036286171818551705,-0.0028851227928657747,-3.323522548130131,-6.476863231494432,-5.317925503255891,-1.4787015313914926,-3.4515686573909514,-4.8299613506810175,2.6999567315127537,1.9979732425085475,2.8728971411536772,5.423996621217123,-0.7165124074442081,-0.8748987773710732
2024-08-16,2024-08-19,RB2410,RB,0.029018584936419956,0.0012816406752752332,0.001379600601065305,9.967495783163955,13.053255031332812,20.678428566766897,5.903020180444391,13.265045485991777,15.462797780058626,8.201663605493128,6.011240261091653,10.337960689273158,7.658604823723708,38.48443764197615,23.035738052130817
2024-08-19,2024-08-20,AG2412,AG,0.016689098250336487,0.004382368010643003,0.0059007709921249036,2.341788439862199,-10.368838194587452,-5.48477016206693,4.282806025453723,-5.620545201380515,-2.821531638050813,9.680270163015834,1.8532248564997458,3.957430827558879,28.8589073494647,6.237148171388085,13.656456612642476
2024-08-19,2024-08-20,AU2412,AU,0.004672897196261738,0.01322396758836105,0.018612529340403545,-6.01128601862036,4.124089668941094,5.714172568264,-3.2341181150276803,3.62201763802147,-0.29375718937524953,8.968793701918184,3.807971505961514,5.056422598854191,31.51159439601946,-4.4088651147428015,-8.739031792442525
2024-08-19,2024-08-20,RB2410,RB,0.005069708491761693,-0.0035801502845730286,-0.0057632740316896905,3.971515999980176,-9.030065297894561,-13.390128996828123,4.867610152730124,-1.2897723358049946,-4.7078369383582,2.505415519155931,1.2841432457850273,4.977773061415131,-8.525719187363203,10.502528999133364,14.36456544354112
2024-08-20,2024-08-21,AG2412,AG,-0.007611548556430425,-0.0025539364644714185,-0.0026076583397749336,0.8042780869924862,-4.7444060753079125,-3.8952149147924127,1.4407337724052356,-3.5975823981779858,-4.602574699260215,9.888248007271418,-8.742493203658862,-4.563432837557484,21.832568178201345,-39.94785690635207,-14.475731441519484
2024-08-20,2024-08-21,AU2412,AU,-0.0034826385297058726,-0.0036549112165885846,-0.0027420723269123135,3.2141730617246487,-1.621723432960223,5.66142122550222,2.4092193216769964,-1.5937873493570809,0.5371294272563012,6.032093612810738,4.912836824673933,4.186435198988501,3.8661091320453496,11.20767501280464,8.872922689349362
2024-08-20,2024-08-21,RB2505,RB,0.020826952526799447,0.0006178560591980444,0.001111961895337703,2.5936654153390135,22.579822136574183,19.353528954930916,4.64018951113664,14.889920353298681,13.316868174694747,3.8981063716582867,11.956391801440562,8.56589942924588,-4.0663500538017185,18.99632012339645,16.404266662165956
2024-08-21,2024-08-22,AG2412,AG,-0.008185899128597796,0.00869914540828989,0.008949352962150098,0.5960914113838589,3.2350644231005323,-1.902438354303758,1.1248240867755452,1.7177521500143673,0.7655770951009604,1.1632230645566588,-3.9989800314502553,-1.2500567473980009,-11.757655400860932,-17.009252216309996,-25.142007019333555
2024-08-21,2024-08-22,AU2412,AU,-0.0011785095320623329,0.006607763054140881,0.006023273687672586,-7.374132818719439,-0.7006150546686496,-8.12761723286635,-3.1465698759455467,-0.013013779278300941,-4.355698097006153,-0.3818859231447785,4.791706884698143,4.059684432380588,-14.953822525906844,8.330494856438285,-1.0813282003023255
2024-08-21,2024-08-22,RB2410,RB,-0.016119032858028515,0.005345084255319001,0.0048626187052203396,3.322917905229046,2.4445104546217427,0.18717533087018667,5.990094429572885,1.9031700565232035,1.8096135168089393,1.3913110732945448,4.502786100484251,2.1993733115517835,-0.3454631415619664,24.991688854723186,15.139224976153153
2024-08-22,2024-08-23,AG2412,AG,-0.007943863365550086,0.0015856240108618614,0.0014970223220555619,-1.3231323263162436,3.9158317001864185,5.46243523109079,0.06618288280461027,2.964347762394778,3.4361381869066556,8.027390542445406,1.6873062456710681,4.913205414740135,4.7464331352877505,7.6032479726215945,5.58219301210906
2024-08-22,2024-08-23,AU2412,AU,-0.002569890606007985,-0.001731602164277935,-0.0012582119834229314,1.9425058491713505,-2.8627640036602258,-1.019623001349104,0.3724502000901557,-0.8574592772518512,-0.8255834918251694,9.980978332087307,4.947040935805686,5.876911981940352,6.858461902527389,11.6262255079469,12.737833420848386
2024-08-22,2024-08-23,RB2410,RB,-0.006614173228346454,-0.002785948249846776,-0.002559824663791316,4.48567044665095,5.28791948401378,7.300241193572041,2.9703256080781943,6.85309485780105,5.9809956518242,-5.010452586349763,4.481735263179126,-5.433456062414461,-13.935475926184807,-2.8950880884155104,-35.456173232668604
2024-08-23,2024-08-26,AG2412,AG,0.02237613212573253,0.005443093425349029,0.005697869166357292,12.064511091673175,-2.8852336219998924,4.944747862650469,4.579374365444337,-1.074553597415683,1.8673599580533207,8.0950671594636,1.1302637137769034,3.269770217882221,6.563094602328433,-8.751301649407065,4.02560534961505
2024-08-23,2024-08-26,AU2412,AU,0.0034723427896801162,-0.0007290274749647334,-0.0005941175816832106,-2.6467276351769353,-1.803651087651334,-6.411548866988166,-1.0140315349726192,-1.2361636936347287,-3.730866775671441,7.869271736067276,5.161168733227139,5.742901188329219,6.992712250065514,11.20767501280464,12.737833420848386
2024-08-23,2024-08-26,RB2410,RB,0.03258462511863325,0.0003150102404376798,0.00025475189902352734,9.456436772313092,6.337306351073421,13.608527637246594,6.924563655759824,7.680292500120229,10.753414392332875,7.4176251805216875,4.692364429592107,8.175950818499345,5.685707239413843,24.267090784810776,13.971133377692622
2024-08-26,2024-08-27,AG2412,AG,-0.00013058239749286216,0.0019998673420887595,0.0025703321983783665,0.9969713126677586,-16.38835063241406,-19.50381294812567,2.3663737593602994,-9.157735219978122,-10.474016134856765,7.464424987544,-7.949005949439673,-3.6074943009189253,18.130979342347306,-32.042456240999385,-26.603083409895262
2024-08-26,2024-08-27,AU2412,AU,-0.0020032466411079586,0.002712101801485458,0.0027937856308519185,9.679557430523154,3.3594615277282847,13.724810216241737,3.3798135803060854,0.8781968145255052,2.9813582180589937,8.489088913643624,4.462624067110418,5.470703773731097,11.450985277726412,5.083705525677753,8.790965573562353
2024-08-26,2024-08-27,RB2410,RB,-0.0030684258975145484,0.002216944692634039,0.0026839215931130883,6.504763803810805,-25.518665723345347,-27.440984282722944,7.616004310688005,-11.948716033928537,-11.813606585543335,5.612564898105125,-1.925297682663046,0.9785781782201803,-0.966279873617896,1.081601841237738,-6.261009572051485
2024-08-27,2024-08-28,AG2412,AG,-0.014790575916230342,-0.002347725090350688,-0.0016355676925328606,-1.3445323311910213,4.90875964506067,2.863001773263179,-0.4929196703334,1.5215891055710062,-0.8677317112658618,11.565487228674918,6.011729390430107,6.788531172966841,12.162085097484745,15.521194869883166,12.835239402467987
2024-08-27,2024-08-28,AU2412,AU,-0.0006926406926406337,0.0018668331495122965,0.0015432559680873077,-3.9599826518490664,-1.5636911225516115,-7.332656042619645,-1.4457957395100856,0.32884032029935417,-2.551485965468006,9.752029357316713,4.455231358774322,5.890077072486792,17.046214702781697,10.138065052822455,12.354218737600927
2024-08-27,2024-08-28,RB2410,RB,0.004307692307692346,-0.0015330372464361362,-0.0013277176416591622,5.463106203806633,5.21827009176167,6.247759323663917,3.9785774422219586,5.40200550085438,4.779214067356639,12.416126417058873,5.8083383328085185,8.130852607818166,13.491625098813506,14.292812768627037,7.530595966614486
2024-08-28,2024-08-29,AG2412,AG,0.004933333333333234,-0.002222658952557287,-0.001896507870912453,7.558733290798834,-1.8609466068895952,4.729004501032976,2.026649119662122,1.8835286365868613,2.577359801140719,14.109476569922617,2.8569831209998426,3.7366254971265116,13.59717450469984,-4.231003723691026,0.03126365399317993
2024-08-28,2024-08-29,AU2412,AU,0.0025021720243267875,-0.0006924009277836827,-0.0006084245933605232,6.567546062068962,-4.0617714050105445,1.1409134418323372,1.8063200117398315,-0.07861053973830412,0.7208380091818456,7.1679379330716335,4.124600109537073,5.234186481480807,5.382895595266612,6.598659711492097,11.282667716323749
2024-08-28,2024-08-29,RB2410,RB,-0.00030674846625766694,0.00030773965468286355,0.0002000022060368486,9.53846063437902,9.520307811607985,13.285243713445972,6.989409936058805,5.943798863625411,7.202885903278396,3.9533190156208904,4.1739625421876285,5.828135210752392,4.1358602845922,7.159412392688316,5.471373549190053
2024-08-29,2024-08-30,AG2412,AG,-0.0005328360197148774,-0.003593535510130201,-0.0026053563157463116,-2.080331097192734,1.4977527696149284,0.09326767490072951,1.253764827449591,0.3949984831683633,-0.8025413146514455,0.01791647110841393,1.3232734340557106,1.8153885314214244,-4.544127496519864,-4.991553581090024,-1.1130762785024488
2024-08-29,2024-08-30,AU2412,AU,0.0010081346033510297,-0.0027763335549834045,-0.002365501386502729,1.6340992466928888,-3.742004689836056,-1.1043675917664073,3.4417597936332016,-0.7209360361243222,1.873239741777178,3.2833134535736574,3.9503132455469645,3.876362012919284,0.6345969787075257,8.16967867232228,18.25460572165256
2024-08-29,2024-08-30,RB2410,RB,-0.009225092250922495,-0.0012262417232442964,-0.0008715394579437763,5.07921825587888,8.442858625177156,7.458784432531385,5.577644086522094,6.174182867738569,5.8779020437176595,5.602675242760416,3.799880265775077,6.065875289829608,1.750677402838817,7.52266616708519,9.476809879294635
2024-08-30,2024-09-02,AG2412,AG,-0.036933333333333374,-0.0039883062704675195,-0.003150649091519688,8.284573161196207,3.501395991778808,11.948097305214704,5.2229204335792945,2.7414311737361308,5.95983503079009,4.218511163087451,2.468754888688565,1.7424859275531777,2.202046170594794,2.7176219224926816,1.261807360416091
2024-08-30,2024-09-02,AU2412,AU,-0.006592415252766992,-0.002811867230296065,-0.00300003031283993,-0.8072812958614133,-4.343811648040715,-2.860657536579761,2.9574044105103354,0.35796483300484416,3.182410449063389,1.4477579879770965,2.5129844239201096,2.6111881914793424,0.8405735824322257,-0.9264925224825794,0.8966271387078186
2024-08-30,2024-09-02,RB2505,RB,-0.015610927649354567,0.0002988196645573886,0.000256614844809432,8.553999814346184,4.276594632683421,9.253776484267561,7.115875255202969,6.332263582267084,8.854253196743072,4.503646897526136,7.434422979285528,6.07392807809402,6.740791975987239,31.643558174702935,15.779843528536626
2024-09-02,2024-09-03,AG2412,AG,-0.006053935057787507,-0.00039992002132694667,-0.000422911277429742,10.39390700538003,0.7779060578464012,15.276527796313102,5.785715897521037,4.876955744944256,10.590447455537065,5.070496220709083,6.659022154798255,14.286869970174678,1.4585231175689786,-12.85080780490969,17.87296664279032
2024-09-02,2024-09-03,AU2412,AU,-0.0005573553488694705,0.0009025271370753952,0.0010627835205061515,4.951165219040294,0.3258785731464715,5.644503758860616,2.8449727071165314,2.622258316340119,4.7367890980052305,4.091864177841083,2.223169091260588,3.4889373791891405,11.463925253757944,-0.9264925224825794,1.7455780592956083
2024-09-02,2024-09-03,RB2501,RB,-0.0229599751784052,-0.0015223020141832027,-0.00410813791450458,4.939866027104284,23.46199865824378,25.777716351735464,5.630339152825561,17.901795864855405,19.096965654381137,9.037129707665915,17.670042181327844,11.061257646117934,16.463537884215988,24.08909050307094,35.89604826005726
2024-09-03,2024-09-04,AG2412,AG,-0.020246845097767308,0.00621077146521494,0.003649513800332285,7.512036611482602,13.241875687645495,8.020187680208046,4.4373408381338,8.7793708387167,8.205576043425891,3.3473615889200317,-8.197701403362124,-2.625859207627874,-8.542141128564625,-33.29046313529282,-25.208158045391038
2024-09-03,2024-09-04,AU2412,AU,-0.006416515553075652,0.002650948568407346,0.0017167432375416627,10.73617947662538,0.42149551694522325,7.628640959519758,4.193155805156254,0.38488543483038473,1.9353002971216384,5.82056979220248,3.830371769469016,5.037528514892623,0.2023826429153605,4.9093575594585355,9.153903066951747
2024-09-04,2024-09-05,AG2412,AG,-0.0022471910112359383,-0.0018011781800618592,-0.001569632082196417,3.734251245149879,6.143047445692028,6.122032230355556,3.0237542884715545,8.290586775571661,8.264768083103032,17.33927211269478,-6.399570049734742,-0.09173622890337114,16.44913617124396,-4.512419751218602,-0.7366136769077989
2024-09-04,2024-09-05,AU2412,AU,0.005608918179906164,-0.0005229487455104529,-0.0006885379080203851,2.488192823279643,-1.1952988422122135,-0.4129842366439922,2.3692644837615586,2.666655089575653,3.529903102208054,7.562396470341814,3.6988187008403686,4.971648430411775,5.685707239413843,10.799237453899012,11.010173687516408
2024-09-04,2024-09-05,RB2501,RB,-0.008681672025723453,-0.002862142198725651,-0.008586426596176953,4.112265018182878,54.83483072279828,49.55714105956821,4.335950574005452,34.18110753764598,31.597954265619467,10.227797439536468,17.958765169273494,12.901226033264038,35.864037618180404,13.254430932960766,10.212880831794594
2024-09-05,2024-09-06,AG2412,AG,0.006529591553209313,0.007754709287393561,0.005692623518750927,7.654561346361575,6.80014689242279,9.957283528669585,4.330792572673698,7.038211973390034,7.707726898123132,4.40895455500778,-4.702981102566807,-1.430025784548154,-7.400578653454351,9.222137772435692,-9.97864863711879
2024-09-05,2024-09-06,AU2412,AU,6.950477845335534e-05,0.0011926059851231061,0.0015810280655250033,3.403993344063293,3.883232991466727,3.4165387596917562,2.512586336135704,1.636452758923042,0.975506696151434,5.048307309813577,3.222825028436074,4.68780490170023,3.945998262264069,7.686591913167404,8.416493565668178
2024-09-05,2024-09-06,RB2501,RB,-0.0161238310222509,0.00032159511452589906,0.0009647853435776972,7.527009091608664,38.74190381775577,41.87539790477613,7.550275832206168,26.430194296975525,28.52495703747221,4.933003188703326,12.419761389885206,7.768873857411932,2.6065755551368954,6.459171298246625,17.258949927567325
2024-09-06,2024-09-09,AG2412,AG,-0.03898071625344357,0.01314520396696998,0.011692536535627074,12.38593831163988,7.208153200847025,19.20570588642444,8.074718879631167,4.330407722498256,10.919425371576006,-10.353082048890327,-5.3764010585726405,-4.528865544980697,-14.355030805511825,-25.39621869714557,-12.80403247187591
2024-09-06,2024-09-09,AU2412,AU,-0.0087493924033053,0.0030977557359248794,0.0032262394070741588,-6.492856317428097,5.678600615784721,-5.174256691221959,-3.8134685914439697,2.633960770180633,-3.52805752890395,9.16948974875525,3.7099023838029765,5.5064912198079,9.086897172022892,6.935499733953782,13.676307037616805
2024-09-06,2024-09-09,RB2501,RB,0.00588235294117645,0.005821491214298478,0.017464473642895433,20.2610069194623,38.610816652271545,43.693777564206414,8.19997268504695,26.030825582569754,26.211518551465357,16.971925334856646,20.663764928128515,19.77149308817292,56.83905444562115,54.73571166094735,35.21130894772485
2024-09-09,2024-09-10,AG2412,AG,0.006994005138452719,0.0020682530640590605,0.003221016644805899,-5.125445968715886,-0.9690540446275331,-6.344249114358522,-1.7189166942366159,4.460190465271903,1.3679834222536664,-11.52577058293389,0.5054142459833945,7.085006062742865,9.539082170614448,-17.48025393555319,11.099197532575648
2024-09-09,2024-09-10,AU2412,AU,0.002405438382429903,0.0008683722041362906,0.0016472336491982098,1.4996680605881103,4.35368518478657,4.493348786109128,0.10115089714871983,5.21634582555296,3.993205528179721,8.139413840508608,6.72415234491118,8.922061372950234,7.658604823723708,9.28854981191884,13.62906184735481
2024-09-09,2024-09-10,RB2501,RB,-0.0012970168612191912,0.0029455102297567446,0.008836530689270233,9.944410772834093,30.547301195914617,32.68236458880452,7.034179683938164,19.771381308437384,19.2953328532301,11.439844392563773,16.07157682016418,16.814026839581775,45.20939350669789,48.69423438954589,35.23464641974719
2024-09-10,2024-09-11,AG2412,AG,0.01441696113074209,0.00414789981819552,0.0034678126278114246,-4.337211371496548,8.261763852037724,2.8215591216832157,-2.4457133898875343,4.046819161385551,-0.4740718227276157,-5.5865507397544185,1.5136160155176979,1.3012206727450732,0.5211244328978593,2.632696563797433,3.3045642949155827
2024-09-10,2024-09-11,AU2412,AU,0.002428447528187272,0.00471740195181527,0.004914379536657196,13.130952326260523,3.7869909612631094,14.528738976457836,1.6771693724864756,1.5836099334394458,1.67003148256478,5.5799213577770885,2.1971911015924537,3.3800911527006914,1.239957195757154,-1.3424131028879334,1.1285516736895223
2024-09-10,2024-09-11,RB2501,RB,0.018506493506493582,0.0019474202843956288,0.004755833473060927,9.743040495122969,30.6603964939653,32.497815872238306,5.15459427016851,20.704910892332254,19.60269012687133,8.86107572873477,17.971045242111554,15.855820170251663,11.599285375971519,18.051831227227378,26.67762986382379
2024-09-11,2024-09-12,AG2412,AG,0.006752004501336284,0.0028308582245239132,0.0027510707889044817,-13.918182920315981,-12.158852485309405,-29.404976009852255,-3.7763312882838287,-6.515948477555789,-13.552575740701522,-3.686876652548258,-4.283019920761232,1.1426562527957023,3.661830518504456,-10.900804452192402,2.8344275967673624
2024-09-11,2024-09-12,AU2412,AU,0.0042117720769951905,0.0024661781547219517,0.0034528337099484197,-7.0557799413319,5.0128655180786,-1.0133919731214123,-3.33162128297354,2.6983869329731407,-2.055704550617564,6.855878015332253,3.223993299458096,5.542960496125564,8.681657436455813,-3.989961783312948,1.5521520519946812
2024-09-11,2024-09-12,RB2505,RB,0.01170515659601401,0.002249719734015546,0.002884536993900644,6.195632439767834,5.748902559746881,4.215400190085862,5.995778112967544,4.933138007375026,3.934115702050622,8.80297128473399,5.386959632316196,7.853182006208687,19.229730948712014,-0.8902054825372628,14.84309614087628
2024-09-12,2024-09-13,AG2412,AG,0.028254847645429404,-0.009519881500588825,-0.010073678983515327,-5.189695142363708,-3.1477245983002233,1.4479506426645097,-2.4339406526235177,-2.3028164064447205,-4.189232747475822,-1.5305641917726438,-0.05284678319039678,-0.04270516235687523,-3.706611243190028,-11.225881031182183,-12.18708624487282
2024-09-12,2024-09-13,AU2412,AU,0.009483739697210058,-0.0057615042064515795,-0.007137688065411486,-6.332312078575774,1.359297331839588,1.2282512460997488,4.046681116316862,0.3777607814022228,4.951199962462608,0.7638871291120886,4.4909314844931965,4.361085321883616,-23.514726750861815,8.330494856438285,-2.1007435537279107
2024-09-12,2024-09-13,RB2501,RB,0.0009413241292752783,0.0006373486512755009,0.0014042424800537242,0.8548976337095704,14.659663236393754,6.088686239378308,4.343486109514011,8.499218177388194,5.161333757512632,3.4099600087147377,3.7437227973557166,5.917651859414586,-4.0663500538017185,-4.383605311940067,6.578490439333734
2024-09-13,2024-09-18,AG2412,AG,-0.010362694300518172,0.008764054148274329,0.010118057060000563,11.58916763564098,-22.94571637758312,-11.356605209878127,6.674954989017499,-12.484880298794536,-8.116514590354774,1.1030485487005057,-9.372869050001665,-4.672955838358056,-7.08268358032004,-23.180900295409874,-19.037389398914097
2024-09-13,2024-09-18,AU2412,AU,-0.002626552053486275,0.005082383405361463,0.010388115440441931,-9.075887956613801,-0.9708726519717579,-6.899828492480511,-4.782207422751687,0.6540212385263113,-5.843876597126748,9.018722734042809,7.125390520057906,9.950072505676923,18.76463880339308,7.155466395579508,23.300915888539652
2024-09-13,2024-09-18,RB2501,RB,-0.01098901098901095,0.0006277464110727835,0.0010903172664232985,5.02866903862259,14.460815695825508,14.623504203407084,5.933158312549454,9.738586450260346,10.098426469609041,5.9183571558399946,5.133093915822422,6.730331321294887,6.1290322750296715,-0.5487273408130818,14.951507743263823
2024-09-18,2024-09-19,AG2412,AG,0.003621730382293853,0.013778560568495522,0.005092004479442274,-6.515661748888875,-0.818017548699356,-7.933830990223994,3.8736886655260196,0.6149621448500229,4.1118683116528585,-0.32663728847462237,5.3314171859831,4.149840633661638,-7.135963084706044,20.833411098818313,1.3718411581466536
2024-09-18,2024-09-19,AU2412,AU,-0.002903104614228713,0.0015020143466979656,0.0008788132444958103,1.238004767258936,-12.026415526071933,-10.961922049459048,0.35356018316951277,-3.2176701051384855,-3.203803542395257,8.279249849513914,2.4693285506247156,5.766793632497827,6.084563100514493,-1.4309040373567392,11.999757028961994
2024-09-18,2024-09-19,RB2501,RB,0.015521064301552201,-0.001568627772626487,-0.002625270294191679,9.231994229164378,-0.9039428275679646,3.0207828818927704,6.037963357345832,3.957855111178972,4.742161199950535,11.265576980846735,10.254092024362707,7.59235118408715,14.060551334585169,17.034699629201235,10.077088102378864
2024-09-19,2024-09-20,AG2412,AG,0.008282126636387943,0.0008051530225625869,0.0010210930593930086,-3.891470088425601,-15.364562070244565,-19.80561116301488,-0.121120937494136,-8.47896722537648,-10.786439126048384,-12.21571342681743,-30.264713876910545,-28.708292300146937,-1.8225924532721103,-34.348945607063705,-35.73980454331553
2024-09-19,2024-09-20,AU2412,AU,0.009917581478061654,0.0013671009340676897,0.002607296232818664,6.961110184764467,-1.8706486687727222,3.7171708624082727,1.743380210394131,1.659324280399424,2.1946799942663615,7.524525175790136,7.496613885213339,9.407747444260503,4.7464331352877505,8.586490165205255,16.185171405318325
2024-09-19,2024-09-20,RB2501,RB,-0.014018691588784993,0.00221975673831281,0.004310527412618385,10.01739314496329,5.631022196681796,7.127273905318314,7.807123955192472,4.345344998006,4.731973178621141,8.545184937135502,3.547988332166053,5.613085233828279,15.458087924504962,4.665916538019307,17.919025978668905
2024-09-20,2024-09-23,AG2412,AG,-0.014746543778801802,0.0005344735562827415,0.0005318061283179666,-4.632672498431536,-5.321967770692513,-10.448412173012798,0.07086804398071056,-3.696597598140933,-5.567108126119015,-1.4818698262676409,-23.664547070318207,-20.77342167884113,-9.26452128433762,-48.8249799793559,-14.660194736778628
2024-09-20,2024-09-23,AU2412,AU,0.0043200918019508094,0.001608625314796307,0.0035180500665942032,6.806222156125666,5.764676600836306,9.998944782311865,2.868706652215415,3.2704334758861147,3.5343122141993906,6.648539553967469,6.773552701039837,9.682726529627887,4.620758097871057,7.991892793527071,17.800199100330925
2024-09-20,2024-09-23,RB2501,RB,-0.024027821688270667,0.0012468829545633521,0.0023029242062289792,8.704286567652296,8.40232390400769,12.052244492119781,6.280969675234523,8.22635639901738,9.400195984404787,8.258307542449064,11.004309212521006,10.24220167715654,6.084563100514493,20.173322496006197,25.681371205139044
2024-09-23,2024-09-24,AG2412,AG,0.011394101876675666,0.0062075085414323265,0.007213281972752358,-8.267880401679722,2.2905325923685624,-8.428750765329726,-3.068236320610332,2.4284402242566188,-1.2534984383714582,-3.6514642278059157,-0.39526620278422747,-0.5313440445148103,-6.347675308459497,-12.742859442225683,-10.064048292121957
2024-09-23,2024-09-24,AU2412,AU,-0.0018812147272239121,0.00331305238809673,0.009463636724204548,-13.394742162885422,15.522001528251081,4.106213312771927,-3.330698288363976,8.057149134380836,3.000830942801971,10.368382406260334,7.94087295786728,11.553006699876457,41.126898241636496,8.586490165205255,26.782928513008116
2024-09-23,2024-09-24,RB2501,RB,0.04110032362459548,-0.0006321112726277647,-0.0010508535813644846,6.928336414520903,16.424085405693692,22.239975236239317,5.414430420537825,14.243987397686602,15.947000159248235,8.877912620080458,7.02406083683468,14.621425225192592,16.928243845073116,12.430681074466788,37.709184546701394
2024-09-24,2024-09-25,AG2412,AG,0.03141153081510928,-0.003078366882551996,-0.0034056499479320707,-4.239790628772875,-18.22548314170149,-19.995880738235016,-4.552208839787052,-9.232999117205715,-14.876309192102402,7.298264259217711,-5.262308015802188,-1.3135906627204337,13.835466536091914,-41.00781719904404,-6.940015385996658
2024-09-24,2024-09-25,AU2412,AU,0.007640525075732096,0.00036959261235494265,0.0009362533663465749,-1.5758654367794227,10.061558158738645,7.723850008399826,0.35181634530605077,7.183253619813137,6.350446769949757,8.290861290761619,5.914484435527851,8.933495138159579,7.658604823723708,4.2944563546085055,12.092273907897933
2024-09-24,2024-09-25,RB2501,RB,0.0018633540372670065,0.0009713453896318809,0.002101525111888825,9.751312406375318,-15.472046569541137,-20.711952326140832,6.986169932551379,-6.02590931464987,-9.1672590151719,5.622963370755527,1.0844205821755994,4.182692048104057,9.125453719012055,9.316553448041622,17.587734756535898
2024-09-25,2024-09-26,AG2506,AG,0.009305289993626564,0.0013152704776553592,0.0027202118576217568,5.77385025063591,-35.72620679914863,-35.30918104244204,4.189583032562312,-16.51422358806545,-16.93871456163271,5.692780302173676,-6.878088320788141,-0.8978086278002705,9.125453719012055,-34.305381909067236,-33.21667530807288
2024-09-25,2024-09-26,AU2412,AU,0.00030014006536371873,-6.731513583368955e-05,-0.0001594071271400044,1.0495690024142466,2.5427743764280466,-0.1609338046425992,0.14074137310343993,2.374877049894371,-0.11202393050070114,8.043923536609798,6.134643608746043,7.7058529973004335,7.678879229851314,11.679903739785487,13.584873869398876
2024-09-25,2024-09-26,RB2501,RB,0.01799565622091226,0.0009321112994276711,0.001429614954614249,5.911245467701873,6.003084770065664,7.5373862218076955,6.669672137059903,6.9071632224854085,8.149262375621085,6.524139886842285,1.6098859892343849,6.231403284549198,7.447329907349852,-19.33840343591689,5.1600675234901905
2024-09-26,2024-09-27,AG2412,AG,-0.004934210526315819,0.0011558467863592953,0.0012222798065062968,2.0784364657486627,-2.5665510248624073,-0.6989526615313082,3.46635547216259,-2.099352751895527,-0.658792355578798,2.446747451022816,0.8529856226363813,2.168298955291993,1.7058237211517169,-19.140233985312417,2.4415232619637246
2024-09-26,2024-09-27,AU2412,AU,-0.004021002259736894,0.0016354325024262554,0.002710596566765241,3.7095309005106594,1.850386412049065,5.335123115546708,1.789609816754759,2.6701785809764758,3.470868567081519,7.325756089471032,4.598855459959125,6.396930158854293,7.447329907349852,2.0152026514809345,18.0698141904758
2024-09-26,2024-09-27,RB2501,RB,0.010892586989410091,-0.0009303768697163207,-0.001267622608869031,5.954330497030449,-3.4356697028091374,-5.654782468979869,5.100844837415035,-0.7071030977093828,-2.825443652226529,8.401740518707582,-11.740332603072762,-5.910096456875994,18.06887895674803,-25.29093072500388,-14.066507149931512
2024-09-27,2024-09-30,AG2412,AG,-0.013793976208554826,0.005964106251882257,0.007299688834389036,13.658165321649975,0.15475325408568974,11.73250197309737,8.632905754366611,0.26931437932984714,7.453566163229512,6.696655147078649,-0.6342913483216609,0.6840144663391923,-4.764471773737334,-7.719882406945163,-5.627413507042674
2024-09-27,2024-09-30,AU2412,AU,-0.005499816672777547,0.003228654592918894,0.006364421742585558,10.67360205504664,6.739555961476644,13.958027949861204,3.9079956876079165,4.37804542038472,6.464714693905995,9.264231425671156,5.330579208188508,8.904191570068381,20.3345812015363,3.5618751747909,13.781575538536693
2024-09-27,2024-09-30,RB2501,RB,0.06285543250523795,0.007288219324684937,0.008883550928950374,11.428644190213852,11.199837780097708,20.473869385702933,9.6880122705471,4.896143001918777,9.14018652687146,-0.39239928118899653,4.157635613713314,4.237020115714711,-6.218106016358341,22.201437378693445,6.900229243052638
2024-09-30,2024-10-08,AG2412,AG,-0.019677996422182487,0.00469335547895794,0.005837895669074139,18.014335882924602,-3.3305560350394603,11.54592820713886,8.088552770420396,-1.2949639387790057,5.133653529851147,5.852207100197496,5.517778646366793,7.8431098329995725,-6.424909303063577,17.551289383628436,25.08327114445926
2024-09-30,2024-10-08,AU2412,AU,-0.0029765886287624888,0.0010004669679962517,0.0019076533342023653,3.984991164726691,6.717982547859822,8.536594142889928,1.5499502390721953,4.546804183236197,4.351001256384127,8.322394296496617,5.142709935472519,8.56400485389282,6.340749264624572,3.5618751747909,12.347157055707044
2024-09-30,2024-10-08,RB2505,RB,-0.06578947368421051,0.0055612612230986486,0.016683783669295946,22.008027022997688,-44.27545951933704,-32.21858064341438,15.28195647522368,-22.22470338287949,-15.524577168713558,4.586666701373338,-50.34331617614731,-34.05512268760344,25.818713013855923,-118.59545515785938,-68.84688787578123
2024-10-08,2024-10-09,AG2412,AG,-0.023958333333333304,0.004225628926796738,0.0023682627827642053,7.748620525628742,-12.838410594540344,-4.469595611501152,4.86606833408578,-3.5788418420875043,1.3498084109878548,3.4873400692019407,3.19762961462537,7.53217996688265,-9.983709344723842,-14.922073185788436,23.093923847948588
2024-10-08,2024-10-09,AU2412,AU,-0.01568719269491936,0.0021427623037238,0.0018126022793443248,3.304840450094131,-8.195999113503513,-6.494301159601253,0.8631301587396969,-0.9725315646444432,-1.05226639085994,10.097634698385887,2.4453510425524745,5.8059410433500105,14.108298771796044,8.851798616217664,11.616142345714534
2024-10-08,2024-10-09,RB2501,RB,-0.009714285714285675,0.035683498219888726,0.054317590765130305,34.14686771213347,-42.002223218153254,-26.510669097102593,24.780310863204782,-18.12925574091094,2.9637004675202046,-21.655390262895946,-36.38782993779405,-26.403607585988055,-48.65321714629349,-25.759800742694292,-66.55800393661026
2024-10-09,2024-10-10,AG2412,AG,0.004135538954108897,0.0010422095784438116,0.0010508756137183064,-3.571067018126156,-5.832680826638871,-7.0898650462689226,0.5634960840415788,-0.2500118956634525,-0.0784864851712741,7.115009832292499,8.931888323432439,16.841165800613293,6.5879939799546605,18.103247404183687,41.42309698975872
2024-10-09,2024-10-10,AU2412,AU,0.00027093846310166647,0.0028806879973067123,0.005641111203569205,8.534632930477049,3.198698546208065,10.927826660816448,2.830422670261502,5.126229408396661,7.240568283348276,9.030314153496851,4.716196231282603,9.8644536333691,21.12937350284937,16.748681902910167,13.45643040515912
2024-10-09,2024-10-10,RB2501,RB,-0.002318840579710102,0.004008021397538868,0.00499041796251155,-3.0820806383624246,0.7100034482701032,-7.5044455572714615,0.5893572761660302,3.3219186007193464,0.22019527800760796,-11.375082640727651,-25.842787571306427,-26.070598654837177,-48.64831222331464,14.621196730700685,-50.35370717190044
2024-10-10,2024-10-11,AG2506,AG,0.01770724029380899,-0.0006598482588474313,-0.0011598366816206276,-0.9854169454915951,11.633684744343123,6.318576975957295,0.08748272683254577,8.083683962805111,4.6148417719252866,7.474052272321375,10.269392203345756,7.970289115790165,7.01298665619312,3.8830518279627215,16.632339833676788
2024-10-10,2024-10-11,AU2412,AU,0.008610792192881744,0.0033584969232760046,0.003969143384612304,7.112549666534092,9.608413459387785,12.0810967797589,2.2194931521359456,3.9452541888756687,4.027833128818451,5.002700102509827,3.848190492760738,5.359378918723706,6.9046643023206595,8.061328832964795,12.942113397405295
2024-10-10,2024-10-11,RB2501,RB,0.007553747821034351,-0.004626960250145934,-0.005780842665266461,3.934346549250848,-3.024302068762253,-3.538827690108568,-2.7690856322345034,0.8537668652484283,-6.338034807298698,-5.514530289856114,-25.45899135479781,-30.73582026625119,6.4266532785698285,-5.451223049978704,-26.282215436516836
2024-10-11,2024-10-14,AG2412,AG,0.01090909090909098,0.004374634139046617,0.0037083750672506047,7.328495254209679,-10.041717865729941,-5.818329726972767,4.283371403338528,-4.407418476976265,-3.7955658007094235,3.2207058793421286,-11.875082012905155,-8.169454773302563,-4.503402801126762,-43.87496988316187,-20.48525882520805
2024-10-11,2024-10-14,AU2412,AU,0.009909940071646028,0.0026712217273284406,0.0036884773728723457,-4.623958047808736,-3.0727555204724077,-9.186461066214326,-2.7683684297789197,-1.2057201800820971,-6.480196609100531,4.378031887887591,2.626100855899142,4.364200569538448,1.7066115442244405,7.761936026448228,1.7975546740946902
2024-10-11,2024-10-14,RB2505,RB,0.010212765957446912,0.001994586784647285,0.0024277738094130347,-31.97619331601392,14.440976922091878,-21.477648430552286,-4.4083886768050595,6.738180406147055,-3.0112709642543156,1.9454438288700362,1.8877843438386068,2.772897210576813,19.79217241715578,14.96584686208075,9.195762270049208
2024-10-14,2024-10-15,AG2412,AG,-0.0016830657690315443,0.0018198367169858993,0.001482172746029231,1.145483619346586,-7.509148047435639,-13.067907726503462,2.2918992612201974,-3.8090235779229946,-6.307541725186843,5.026829619043249,-1.5466547761403744,1.9566619897156563,7.787323753785311,-23.277293375097923,-8.357061577897163
2024-10-14,2024-10-15,RB2501,RB,-0.009145470134324096,0.0011527378798082617,0.0014672621185170575,-19.20939138877627,-0.10320979391592555,-27.815445000544003,-0.5534181171750516,0.10473055898994321,-7.731758986166735,-4.38239455086431,-1.4863988947330473,-0.2798360077445982,5.04686021709136,-15.089983195050925,-23.325705202273166
2024-10-15,2024-10-16,AG2412,AG,0.028016679697680402,-0.007737980317435914,-0.005699339127024271,1.4324157432792575,-1.1497958164399384,-6.4869710612111735,0.16634051409826167,-0.3907062568649513,-4.643417773837175,2.6571695439577394,3.11805969899681,1.7876363537033004,-32.53998274943575,-2.921965691223754,-14.978469975404273
2024-10-15,2024-10-16,AU2412,AU,0.014118582838962057,-0.0038196509115083588,-0.004215246220396588,-2.5155420408747995,1.9450770321221023,1.6594765454982179,0.5840551023198968,-0.4217542634826277,-1.120845979458799,3.878011027958842,6.414904803360364,4.851551274205676,8.611235156706073,7.355725575338506,11.323701245051804
2024-10-15,2024-10-16,RB2501,RB,-0.006628242074927959,-0.0008570204781090811,-0.0009383397213102972,26.35802287557363,19.992262087809532,34.67660552617394,6.1555163471558,13.597385215494999,12.695681129252545,6.633318997425362,9.380770011546758,11.596852815161379,-14.737154277256396,12.44076994535125,16.35183493072738
2024-10-16,2024-10-17,AG2412,AG,-0.012136536030341372,-0.004809889026062919,-0.004154286848448073,2.0903432206603036,-23.081461567861904,-23.654619870610205,5.63356114894462,-12.170236353609855,-11.346811218726051,0.6975323645232372,-5.640977177932776,-9.237315178561898,-20.003836043786148,-13.95178880726232,-34.29274150817202
2024-10-16,2024-10-17,AU2412,AU,0.002382506527415229,-0.0002982354425218887,-0.0004441808152000447,1.5406382612551348,-6.056432833800914,-10.567647645347673,1.1945275160570565,-3.968399326496831,-6.617189444266385,4.7525017665778195,6.049609568307417,4.428676845322007,4.599747545574367,9.827174178553006,-0.3432064807480425
2024-10-16,2024-10-17,RB2501,RB,-0.04347826086956519,0.0008649272558815493,0.0009087794294902256,12.143168420476623,13.339461617109905,13.364326223128298,7.857275337655596,10.770440373075456,10.871203464803926,7.150948853628579,10.730516816315255,12.890930426075858,5.685707239413843,51.37885572317282,20.9852604245375
2024-10-17,2024-10-18,AG2412,AG,0.0058598726114649224,0.0026583976666098774,0.0030766095842717158,6.93884452010899,-14.117928783062164,-12.611558197225785,6.360912565893739,-5.360339978662171,-2.301447406839118,5.701896646661657,2.189634681858962,4.857042391032318,22.282202291192057,28.205677592858578,11.869702642936703
2024-10-17,2024-10-18,AU2412,AU,0.008438131230859458,0.0013390161866116432,0.001802696330579931,-1.6604911950321624,0.5069103043455399,-3.128649629522384,0.7602641267789583,-0.9230703601136243,-2.614331278222623,2.0067891922425276,8.550687609386337,6.957756164655127,-13.115065917046689,11.092512034003073,14.301028473832732
2024-10-17,2024-10-18,RB2501,RB,0.007550588945937742,0.0008699435085400354,0.0012789987531956336,6.1327680910198135,6.116460161706165,5.743066459898152,6.616954291890085,8.455776281600137,8.934488588761216,7.9017644162645,2.891802780933912,10.991326980533678,7.678879229851314,17.246275506255895,18.812154459808372
2024-10-18,2024-10-21,AG2412,AG,0.046669175762137804,0.004596535161438257,0.005873400920830223,6.783792255115548,-17.09193609259526,-10.203869405304319,8.073611952073707,-8.225618359479398,-3.714353890617518,10.132009152836769,4.766557244571393,9.171348368091861,20.42030157571508,12.490174454787136,7.969674193724546
2024-10-18,2024-10-21,AU2412,AU,0.010789159156249006,-0.0006188219781563362,-0.001184068893557094,3.2453026713521025,-7.712877777628158,-8.412071348264506,2.353547968039635,-3.8596873082532177,-4.475195400584186,7.090734058095671,5.921083269334834,7.078059987143535,5.685707239413843,8.029916211820447,9.06328767236602
2024-10-18,2024-10-21,RB2501,RB,0.002388059701492473,0.0033277900926747457,0.0037664295112427013,6.664734152640387,7.230302765130823,5.499975949916835,8.275391801081106,5.21876402628318,5.302734830411903,7.18240616542175,6.446987804265244,10.119592353235266,7.133976658830112,19.13889568209353,13.935912619864666
2024-10-21,2024-10-22,AG2412,AG,-0.004182600382409141,0.009453653314605613,0.014535048516755614,26.15809192200974,-57.87005382968372,-34.85094820077043,15.960913464947083,-27.670285654188252,-16.241447429864092,1.2254948286496992,-10.394443470110204,1.2507512520624136,22.85305332829674,-21.922015038409516,-5.2072934529500055
2024-10-21,2024-10-22,AU2412,AU,-0.0013389868332961408,0.00012921983542464824,0.00017980549323331327,3.112733822222233,-7.155070905950684,-10.553654983448157,2.5998258868179818,-5.233125402223632,-6.692068415239785,4.543568259910864,6.343112952872155,5.541416660371233,-4.509675089417549,20.230081628293632,3.4991196003127865
2024-10-21,2024-10-22,RB2501,RB,-0.0026801667659320794,0.0041878613404747154,0.0029026178160740327,7.989267478843299,22.71071869312393,22.782620777725164,8.17014804555539,12.600007199011102,13.784734471175874,4.3594714727387025,7.054056943922812,8.6860486849956,-7.933388283873093,30.558538309514848,13.943143619181527
2024-10-22,2024-10-23,AG2412,AG,-0.005241839409101723,0.002992043402629669,0.0033507797041453084,6.977801931626384,-7.051357437859096,-8.737556209388773,4.669784645253948,-5.231375208285544,-4.680638839207514,3.1683949927631883,-27.816534569401654,-22.196896764582604,0.20612349266079727,-29.10153382187397,-32.1915817542905
2024-10-22,2024-10-23,AU2412,AU,0.0040483248860414545,0.002425868596847603,0.003273057829006414,-2.511250631259097,-1.020113822709376,-8.077370132162356,0.7272796342867922,-1.8473647122937695,-4.09066924553216,6.259304533013935,8.679749265571806,8.386451340595544,2.805363150589154,11.438530092067941,14.699037397914418
2024-10-22,2024-10-23,RB2505,RB,-0.006754772393538944,0.0017508028983528167,0.001599333173957255,8.498408886251733,24.980078165247424,20.96841829757232,5.629678881042857,14.179118056216353,11.954628832541898,7.574504548121974,7.793992439328419,8.290145797367392,9.011798291416019,20.119658719043727,20.38731350949506
2024-10-23,2024-10-24,AG2412,AG,-0.007237635705669487,0.007293629511329358,0.007947552821707074,12.723255946556865,-4.025359777439293,4.747911477850741,7.483525369749941,-2.546426163283715,3.1190111658767465,-10.998981785318023,-21.753961980283083,-20.617365738106738,-12.054498521792823,-13.863261959259619,-23.480353305096685
2024-10-23,2024-10-24,AU2412,AU,-0.006648428553251096,0.0014673985024293934,0.0017191486019320485,2.0450253519255663,-1.3119003229048753,-1.853133087463334,2.072071599936086,-2.038227334418683,-2.4722191659002095,5.262038075539042,8.665539035564267,7.925381005006769,1.2110470212523314,32.22046309007461,19.249780581432976
2024-10-23,2024-10-24,RB2501,RB,0.006954944058058743,-0.0020923636388655116,-0.0014940950944871947,7.889741694214048,18.523879330155644,17.004430999389058,4.359251693019111,13.337980184650398,11.220751764195798,17.710967760426957,7.052090488393916,9.699424758327112,17.776415588023244,-9.086479915769706,19.510747461455544
2024-10-24,2024-10-25,AG2412,AG,-0.010214007782101131,-0.007211569715560475,-0.008155157871745112,6.44488763065472,-0.9312494546864118,-3.609144545745276,-0.1895656098953653,-3.0060371353755935,-6.119619555138993,10.384549657665248,1.7071617260469214,3.5338400611171665,41.729498687666556,2.804470091033942,13.909551797927428
2024-10-24,2024-10-25,AU2412,AU,-0.0006718495057106422,-0.0019703187484604616,-0.003400316856452381,2.3492311594531774,0.4417600558949606,-1.691425917285697,1.4876095775536378,-0.4398536410650218,-1.2894393634081465,10.51332988141333,10.133165083389697,10.399892954732406,17.917264746110092,5.295366257296297,17.199714555100492
2024-10-24,2024-10-25,RB2501,RB,0.013205282112845218,-0.002717803273392771,-0.002071108638685141,2.929720690273288,21.272966652972862,15.375173398472974,4.387763936858814,11.012890211713204,7.543995632792511,3.469453311089765,4.135217556735305,5.089569335390342,-1.9659592859225463,4.112374728626595,6.4919948774684
2024-10-25,2024-10-28,AG2412,AG,0.0100848604107735,-0.0007293059761691176,-0.0007153269115441498,1.6475284585968475,-5.348852385980976,-5.689259973519988,-0.11161270956325442,-2.2581510929888866,-4.243401430507536,7.159081603746081,-2.06656533966183,0.53236064578895,7.01298665619312,-9.661135534330748,2.0057660030902795
2024-10-25,2024-10-28,AU2412,AU,0.0036520903411823014,0.0009602458967153327,0.001067532425100882,3.1831839256468344,-0.6650855065050254,-1.7348659244455273,2.2610750213493205,-1.0916886179501075,-1.5274146080856643,6.531846592094622,9.094576004924141,8.978548177542757,2.315199127297468,24.06857845911504,20.347606087119765
2024-10-25,2024-10-28,RB2501,RB,0.02100591715976341,0.000600420312243718,0.00045717068974787027,8.861306973212152,8.061798097930305,7.088840434741224,7.288318478741619,3.482451306519197,3.129047470124832,-0.5872867416595894,-1.8920245804037854,0.08379718101209804,-0.2813040298950839,-12.00141868643234,-10.457607145613265
2024-10-28,2024-10-29,AG2412,AG,0.010373443983402453,-0.0011062627887484266,-0.0009873484574788333,5.1599722371098995,-5.261336997264886,-4.628630427518939,2.738854308976683,-3.917617390155634,-4.9720315287381425,4.151191667390429,4.965288433038555,3.051552572395129,4.48949386343124,-0.8954205296224148,-6.9413313890575585
2024-10-28,2024-10-29,AU2412,AU,0.010653613590555722,-0.0006725272867213004,-0.0007333320053607009,-0.1386744205310273,-1.1989953626683492,-4.725475659991053,1.069552240524449,-1.8905004577399414,-3.612934584043803,5.606070998154419,8.86238164417971,8.566174586168152,4.956663113791048,23.22017053359375,24.32608613873464
2024-10-28,2024-10-29,RB2501,RB,-0.008115942028985468,0.001184132761216772,0.0010430670988372623,10.449324912548159,-10.525885669108495,-11.945758659755706,8.310113314375677,-4.531856088091756,-5.003477891534569,2.0647601002239266,-3.831051048332062,-2.78856093701327,-1.8816643986225765,-17.689278235163748,-49.224213403828266
2024-10-29,2024-10-30,AG2412,AG,0.0022891566265059726,-0.0023160856333759305,-0.0015972780989648742,3.961298183233942,-4.111804718527406,-6.567145906365848,3.7799478576497743,-1.4613270859647525,-2.627625196787219,2.3675194123034413,2.1018636693680155,1.9587552044588876,-2.3634581478929566,-12.383930086165666,-12.795108717022702
2024-10-29,2024-10-30,AU2412,AU,0.012396956246036872,-0.002300835067365017,-0.002058451236637754,2.980529254154115,-6.751421317845766,-6.3981793313246484,3.522145234018742,-4.4820530406648365,-4.011758558403274,3.0154718032171037,4.882137363009875,3.4932361433347916,-0.4731276229060419,4.614493294148349,-2.8338302476653223
2024-10-29,2024-10-30,RB2501,RB,-0.002607939727615194,-0.0002898130725979975,-0.00016475310790258106,9.898796114799808,11.518353153300593,12.18622484136917,7.296045918541298,7.578015170279132,8.052904578498314,7.85406417878292,5.6231091523375705,8.4243073826787,5.685707239413843,22.13201475021711,9.25051924678929
2024-10-30,2024-10-31,AG2412,AG,-0.014275344785869781,0.002533326645883494,0.0016645586905909009,8.761635510480243,2.2243580530292046,6.645786346723224,6.9703952250266905,0.5923481339502379,3.2932755651080186,4.614476237520643,7.109413965078368,8.980484669847097,-1.2982706704692704,12.528758149860787,11.498017019613714
2024-10-30,2024-10-31,AU2412,AU,-0.003042659974905937,-0.0015840332791015356,-0.001725620532774923,1.2810100599610976,-11.0005395440031,-14.134537871751155,2.938359622041345,-6.505580380209785,-7.239103502134448,3.808037291418087,3.3015912039281092,2.5108915061801174,2.6065755551368954,6.827646486113897,-0.42962818887926535
2024-10-30,2024-10-31,RB2501,RB,-0.005224963715529718,0.008438868645864604,0.005823905940117638,21.362378220790756,9.932880617699302,25.542462396955756,16.372139815586667,5.600187791123756,15.625010288097572,2.3485899628240143,7.588145222362176,7.797447516959272,0.6567522373026093,21.78999128297625,12.639587207963787
2024-10-31,2024-11-01,AG2506,AG,-0.019022070479209896,-0.0034612435343033777,-0.0041994836776431356,0.2939867863881469,8.525709267238286,2.982877293360856,3.0103152335967107,6.976413346295738,6.53725330654785,9.821348392433494,8.118061569176271,2.4343891605065173,-18.99489486681881,29.79854032211635,2.9932680124713267
2024-10-31,2024-11-01,RB2501,RB,-0.009343065693430685,0.0008712066762741139,0.0005600203767656945,4.984475704057002,13.293173303296463,11.45900394966476,5.205614180206119,8.424025481634223,8.07681447683799,7.646251874408413,9.647500848521762,9.84134231794852,5.491584420896918,34.41831269907832,19.047956925066483
2024-11-01,2024-11-04,AG2506,AG,0.0007428500680946026,-0.003772900477474343,-0.004317070147310131,2.4908539723299734,7.879907571982837,6.273915768109397,3.214472167968357,7.163358393957187,7.6207323115984416,-42.91726347607294,1.600824625825533,-27.345741598958067,-120.08892813819327,2.7457482430188658,-97.68528907368079
2024-11-01,2024-11-04,RB2501,RB,0.006464883925947795,-0.0005837711782831423,-0.0004429019124323481,7.130546165627075,10.999588278588867,12.105759240797711,4.349430341169549,7.434746404906058,6.445894144039016,7.161809978229948,5.616926057940707,6.560686521847661,2.0549656746373004,14.82006657044641,13.791634370474025
2024-11-04,2024-11-05,AG2506,AG,-0.0022249690976514636,0.00396973601581274,0.0038742690222810083,3.5807265555088303,3.6195028490181813,3.9443222255651706,5.393515893187043,2.808903646261523,5.238350043618267,6.431654815582261,1.7705998876747189,3.1689227823272277,-12.763307199113916,-8.291540132030674,-1.5807854978126952
2024-11-04,2024-11-05,RB2501,RB,0.0023357664233576436,0.002942909716675487,0.0030483544026613514,6.4568755225102,-11.462455519840296,-8.392460687582696,7.5366368865522,-3.5718097011944634,-2.1118707130526047,6.923831571229798,2.7903172974859323,6.740739217794245,2.805363150589154,8.784508830130617,5.7061823900896815
2024-11-05,2024-11-06,AG2506,AG,-0.02735148514851482,0.0008656403186929858,0.0005605475635642495,3.6627988925213972,12.827826538037803,11.156876227418344,3.650972425620882,6.652754770379678,6.705159740531961,5.235200266332855,3.846837880236594,5.511328653142028,-4.509675089417549,10.351357201081811,9.181614027669697
2024-11-06,2024-11-07,AG2506,AG,-0.010812873680193347,0.0009905894816960882,0.001677334059521144,7.657826705756706,3.850815782558912,9.403117467511928,4.155464852642018,6.416149213341523,8.099375209833994,6.761393365498719,3.8487228746268154,11.41935050984769,5.665432833286237,-43.22169429345416,8.225973334894206
2024-11-06,2024-11-07,RB2501,RB,0.016568047337278013,0.0034893899900669155,0.003882762205576851,17.17338024645786,10.03669277879768,18.640905745761096,7.160419807630657,8.475689625300522,9.8418629827414,8.74270267908008,-1.749241363742816,3.386075195222197,9.770734747370906,-9.060109656831141,0.0492997754076418
2024-11-07,2024-11-08,AG2506,AG,0.004358974358974255,0.0002544529275816621,0.00031617149221054025,1.160790656179854,18.508847118940217,15.13244088260423,2.626257732251522,11.728281846856468,10.703207425600075,7.497562414230365,-7.780798271685489,-1.461569378379997,7.678879229851314,-4.000565785888866,-3.7891111736880414
2024-11-07,2024-11-08,AU2506,AU,0.004496344698194932,-0.0027995182755469646,-0.006282218644110797,-3.496897811502129,10.034542002976853,3.5000388987062934,0.8771421181676651,9.72489678288741,8.481680155658681,-38.26906846588264,12.098066012293133,-14.975676053242994,-56.479872788742114,58.20140413447967,-40.60680717260563
2024-11-07,2024-11-08,RB2501,RB,-0.0220737728724949,-0.0035440084347292105,-0.0027881515209614858,-1.5612712474794161,-0.015053532379778911,-10.27294665442763,1.3312783589929689,0.8201319051938021,-5.886778137199153,4.740023757311943,-8.467946812848373,-6.512579305393715,13.589413390322264,-28.902291128802663,-5.872431880693108
2024-11-08,2024-11-11,AG2506,AG,0.0051052967453733,0.0030816665374081144,0.0034388846079020643,-2.6132564236433646,5.946660965594409,3.1172466364510845,1.9139399373417512,6.554856947212873,5.75708870557097,13.341156643426219,-5.006393796866884,1.5405798966343542,28.021396257145003,-7.356722436782774,-3.433073126363688
2024-11-08,2024-11-11,RB2501,RB,-0.005077658303464738,0.002035180234377833,0.002517760131592163,4.571100786003616,6.052129418146839,5.237554601976035,4.3906146577355765,9.061381492772009,8.457648503962655,11.61671372733522,5.384059468179043,16.87254441573967,24.10324702797417,-5.2861543751841715,22.796119560871347
2024-11-11,2024-11-12,AG2506,AG,-0.02620198422793185,0.00012764056434456296,0.00012789987361892777,-0.6167246562215567,0.09707507088621492,-3.5586620309294146,1.8111368716396803,2.412831152512614,1.3551749488971594,7.395685750010643,0.3875030147010745,3.8077347538029387,7.678879229851314,-16.532132171750348,-0.6301705133793902
2024-11-11,2024-11-12,AU2506,AU,-0.012083225639700212,0.002348060713095515,0.004340623099719735,5.562116360365143,2.86809120623291,4.660035030545773,2.629520693521492,5.587969244405496,6.024382913393627,10.10721762575717,5.493838705646697,8.02478169430489,17.95530049195515,13.843437309090408,19.137774718123595
2024-11-11,2024-11-12,RB2501,RB,0.0033003300330032292,-0.005658987551708587,-0.005264202030179539,13.104498055153613,3.343020947412488,2.811270200178468,3.9427565309479276,6.298282361895768,2.887133302175048,-10.374095426756462,-2.388646716380424,-13.577865687866778,26.886468826088304,-28.74489074952822,-37.83691791106259
2024-11-12,2024-11-13,AG2506,AG,0.005573558003888479,-0.0016521577120282092,-0.0022468114804890024,1.8930815125020954,9.856003230100077,12.39169980028548,1.497207185566333,9.366571045289573,9.729558505831909,13.17502563868536,6.994977975145889,14.28024280890063,16.418672296774538,-50.02894547310554,22.211631529130052
2024-11-12,2024-11-13,AU2506,AU,0.0004261037726573935,-0.00403037834586286,-0.008856487619377216,4.258124620502021,10.27571994906076,11.512019281821976,2.8423584261789774,9.414130903119274,10.701010647221155,-32.6559764882287,6.450498358004746,-16.354496537325893,-13.70959999073308,19.84059884300419,-15.143466819602471
2024-11-12,2024-11-13,RB2501,RB,-0.002093301435406647,0.0006002401140601282,0.00042282201163228476,7.603893223602128,16.243262889310586,16.716783610163738,7.368563950345738,9.820921429359153,10.509841746251976,-0.2408294517696505,5.0531597378028685,4.794294375568078,-9.138653728516132,14.986086293460533,15.855382511683086
2024-11-13,2024-11-14,AG2506,AG,-0.027420185375901185,0.007676831664471012,0.005753005103206254,-4.7665498482064015,8.915697587810824,2.135158396835592,-1.339633855614534,5.8699190335535105,1.6437923716803033,3.0419189381841045,-6.918766411227788,-2.323133692726638,1.5581419167234187,-9.13476838415701,-22.911913198269815
2024-11-13,2024-11-14,AU2506,AU,-0.01957831325301207,-0.0022590740859639185,-0.003385080099634715,4.486787144230463,8.176236870370056,11.029310372960415,3.404485397162114,6.709542020373799,8.594238460688198,6.133446448735438,3.179947949527508,3.8196024079478716,24.520972021854345,-6.279570460407122,5.5926617639391525
2024-11-13,2024-11-14,RB2505,RB,-0.008208736440926456,-0.0020488811499437642,-0.0025382109342330077,8.544341517478724,16.831299125258447,17.731487434978902,6.533133918413381,14.139244804879898,14.13759589198771,9.922622442136298,0.17698542392935485,2.76059814486707,8.291061581442758,-9.977202512298614,-7.461282528307224
2024-11-14,2024-11-15,AG2506,AG,0.011250827266710894,0.0012881619712483117,0.0017070214241150115,0.2553371961095978,2.0762319803876426,4.556866303721913,0.3734154640452334,5.647512248003535,5.774252934856037,7.719915292949693,5.888207452196282,16.622072781577394,4.7464331352877505,-7.035832741603176,29.253245072747113
2024-11-14,2024-11-15,AU2506,AU,0.0008352823254260677,0.0007205319147086329,0.0013271267007514968,0.09807073175812953,4.726516493407937,6.1130803768165975,1.6489617533345942,7.189776420511976,8.39609717090472,4.017948259921022,0.9655155370559055,4.290252476016969,2.6065755551368954,-4.598560068881322,-10.189489288595894
2024-11-14,2024-11-15,RB2501,RB,-0.021791767554479424,0.00239449381095487,0.0015823808262873783,6.533020089675278,12.742274942933998,11.302180953326966,5.792895298483026,11.237899713520987,11.289841961302164,11.897156767687509,1.0481229591749077,5.296664076399269,29.945017589623937,12.420733219659247,1.301272329227382
2024-11-15,2024-11-18,AU2506,AU,0.008918766015508117,-0.0005344378509195252,-0.0007894463555633637,1.949984603197911,3.8544631048731506,6.775749201954945,1.8274759815626618,5.284717003379344,6.332576644607268,5.152497202270709,2.033082195796638,4.109574809038424,2.9634911233535774,-0.5643675191858729,-0.2788154677470986
2024-11-15,2024-11-18,RB2501,RB,0.011100832562442209,-0.0027202676590271655,-0.002766374123404604,6.520261384480376,8.39195007505724,7.656156237949265,5.117213469124762,10.61939590278094,9.500478971057177,-30.377869367574185,1.595093874805305,-18.07316797973509,-42.72563041827017,-11.598468273399297,-78.41522006503547
2024-11-18,2024-11-19,AG2506,AG,0.013661554324010838,0.005221943981151625,0.005369344507933345,-3.2906308503108184,9.432475752187734,6.171881614799917,0.5482613201440061,4.745782551052311,3.2827253325022943,7.220252478777,2.106698683939234,3.006865048938341,14.20374765952852,-10.014344292300585,-3.547748870256894
2024-11-18,2024-11-19,AU2506,AU,0.012664057103384918,0.003133127021391513,0.004796506846336933,2.5547296294082384,1.9801326345114698,3.024818993532644,2.1050685866731254,2.2988532685315994,1.855751542569382,8.578808609774507,3.3178851901630204,5.4975785254049905,6.451126403098505,-2.042653288504434,8.734021987782002
2024-11-18,2024-11-19,RB2501,RB,0.011263318112633147,0.0033976866663320018,0.003171870556336808,3.861692678776021,4.811658955144297,0.1160370504150734,6.630899268908,4.746508947986413,3.565465629646063,5.500460897060063,-3.3163289550937303,0.6754368407470972,2.9172679791459806,-12.256020153448548,-7.446550485322222
2024-11-19,2024-11-20,AG2506,AG,-0.009764138980471682,0.002968701760819071,0.00346678068698919,-6.095537682354162,-1.8513473311176356,-7.109336263855132,-2.662590696306249,0.6404049088391446,-3.702378953877733,9.059609601759828,2.898289697077402,5.170659982905814,23.475318358642262,8.632781909379307,15.346413486449439
2024-11-19,2024-11-20,RB2501,RB,0.0012066365007541435,0.0018281540740626235,0.0017435663760705224,7.494853038454678,2.617643095806977,0.7724342484251974,6.1911149984785405,2.253522041956747,0.7964677596529155,5.502252854885073,-2.824722373585689,1.1956217902972173,2.805363150589154,4.286964153200673,-2.89485544537831
2024-11-20,2024-11-21,AG2506,AG,0.008569966743412705,0.0026664989451943614,0.0021992299447314094,4.46984549904471,0.11037847960695002,6.74384659666757,0.4311001815602018,3.1380541939652846,4.085565072092764,9.69976045198131,13.306079210813884,11.148186270564008,11.83083469847298,37.37591605742515,31.913224697395957
2024-11-20,2024-11-21,AU2506,AU,0.010598301678874655,0.004246153244589296,0.006018311421923589,-11.635180781600617,5.532052883469305,-7.513227927098976,-5.906309376886139,4.7596507498849,-2.2773218360747607,8.117594016306228,2.539100180684407,5.406913312311255,12.122534356299296,-1.914180021030156,-0.002439512057716503
2024-11-20,2024-11-21,RB2501,RB,0.0039168424224163,-0.0021093875532772802,-0.0012154663183071804,3.439189626268094,15.087536959279385,11.00281273115393,3.4104367504913022,9.016272158956774,6.004550633488354,7.286724339642084,3.748499612250646,6.279509969845578,13.684894100762836,2.464495555267895,13.270752850708124
2024-11-21,2024-11-22,AG2506,AG,0.0,0.001151852690225138,0.0011161099188191845,-2.1883467841209265,4.527358949529528,3.0728691091829017,0.8345109618976605,2.0970919074478096,1.3603534007488935,4.732606886286859,9.505488443445513,8.557820570893508,6.19300762444849,15.600497224244547,20.793679932338996
2024-11-21,2024-11-22,AU2506,AU,0.012505210504376807,0.0012648171755413932,0.0014046238381547848,-1.2807539577225873,-2.4322304699940642,-4.054358751908386,-0.33626879258279185,-2.013491906733025,-3.7759299391672507,4.563812864357128,1.2055645190650917,4.164872789467882,-0.12708294397441056,-3.381452732696924,-1.2355267608060156
2024-11-21,2024-11-22,RB2505,RB,-0.015877683034401624,0.0008853475567243344,0.001138279635684918,6.34041749163672,16.634033605984243,16.067621944124703,6.519474903098123,11.834750850802571,11.798941068314535,6.189098584099241,2.69779425706931,4.543235954412831,8.587965019024768,3.2133429021189643,2.2210596512215037
2024-11-22,2024-11-25,AG2506,AG,-0.023064250411861664,-0.0044486886206846505,-0.00560667776639365,-3.7698338686373463,6.113178630789735,2.7918210081451793,-0.9553362746829919,2.9820011769826444,1.5392097203336985,7.075392111611959,6.91936990674801,7.14104076407942,16.58314662579889,16.30103725234285,25.437675545358665
2024-11-22,2024-11-25,AU2506,AU,-0.01679611037443962,0.00019240636283063696,0.00028991873768794514,-6.221181223952141,-4.189543663435183,-11.962781930333163,-0.9458359919937296,-3.3828188551780807,-6.258744344634481,4.90072953985382,0.00963984642318167,3.910854158364584,-2.5367775051076853,-17.201773126491652,0.9007129020432264
2024-11-22,2024-11-25,RB2501,RB,0.006103143118706189,0.0017991009350470067,0.0013497880308933129,8.80435584096555,5.683012583623416,10.211500075949283,7.542469148137853,7.605294440160517,10.537138753732378,9.020911467241412,-2.779262071177132,3.6068469359505366,7.678879229851314,-6.531512887849163,-4.984878388722419
2024-11-25,2024-11-26,AG2506,AG,-0.008681005441824263,0.005209337744580947,0.008944036843485909,5.2616084349011745,1.2199668861467035,5.64953481555896,0.5802571138722916,4.7663855486063165,4.714472855374142,12.62018565285722,20.33517807789873,23.424686413444626,25.951179059201685,51.23382448835961,58.59280271565847
2024-11-25,2024-11-26,AU2506,AU,-0.017647623005850654,0.0030671475879620047,0.00666472241904308,-3.601172906461957,-0.3718815779589808,-0.7538639305640924,-2.5588460239339197,3.0893127100403976,1.4551227806226907,13.404232572946377,5.836396625566152,7.894218272405684,45.05888814387702,13.830301084807635,35.34850408153111
2024-11-25,2024-11-26,RB2505,RB,0.0002974419988102106,-0.0020936152405805187,-0.003955173606239986,4.608607596100141,6.988063727680079,7.389613847196735,5.478440965947607,8.596095301226569,8.226879007582744,7.1769356209578685,7.064658405140167,7.004351903223379,21.60988984223314,-1.480040753639355,11.841901383924446
2024-11-26,2024-11-27,AG2506,AG,0.002857513962852387,0.0011667856383018728,0.0015796709777605499,2.7239011677300917,9.962763991376423,14.332360371128702,1.40328011944086,8.285526501491864,9.282627858374283,8.115739380100097,11.891952610928284,10.296366239101914,6.084563100514493,7.829826268587861,12.817386363587982
2024-11-26,2024-11-27,AU2506,AU,0.006557377049180246,0.00438955543738527,0.01316866631215581,9.626184430302807,13.995892376698803,22.10043257906063,1.1644995064675685,12.191621493900954,12.977636965806647,14.972208079840199,7.218669754807706,11.733763687506187,30.471545469170714,11.700948737151622,33.961184255283705
2024-11-26,2024-11-27,RB2501,RB,0.001210287443267788,0.0009095043828406127,0.0006054177267862845,7.966383259949845,4.541560565309771,9.267131146932247,6.61552361575412,6.032408109490548,7.791682560592307,5.226253370800854,6.384215828247939,6.494777585375172,-1.139459165421773,17.420736781976657,10.960769435601264
2024-11-27,2024-11-28,AG2506,AG,-0.014682952182952236,0.006254092046197751,0.006850854451503425,5.2547360757996175,15.500088640451034,18.13097237618538,1.6435362118862615,8.640705325768328,8.820677551851437,0.8290890960834493,7.4322845212626865,4.107820038576085,-4.546439262035358,11.174956286979993,-1.83627476346934
2024-11-27,2024-11-28,AU2506,AU,-0.006506683846029926,0.0025352675609205274,0.004688180143260684,2.2205105506121763,10.816686023789536,12.802247312596952,-0.2417355197623432,5.55389095621161,4.022056954134179,6.495800352883063,4.063369385806032,8.5233298418777,4.247894829253729,-8.159791221065513,12.929353849876016
2024-11-27,2024-11-28,RB2501,RB,0.000302023557837483,0.000605326894996941,0.00041472112349850407,5.628567384819706,13.316438447483062,12.083544178973094,5.8793399199738365,7.583587199534451,6.957788039967255,5.59159205372154,2.838949959430617,5.087065115279429,-2.7480524214815403,1.5810996191283928,4.2149259466888935
2024-11-28,2024-11-29,AG2506,AG,0.017603783499737347,-0.0032431759632733847,-0.005230767421147818,1.4022611281728912,6.637320718283785,6.779622973897702,-1.5353272654501238,7.458091521610133,4.934011279718069,8.046628585055121,14.017754032367899,13.91475062054004,-41.733982826961025,-2.04780753423744,16.050397421026013
2024-11-28,2024-11-29,AU2506,AU,0.006110769827669671,0.001224779370536608,0.0019440835723485168,-3.6414641788522966,3.800123280250209,1.672545134524702,-1.70022960289951,4.312390615591912,2.5511095556263146,6.836950570841539,4.376764995740177,7.112362790513378,4.7464331352877505,-9.06695394029044,6.568346759732732
2024-11-28,2024-11-29,RB2501,RB,0.0027198549410698547,0.0006042296256341454,0.0004530468087465039,6.804217825972238,15.850279394116104,15.967945403887516,5.757232732981343,8.936746271634576,8.490847402686244,5.352865300984214,4.422245128724298,5.533522444297782,-2.7480524214815403,1.5810996191283928,4.2149259466888935
2024-11-29,2024-12-02,AG2506,AG,-0.014692615027709799,0.0038170497151046433,0.00393603768227416,-2.580312867175528,-5.0684410534452855,-8.984675742820901,-0.03781829414001869,-1.2858505275433743,-3.9606166710154516,8.084757117850291,-1.5150575122312293,0.4750501788478452,20.169610576039815,-5.375438270187685,7.8994833143367975
2024-11-29,2024-12-02,AU2506,AU,-0.007623765561167062,0.002784434875468292,0.0036034749638665492,-2.737961390040474,4.940727950495614,2.558693949899787,-1.356440708879295,2.3321570566621057,-0.11642478100869269,8.535322572062675,0.5384278522520597,4.672573584316232,14.264554141039147,-12.16625669222281,-1.5148624062886835
2024-12-02,2024-12-03,AG2506,AG,0.023061889250814316,0.0016768788192517373,0.002043526620660606,1.0137536551787791,4.288004040396171,5.750568145715061,0.31483834065597094,6.421689808844288,6.115722505497983,9.18386919886586,-3.267410856617619,4.428885953911218,19.606086809254997,-12.470294812274831,-2.6210844284325128
2024-12-02,2024-12-03,AU2506,AU,0.0036412850836207156,-0.000996704527492524,-0.0016900438273750127,-0.30472789422653257,8.851902843577056,9.02129901917898,-2.177534691064607,6.096109962139286,3.627197265478628,8.660157828240541,2.644524846504178,7.825496667086949,22.169280838132053,6.424304109266521,24.627604899860746
2024-12-02,2024-12-03,RB2505,RB,0.005576753742295271,0.0014781968693109652,0.0035348628159931005,6.474369747320439,24.108539160052963,23.33214095277677,6.023966418128923,15.383581359478601,14.48590142034499,5.937757162078743,6.260072072500414,7.894045606506286,1.2110470212523314,-5.497169338320124,6.54459127245312
2024-12-03,2024-12-04,AG2506,AG,0.003446955189582601,0.003916454092235142,0.004666815981874392,2.3724326275123895,-11.378360093760358,-11.910969629438297,0.6800641171556423,-5.607496640767947,-7.968391310593077,6.985442592881319,-8.335314966126717,-2.4902394457419894,15.890460249565832,-17.765624349110073,4.7087041626984725
2024-12-03,2024-12-04,AU2506,AU,0.0008048678407006626,0.005914404067267799,0.006769385528811209,0.37177340178812646,5.9091176680766235,5.368003008971339,-2.0760618875950554,3.6366236144765907,0.45908389061742794,7.076818550763089,0.4039686089587006,2.4600716104923457,18.28411119544289,-9.251243554865917,-4.07244491828321
2024-12-04,2024-12-05,AG2506,AG,0.01038727878943324,-0.0024226980291131026,-0.0023212886853035256,2.9719045589314836,3.2202089909318485,9.116503343475035,0.9802628761451713,2.555666605036806,2.740000825226496,8.492534232340416,2.590885858649005,5.519998872985652,19.591823667479957,0.641049897394037,9.635383689615018
2024-12-04,2024-12-05,AU2506,AU,0.003809892806405646,-0.002732813120716892,-0.0023490143185553028,-0.4060229265852566,-3.9912752153423168,-1.9711926068681427,-1.181183680102623,-0.2157299431590558,-1.0182786565849118,8.724146727366472,1.9240195486348899,5.081565611152414,18.38911824911449,0.1016700374672437,8.207834527410755
2024-12-05,2024-12-06,AG2506,AG,-0.0037989109788527653,-0.00791931588070958,-0.010354608841637414,2.7518256404628696,-9.573520986171538,3.225951834972827,6.939502778781247,-3.45541398287716,3.222879958322116,2.0714885228370647,-0.6296106937502544,0.12786222726458935,-29.401019421713197,-13.665215488426625,-33.09588458975153
2024-12-05,2024-12-06,AU2506,AU,-0.0062319306135560915,-0.0036739865362290258,-0.0045016970227884714,-0.7400567203999993,2.9192050432743755,5.510871046499743,0.2591769658859575,1.8111325376369027,1.6491989604656139,6.85242716535254,0.889865876767473,3.9397349891748603,34.285020263635154,-4.01121563032827,13.696153584142738
2024-12-06,2024-12-09,AG2506,AG,-0.0016554183114733112,0.0022819482518929525,0.002509197945855975,8.51926712871042,1.96537447511038,7.734550208458368,5.833431967917682,1.2842853872722513,4.966189548193465,5.9711852819470925,4.909824417960062,4.4976191630458375,-1.5367756818486822,5.364507131116985,9.989395892380823
2024-12-06,2024-12-09,AU2506,AU,0.0051073183346261875,0.0012857603828543703,0.0021560417959437905,4.6829670863541635,6.355129250735333,10.411828590097695,2.6927350608112626,4.459268042650823,5.979659562175813,3.6991202043521336,4.343219136969426,4.432300143288728,-0.9230691434609323,-0.33397573076164555,3.199160205271249
2024-12-06,2024-12-09,RB2505,RB,0.0075642965204236745,-0.00029935638601043263,-0.0008980691580312979,6.201001161569566,53.78948158844106,55.34218816636876,5.705556615909,35.82391606466297,36.23034398907858,8.70658676130826,12.237699070864258,10.098198242518444,18.06887895674803,32.52078707456928,43.27966524307943
2024-12-09,2024-12-10,AG2506,AG,0.0016350144635894903,-0.00178117095436784,-0.003851031930905273,6.156389431469907,15.762297500825296,18.423434606273947,4.544667946567487,9.168145358364715,10.922886107643881,10.070427728822956,11.098787730697527,7.811212416077097,22.14802391052184,5.347791346230544,10.729423891759849
2024-12-09,2024-12-10,RB2505,RB,0.003539823008849474,-0.0018137852614596645,-0.005441355784378993,4.927840672661751,46.490403702316804,42.74594429253082,5.756247372354859,27.381808472904645,25.240297464099797,3.3547443522283897,7.874327562187736,5.8266001639779885,14.282139279939704,1.7809350440070508,11.040391181479634
2024-12-10,2024-12-11,AG2506,AG,-0.0012547051442910462,0.014058872557029874,0.02687948373679852,-3.065165869695476,8.216884101397108,3.148524705174447,-2.5579532834169667,7.712032515265112,3.1473338537849513,0.7387212705776993,9.587451247203017,11.012194952741327,16.748363034741168,2.786115498013394,13.2999872393532
2024-12-10,2024-12-11,AU2506,AU,0.004946545396521396,0.0030505940199883792,0.004249005539698612,8.202279589798188,1.3928390670313715,11.774532089827803,3.7925576181399947,3.57306988896206,7.035108878845911,10.988350823419239,3.6102315363719972,5.64116629604358,17.0792285762697,-3.255752643828772,0.48299023844809874
2024-12-10,2024-12-11,RB2505,RB,0.0032333921222809092,0.01785761740000647,0.053572852200019415,1.3973931355107974,63.51908817774668,45.81365318531621,-6.463773770316556,38.45630279274148,21.074538599385335,-4.508373388453687,3.4328322413244163,7.358545587533429,21.273490324844097,-3.0220118837827066,-4.725380546247517
2024-12-11,2024-12-12,AG2506,AG,0.013209208705497577,0.000753106600173857,0.0008926637574576581,3.8112792321965294,2.9982525125695445,3.4652425675835925,2.5424087990923203,3.143801727837719,3.041683945880572,5.733548126072921,4.316540076457309,5.308297827646504,2.480707999315412,6.834302383588054,11.33933425628692
2024-12-11,2024-12-12,AU2506,AU,0.006282722513089034,0.003933047422124102,0.005984956615476218,3.0357621438407323,2.720843227727841,9.484207992540266,3.8035440656339743,2.2948773470252113,4.8718867303700515,10.85930700827191,5.520205743329285,8.075872619358377,38.923252354450206,4.666601196948776,15.67531569132427
2024-12-12,2024-12-13,AG2506,AG,-0.019632362135800885,-0.001382865265316012,-0.0016078170427553712,-3.236202311010943,-2.390504216128446,-9.115577830894432,0.3061525395201863,-1.8694762637741071,-5.181501916364203,5.19011245184886,0.547633329011285,2.263646665476351,1.8148154256572142,0.8051787699003953,8.5333207413088
2024-12-12,2024-12-13,AU2506,AU,-0.005380938815560343,0.0007935878521400815,0.0011018328942046822,-1.133499328699373,4.071822662882337,0.5705614607580247,0.49224373404209576,1.2256602081196988,-0.6035097723581182,5.307593486132072,5.0569252068026325,5.831229615127643,7.787323753785311,9.075366401929895,11.656096301759383
2024-12-13,2024-12-16,AG2506,AG,-0.00473145780051154,-0.00710239107950959,-0.015312508154394732,-5.9269293745239215,8.290574502699274,-0.23096827238943263,-0.5019276645491582,8.168095826598702,5.548441495938103,-34.322283937382224,13.97302262502666,-15.207421363491006,-32.78017988792468,67.35469385941167,-22.119840884114467
2024-12-13,2024-12-16,AU2506,AU,-0.0035840000000000316,-0.0037911143880658728,-0.005034637047640915,1.1215374475554247,-0.7515851335467381,-3.171150479765389,0.5780163940714433,0.9945524997921531,0.37735280978964036,9.759219058508666,8.629110854692106,6.39336705111603,10.115857358794848,14.476167820706534,20.43014316992621
2024-12-13,2024-12-16,RB2505,RB,0.0005952380952380931,-0.006438418495036837,-0.018033386576971632,-5.587468151111348,27.566375259724186,16.16021579929447,1.3702882396646503,18.928884710882507,15.263091070403561,-35.188056155293296,10.722762848977785,-14.662965607609319,-54.055619545860175,36.38778953331419,1.263738605745154
2024-12-16,2024-12-17,AG2506,AG,-0.0035961983046494117,-0.0025542798050967423,-0.002794580829249484,2.890167466890026,7.155706868111606,4.795476045473909,2.0372683939381178,5.329916169824485,4.672860324156851,12.532010353791295,3.686751665242062,4.226143414172232,30.485298135918534,6.935499733953782,15.374468566324495
2024-12-16,2024-12-17,AU2506,AU,-0.003555640976359853,-0.005520732672697906,-0.005618518090797329,4.475162703166796,-2.409560425909451,0.2771661549365998,4.203926459584657,0.11962809971974675,3.362838453398044,10.174708490271165,6.496604486111048,5.667806691688514,29.54122000123831,6.507239900805039,16.210976074747045
2024-12-16,2024-12-17,RB2510,RB,0.0002940311673036433,-0.001174743160060808,-0.0027595883939133766,1.3168086516794313,25.15428447605928,19.05879308188372,3.974094750136658,17.606626660643805,15.342154570995914,5.812780455879659,9.668664318695232,8.13179005794063,1.1631287993147472,7.549093888055112,13.465517331519942
2024-12-17,2024-12-18,AG2506,AG,0.001033992503554293,0.00038538121101290037,0.00031074470781468057,10.771724337217968,1.4958395023847024,11.22236857044741,5.315972154136465,5.162915593641482,8.960006292647758,4.426008411534026,-0.9022022687644154,3.4864234474729345,2.021579334977048,-9.026614164759104,-6.5678906897336855
2024-12-17,2024-12-18,AU2506,AU,0.001579371474617286,0.0025659132687388155,0.0015969148464126516,5.352297128867001,-6.714677043085706,-2.7412591241076125,3.3713735620786136,-0.8462201820790272,1.6030697911997325,6.472916247817959,4.142171940880713,4.352287073833181,9.255902586033379,11.945636311330473,9.926540681443281
2024-12-17,2024-12-18,RB2505,RB,-0.014285714285714235,0.002079929437992027,0.0026239255158324024,21.515902252613746,17.968794237611878,31.46795661745901,10.265329384223715,11.894635950778955,15.910638223554736,3.9295662929715105,3.3711298433199604,3.8835890664735877,11.232375931256483,3.4357481091483217,2.8255348334863264
2024-12-18,2024-12-19,AG2506,AG,-0.024166451279400314,-0.002710553450457999,-0.0021548417620348204,10.983447802425772,5.818150317728305,12.406769563450483,6.766905577956804,4.773844547010111,8.261872290305885,6.655450376585279,0.7555246455054948,2.7495584118061194,11.117587893011402,-3.1867960027913584,6.614337516705541
2024-12-18,2024-12-19,AU2506,AU,-0.00839930488511298,-0.002639543153579827,-0.0016478306627339694,8.923689210142953,-3.00028331730975,5.102278773211404,5.2660156332960195,-1.2724834473574234,2.5836797103223357,3.321439019111564,3.355586408239444,3.382968301681903,6.710610407389614,4.153778454364774,15.339801173683611
2024-12-18,2024-12-19,RB2505,RB,-0.007548309178743939,-0.0011897681355887957,-0.002029980108820605,8.01328305627278,17.8302543814584,18.80938908303549,6.454929757209182,16.07453462383551,16.580671216256594,11.415128374856678,1.9330127076684278,5.543874240168321,19.364653649747144,-43.67344872065967,7.984323766396585
2024-12-19,2024-12-20,AG2506,AG,-0.0027955271565495154,-0.0009042175905107708,-0.00141668368311355,9.545363762550991,5.937492185957998,14.362485093694884,4.977148234628441,7.932140592356073,10.778962912103488,6.032890472047246,12.853878814271614,16.00642393594236,2.0435193377288257,18.63101441524004,23.94907749086115
2024-12-19,2024-12-20,RB2510,RB,-0.0009030704394943356,-0.00328015800292677,-0.007540342133537768,8.747616997583318,25.142920038194106,20.99633219219858,5.9571846719357815,18.82365437344662,17.137089690427835,2.408464854877893,6.4609996717511295,2.3635684099824434,-10.78583865089306,-3.852703489357631,-7.149281772000003
2024-12-20,2024-12-23,AG2506,AG,0.022392062215071062,-0.0051782629153267565,-0.005977495896860599,-1.428286463014504,16.62849623239062,6.35843822879125,1.7527320265071742,10.520748312451943,7.564835683396748,7.108050375445273,-8.380614122038022,-4.548361721438222,30.75010113983762,-5.6140469407333295,2.081406206612469
2024-12-20,2024-12-23,AU2506,AU,0.010741870578308665,-0.0017215342143336732,-0.0016712622351307586,-2.8102456489177685,8.510059101428931,3.5557609338689495,1.3435114115314093,3.6603978664290313,2.268334018306214,3.9772843136303755,0.5454836825269317,2.8483362374441823,2.6065755551368954,-4.513858195653787,-1.531007489425875
2024-12-20,2024-12-23,RB2505,RB,0.002132196162046851,0.00030418251185108404,0.0002821461219601142,3.8717752090411306,19.938449788248704,16.92839527211848,6.224178615153253,14.66518561375085,14.76368788911804,6.9473056692583715,1.1596568768880908,4.039783005591345,6.872511697730257,1.7042117745981786,-0.6102110634616257
2024-12-23,2024-12-24,AG2506,AG,0.0013140604467805073,-0.004415018209116831,-0.0044374995048027934,-3.6852355176649843,-9.663327428335199,-17.729806059263204,2.1410787696204476,-4.11997040185435,-7.008031890664926,2.1939097612227356,-8.589090151230824,-7.199176902686924,-3.149532534868322,-18.22307250807135,-34.16941914157729
2024-12-23,2024-12-24,AU2506,AU,0.0013562386980108254,-0.0006164128214385325,-0.0005815121838940884,0.22321190750628706,-3.8154504009639996,-6.83910666379346,1.787695644091964,-2.283730415994974,-3.369195764876705,4.924259510693398,-0.9120789136136934,2.1731401702788857,2.9634911233535774,-5.905683144167382,-1.694580637509939
2024-12-23,2024-12-24,RB2505,RB,0.007294832826747699,0.0012191406569443367,0.0017293073133831088,6.63989420211505,16.18568607495483,14.815889683737907,6.13245042555562,11.05954235026497,9.97263314563437,5.3616293502352255,2.258477540578808,4.9492841662363976,-0.966279873617896,0.1502698896613828,4.452578268620885
2024-12-24,2024-12-25,AG2506,AG,0.0034215028293196337,-0.001969150619880872,-0.0009545369365457813,5.796897914602153,8.090240931693137,10.336545255102303,5.060658614819981,4.358130363203818,5.914027900379459,7.079422930944696,0.9283526476756877,2.4843585201487453,2.0676909699929444,-2.8151877346711567,-1.759046661961871
2024-12-24,2024-12-25,AU2506,AU,0.00355239786856143,-0.005699305430761833,-0.0036301909357204488,6.315685980132799,-0.49407231204424074,7.72088023735232,8.04879918396885,0.14960938305957505,8.258250807738303,1.7247426132739436,2.9643263229653827,3.061202526804481,-0.9131421136732779,0.880050245277041,-1.6135317677962366
2024-12-24,2024-12-25,RB2510,RB,-0.0011965300628178355,0.002099266028100842,0.003145730194552279,8.744741574091144,21.799730484108522,21.469941856380565,7.518042775989229,13.74408531455666,13.51273908661495,6.454811289156016,2.269076557086291,6.062115376418592,17.236558958274532,-6.628398365901758,3.2076627825889843
2024-12-25,2024-12-26,AG2506,AG,-0.0006548788474132206,-0.0027597100109070624,-0.0016081053933838408,1.7876533493173232,1.351198718132728,1.46226643570275,4.346554314668397,2.70489612952502,3.895202905247522,5.0978867007555495,1.89629560659557,2.5689625017908075,-1.3771761372533944,1.3369434425359912,-9.22203551457184
2024-12-25,2024-12-26,RB2505,RB,0.0018187329493786208,-0.0018121418429263138,-0.001483499634475752,5.850789293337777,14.494568526707557,10.851802077963928,4.409636826081796,11.336395097653407,9.289808943613052,11.130615496061214,1.2198653758624345,4.314863480786889,14.403308728410773,3.061216428712279,4.813098066948682
2024-12-26,2024-12-27,AG2506,AG,0.00026160889470250304,0.0013106161771203756,0.0006968997077928797,4.697625711287754,-4.036334550553692,-2.3028467994949455,5.401223974461843,1.1918378026590837,3.7346066423156548,3.779365424480141,0.6803987803124926,2.995379354153701,-0.48004727039915357,3.229935291168702,-0.7929310975394813
2024-12-26,2024-12-27,RB2505,RB,-0.01179316601149083,-0.00030307622599012673,-0.00034030504122660514,6.3031162489720245,10.133257436300706,9.80683825731343,6.197458157182438,8.277067327712398,8.287542412173664,5.427744746013271,2.5165619180375005,5.30597669696224,2.9634911233535774,13.300174260088555,11.44726432500977
2024-12-27,2024-12-30,AG2506,AG,-0.0007879185817465384,0.001963994084660022,0.0011924983838473495,1.9220671783591277,0.6083922191828379,1.406060893125881,5.4617513789303285,1.4180620479103498,4.507468735722366,9.139872421563751,3.325319736029225,5.28681861890101,25.184366677225427,4.931811242613176,2.8867793970678357
2024-12-27,2024-12-30,AU2506,AU,-0.0011260898941476416,-3.2137290507813586e-05,-2.432344232335019e-05,7.572289463897324,-4.31145471373379,1.852403110392764,3.414434801615152,-1.1107385574170543,0.7771794369216631,5.698880910594704,3.918863943781693,4.58780016295968,2.9634911233535774,3.3856334682272395,3.049989168507317
2024-12-27,2024-12-30,RB2505,RB,0.015926493108728845,0.0006049606960061281,0.0006705661420478604,7.813082087696806,10.693406740765793,13.980692331862434,6.4976514057303705,11.195546053091407,12.764703813374085,5.363673385505775,-2.127805302283356,3.9784963551885784,11.820840821974626,-23.2228857475606,-5.269851118640579
2024-12-30,2024-12-31,AG2506,AG,-0.012743037309511318,-0.004193427714962947,-0.0043098681881330505,0.6512287814147841,5.206867156240401,3.3618800261579533,3.500717850585551,3.1131305741889372,3.7551501203273143,7.897465381830481,1.906849534589328,2.3711720948407677,5.748643260787858,-2.097500090960323,3.924013923484613
2024-12-30,2024-12-31,AU2506,AU,-0.001865071708791688,-0.002313848768305789,-0.0028300227496973716,5.281285739773808,2.4030849374599534,6.574497617235144,5.732289908633545,2.5447077549394925,7.024803693815315,8.999262504888039,2.8534131675198475,4.318397126780678,3.9090757687343194,-4.592185184672971,-1.4398968322158783
2024-12-30,2024-12-31,RB2505,RB,-0.005111244738424503,-0.0009184142693620562,-0.0010901749409135777,6.337805725362494,4.937707216091848,1.256073699574399,5.940762344449784,3.2129151735961483,1.105530424245972,7.351192990314569,-7.444823589678763,-3.6995969912934092,14.93507185463565,-20.280114242183735,-16.12654626051297
