date,entry_date,symbol,product,target,gap_raw,gap_volume,ridge__gap,ridge__context,ridge__combined,elastic_net__gap,elastic_net__context,elastic_net__combined,random_forest__gap,random_forest__context,random_forest__combined,hist_boost__gap,hist_boost__context,hist_boost__combined
2020-12-31,2021-01-04,AG2106,AG,0.005223750652968873,-0.001596735902097798,-0.0022050618635222462,13.0975750797929,17.561806025661266,9.897250398604335,13.47620874624602,11.932689993880022,11.759630332689484,36.226352676559934,32.65337490815828,30.222244059858372,58.058007812315765,31.981733146945444,75.11321435270351
2020-12-31,2021-01-04,AU2106,AU,0.00244145490782266,-0.0008083666382698154,-0.0007126243991690124,10.428805342183308,-7.689036590132229,-4.060228257578756,7.100189290845358,-1.3380476019840666,0.8618591317701059,23.921009167597695,10.390443302056337,16.315034102238965,26.511530102500863,18.234800616288332,32.70212052975463
2020-12-31,2021-01-04,RB2110,RB,0.0025851938895418147,-0.0019328346196100944,-0.0026362247633793644,13.607077953378852,15.3619498600383,6.441921951902417,14.112511778112966,13.974870922037017,8.898833089690473,31.713978883971297,-2.721997004963319,11.362405315652692,41.61646953300509,-16.32483908713781,8.491317336533147
2021-01-04,2021-01-05,AG2106,AG,0.0022452504317789224,0.01473452372177275,0.014249809423785311,8.9244033538959,18.05666197477101,22.340204646360455,20.1186705628843,12.690953744132232,23.513610512827523,-1.2116651264145613,42.22464795443746,16.25128495894275,22.626373174418422,67.92821480715635,26.530213126628
2021-01-04,2021-01-05,AU2106,AU,0.001982160555004775,0.00951196157981861,0.008021793432543856,-3.0973253053046363,2.2366002680806316,-1.785352935929862,3.647053259309387,4.241081053017687,4.610701429272939,19.98222033575425,14.36954416154262,11.326092529726955,47.85330849615701,25.102021666436226,8.964267036166916
2021-01-04,2021-01-05,RB2105,RB,0.002051048313582493,-0.0077785796006281235,-0.004738909772157443,29.59206658421428,9.79646090554515,15.254621671026008,20.975100705089943,8.646558291225455,12.372966178301603,6.7738375786863765,10.12956915305158,14.016547493459436,-10.67753678089056,15.363472030757373,-1.3676698723052718
2021-01-05,2021-01-06,AG2106,AG,-0.006354113000171746,0.0029404155061073765,0.004996771299846774,6.1075181302254125,10.54088730419327,-1.0475540733851618,8.808234646166214,9.946504273231781,8.098610124617425,-4.061844277590072,35.81655206422844,14.074785981351152,10.509539344586992,111.61380290749533,83.25215738046005
2021-01-05,2021-01-06,AU2106,AU,-0.001971900419028838,0.0030273727183638306,0.004382378588993983,-6.337712704534388,4.385255997822291,-1.4225249148881032,-0.5781679958839137,5.179282290501673,2.745507741786821,4.614718946642963,12.421346912235437,5.791409777686973,-2.3188272595084802,-2.3248466891133983,11.666355090388173
2021-01-05,2021-01-06,RB2105,RB,-0.005227272727272747,0.0011401209763116033,0.0007593362455531337,9.133684627740019,23.591599298594357,10.495415724810224,13.69944666857508,16.85980608354425,13.343178215826182,-3.5302355583168077,40.69259327476406,24.979172823738416,-27.780096072567083,104.67004092691901,49.88693742323145
2021-01-06,2021-01-07,AG2106,AG,-0.004673706075817852,0.003440567646511639,0.0036566164740559387,6.681436647442714,25.25647840526841,26.12335217430413,7.145350659316056,16.30101862095579,17.10150149553996,-2.2246325329909067,49.3682232502684,21.556814100387733,19.018755566918472,106.23621838684136,59.65838320720245
2021-01-06,2021-01-07,AU2106,AU,-0.002931677018633505,0.0032094830660851343,0.00451510310978995,4.722873118692899,3.9261398602345357,10.508062446584324,0.9553292857232991,3.9681868590565985,4.58492136528743,-3.5115179273979824,6.115331266855682,-0.869626968281701,-1.0522908037329235,2.8804858198459704,6.035874865579289
2021-01-06,2021-01-07,RB2105,RB,0.017820424948594926,0.0006820507255423861,0.0006138650810456548,16.23643374410473,-5.684797129936621,-15.917914142617711,14.70813802797523,-0.7368363355282321,-4.36342381155706,2.4983290037746797,3.388735300062699,4.285654419907775,-15.074726562960924,18.166432992032846,-15.249640945226082
2021-01-07,2021-01-08,AG2106,AG,-0.00803633822501748,-0.0015566897548148582,-0.002776993643842234,13.620176057112207,6.789839906176999,9.839578818104108,7.275693585731586,5.207612097294653,3.350650382516471,29.89960627124782,12.641772708022582,20.010977354947435,90.1271859625047,23.427086174257933,76.94396854672136
2021-01-07,2021-01-08,AU2106,AU,-0.006688629330138807,-0.005945026179497306,-0.010267940427814022,16.436449066563142,-10.612463792260874,9.521863395034368,13.95644127837999,-3.3019518188655317,11.473784068876942,-7.304010448677892,13.944362004240856,6.973031144941553,17.01442583793657,40.05455242683573,25.798085729589626
2021-01-07,2021-01-08,RB2110,RB,0.005091414024531282,0.004230323582479138,0.003761257595986994,11.847853170671781,5.249820306903993,-8.741806662152058,17.07411049644474,6.3903831996518585,5.030108957620626,21.82608999586948,18.065599755736017,18.976668858969038,43.93749027229874,3.2396948680942628,38.90700562384728
2021-01-08,2021-01-11,AG2106,AG,-0.07108325872873766,-0.004531993115054558,-0.004942546165634947,17.34088393585263,23.193401270916667,41.572839016505284,9.315512000090672,14.294458487284654,18.10248929393105,17.14722551063067,18.57157466777938,18.4814416023708,41.84892009894974,23.056286760953913,50.16283821471845
2021-01-08,2021-01-11,AU2106,AU,-0.019950377234290384,-0.0015960103138485439,-0.0019110912278418495,0.2213679510574229,-3.438572043605534,2.042440310755481,2.1671190550776194,0.2437667793845133,2.8805162298963722,28.237644054802185,1.9316931822268222,7.29084231388624,54.05535737482005,5.495465702528505,35.12254616797396
2021-01-08,2021-01-11,RB2110,RB,-0.029661991262359133,-0.0009252834340465275,-0.0008342183805974363,10.460880416855737,12.79206276735854,0.1354372318410899,11.62234222001938,9.069187325216934,4.509126947855423,11.351754690787601,4.927974662017135,7.941268230034323,4.249097228143367,25.840148067279976,37.764926372031866
2021-01-11,2021-01-12,AG2106,AG,0.022517321016166214,-0.016514625529615422,-0.049543876588846264,-4.823507983917455,-44.78155309682806,-44.651379567268954,16.479121269391392,-24.88852940116163,-14.573540566180796,-0.2199422733443321,-4.5128083987804635,2.6912880394921324,-5.860858490385568,-52.55040520791532,-38.256462853311284
2021-01-11,2021-01-12,AU2106,AU,0.007767593599502964,-0.00761687457659727,-0.018951966632967436,47.72977001550123,-16.94017496428949,31.918775017316108,26.400501263696437,-6.141271419221989,18.861778940975558,-11.274812443542016,15.083387610142836,7.58799669163765,-30.551160947723115,12.650916303871984,-21.94585689175306
2021-01-11,2021-01-12,RB2105,RB,-0.00505863416877439,0.0017813409297372633,0.0019818261540222363,9.285429451396762,-13.407525067254005,-25.013614455868684,13.33660863677638,-6.488395663096074,-8.429655104187159,6.136456299974386,-18.731892893676978,-13.094779740936659,-4.859741717890053,-60.835570700499545,-46.685327458849834
2021-01-12,2021-01-13,AG2106,AG,0.0011303692539563759,0.0015408323541556384,0.002295591811189633,16.678997123565686,38.34666593454097,48.751091988587575,17.690941420558485,28.141453637633635,33.40576166391383,13.877323813859062,14.412542200273055,13.666045051713178,4.317433771978227,12.29782201044368,29.719922857451856
2021-01-12,2021-01-13,AU2106,AU,-0.0009751090582499344,-0.002275902291022934,-0.0030102838634597853,9.401246664023082,9.773405676652448,13.374397239772671,7.844947308462355,10.4554865862607,13.764135093711811,29.509539284921388,-3.498350571744977,10.884140339726395,64.21166533446353,-41.15281753630143,-16.912138343695947
2021-01-12,2021-01-13,RB2105,RB,-0.006249999999999978,0.00022996435653836105,0.00020059551005151963,10.822991037444265,18.37639248732225,12.45875337513745,11.55866327836611,12.443603919518642,9.832198749061906,9.27259806643012,12.975724469504302,14.203208975143603,16.476374808001452,28.82600939741688,24.827919038069403
2021-01-13,2021-01-14,AG2106,AG,-0.003599166508808538,-0.0009415309988450712,-0.0010374326597990175,29.1401872015558,55.47043388260398,77.66058097531163,18.09673071642901,35.509705691527984,43.81387860008666,48.971309702080106,27.02195261719379,40.07805396015219,91.95220065688216,54.16258944107473,104.45887279617504
2021-01-13,2021-01-14,AU2106,AU,-0.0063756491336316445,0.0012324758916443079,0.0015392898688472326,10.280842570510773,12.72932461686931,17.238869723349932,8.063249365739214,10.968078196322647,14.509280124431505,12.794351062876801,4.192990558044356,11.957834373545941,0.7012961986894543,-14.512743993568808,-23.602482665627818
2021-01-13,2021-01-14,RB2105,RB,0.00116577290743769,-0.0016190589867287647,-0.0012432162118273626,18.95370040177983,24.835774380266677,28.84073897652502,13.083266857640053,16.930406183056434,16.62236512557374,20.696556345811548,15.567815118500775,21.413096606245293,47.489360500188454,38.31253866363919,60.739176383539174
2021-01-14,2021-01-15,AG2106,AG,0.0024630541871921707,-0.006608161496142594,-0.007116940796387995,36.69087907511452,52.248103833247434,80.86149877352237,19.13114848490322,33.46109656431524,44.00400902605134,33.7414645439696,28.820236327076703,38.70121183920792,65.82092992056117,72.09542107009705,113.87754605039655
2021-01-14,2021-01-15,AU2106,AU,0.0036222509702457106,-0.0008736991433334416,-0.0009545664606830693,12.59979820512201,3.3188819843982786,16.489062491275543,6.243218576469017,6.121432988031364,10.875229116986187,31.144755314746096,1.5398080867169466,13.720824739749482,44.63156732005435,-15.10746304209947,7.4710740658463966
2021-01-14,2021-01-15,RB2105,RB,0.012775842044134622,-0.0009321837076801323,-0.0005562811527483518,12.625215462124572,27.958244230079046,25.6062613544283,12.560193875857866,19.131864186185005,18.528910944756007,12.46116849451789,15.728449362969805,14.382874722774046,30.880476701723527,36.17366736116322,54.546744662943915
2021-01-15,2021-01-18,AG2106,AG,-0.00472589792060496,0.003416211331513785,0.0050104913499432885,4.524404716211658,42.378409406407584,44.524319909867465,11.22703081999441,28.338378377608137,30.412813624427425,17.628801964265467,21.25531420960201,18.245753469172747,-14.037796460580287,56.430700605115064,35.417091163992986
2021-01-15,2021-01-18,RB2105,RB,0.005034324942791768,0.002558438423104835,0.002184419893661942,10.387856274655928,16.888147902579817,15.709761411646255,12.549726134568155,17.297355191124947,16.58963479528489,7.74882962114357,2.2300400762335215,4.480307647748252,-5.62147223424788,-11.445907770242853,14.840074304376017
2021-01-18,2021-01-19,AG2106,AG,0.007425742574257432,-0.00018901805178661343,-0.00035910004158489287,13.104158504131068,38.06974187077677,52.24402000383702,10.88127184504746,26.084438226433207,31.83431166821366,14.381672763101488,28.94138414114124,19.476519603889745,38.17704867918466,105.11203595426127,60.421306450892914
2021-01-18,2021-01-19,AU2106,AU,0.0014464304163652741,0.00020621745703851616,0.00042038971683697575,-2.867631713964361,12.09354695742789,10.160948695961222,1.8771855665829813,10.554578800149859,10.944354926549849,6.156133623590171,3.6133156367795207,7.394224976930426,2.4664995948792994,8.318145210282783,-12.426296234078967
2021-01-18,2021-01-19,RB2105,RB,-0.023679417122040025,0.0022909517465557624,0.0014199853065763827,9.470129778877105,26.975596200249996,21.491859581154042,12.54620644421002,19.589365063103354,18.915961150316505,7.1787343482893995,12.69899253485273,10.560938668754925,-6.136717164327221,14.065929265879493,29.538961612781815
2021-01-19,2021-01-20,AG2106,AG,0.010959939531368201,-0.002472189145389037,-0.002326746475409341,12.332521967625809,6.404509689965144,11.175807716847562,10.033438287698209,5.976320964752184,9.732060609253287,31.4345047093671,7.891407314496103,20.849669675054006,42.75985658906236,18.787770047773467,52.04534992538722
2021-01-19,2021-01-20,AU2106,AU,0.006262939958592284,0.0008785757303042473,0.0009003949925057027,-2.7338657722445756,0.5520034709734416,-2.1265383210335687,0.21034692011023637,3.283485331096564,3.0776972118211567,-3.844474032031799,3.4283867602707536,2.798749176504162,-25.026132965546743,-7.802580580240881,-6.844293993694695
2021-01-19,2021-01-20,RB2110,RB,0.004796163069544335,0.0016387689492165004,0.0015188448075883019,11.268563032649151,-3.4071319731282586,-2.7198757681616117,11.961716228383054,3.272728251460263,6.163159992865915,7.3182895415255595,-3.86599383165785,0.08192688388776491,6.844974477414321,-3.8355791598126787,1.5088369344509256
2021-01-20,2021-01-21,AG2106,AG,0.02451904941531491,0.00018898233071453334,0.00022696039961848103,10.67207527511237,9.306270497548054,14.093824590427435,11.200091208631594,9.780807653549498,15.41463664866415,6.443444529028627,7.545179638659379,8.67864079861337,-5.883569929875478,-3.54410766916197,13.349884887187029
2021-01-20,2021-01-21,AU2106,AU,0.014203811786581255,-0.0034103272860444254,-0.004616098049536166,-4.246613519529982,-0.29531882956322164,-7.413435188799498,-0.05352328567936482,3.3868569747775563,1.7266882684909701,5.45886507292774,-2.604946130747991,0.19357308961431025,-43.71937299841353,-28.721845186856765,-53.453648377300404
2021-01-20,2021-01-21,RB2105,RB,0.013689095127610296,0.0004663091714246367,0.0002840538176179857,8.007270580363619,10.217336335457107,9.695375236235803,10.216317982519431,10.573004455967476,11.338639453986135,6.079158490741016,1.4546720002190456,5.126169616973601,16.440754326207788,1.639971358569207,0.03469348858937692
2021-01-21,2021-01-22,AG2106,AG,-0.012393636699962962,-0.00901245304108138,-0.015786833951704743,-7.120676403012965,-2.615774686556252,-17.9674027214917,5.407989836482836,4.9695465767902185,0.7290545154838455,-9.735893713557727,7.736657839688251,0.7369036748374492,-54.252365593963596,-41.13359025669129,-44.703738282910805
2021-01-21,2021-01-22,AU2106,AU,-0.0011753883892069439,-0.004123504631474437,-0.008584257931564634,-11.78256033405825,-0.23062194660733937,-18.70989218090038,-0.5677950807036334,3.962200253964731,-1.4245119869754967,-9.736924754893439,1.4862024364395938,-3.4259743524778568,-41.16514040163058,16.08235260797362,-39.24154189857048
2021-01-21,2021-01-22,RB2110,RB,-0.013676019806649342,0.003573559490864922,0.0036949047459410027,2.807347393779419,1.0371912317316658,-7.6716850705207,8.547626874045408,6.874266608010729,3.7237594632274575,13.729147517134924,-4.777111317808628,4.465055468586715,33.2163015506271,-41.306944852810844,-4.455512070215145
2021-01-22,2021-01-25,AG2106,AG,0.009092631180147803,-0.004797942402139124,-0.006517311754881083,16.781999755034327,-0.009498306548691993,7.2544740893630015,16.389608207564432,0.6193783759501379,8.7296829098478,23.27972951520638,-12.614560551901574,3.5953158144205393,30.34739920561699,-53.84005012992195,-25.70503746862933
2021-01-22,2021-01-25,AU2106,AU,0.002577319587628857,-0.003469037250989519,-0.0049726930727783105,-2.8371007921935334,2.939177257191746,-0.5722354208674618,4.261402835590175,2.2344759506920377,4.463954832164741,6.16552296217196,-0.6201542139905941,3.837848969363318,-7.690223687380744,-0.04614268193811427,-5.866954882511948
2021-01-22,2021-01-25,RB2105,RB,0.009579439252336508,-0.0004578754658749198,-0.00038318623676238236,14.671930096127534,-7.970169120222069,-5.473435221778396,12.288969170662611,-2.0977586022836716,-1.3418838247542224,10.164540250226109,-17.246338683077987,-9.052019969662462,12.025338711031853,-45.14434555461819,-33.791408843395494
2021-01-25,2021-01-26,AG2106,AG,-0.010839095496168905,-0.011301683676569956,-0.01683925296947601,6.535228881483025,1.1971071994373146,-0.8865552840024629,9.31905772848719,4.131154352252349,2.6082292083680034,11.000566609376005,-11.097022696722666,4.73222671778283,27.92259625422979,-61.256428575445874,-1.0812948080787452
2021-01-25,2021-01-26,AU2106,AU,-0.0035756244572713314,-0.007446433175635601,-0.01102525004831588,12.080420549542538,-4.757754620625704,8.317163321367316,8.961894589397144,-0.825788570623744,5.2723317270866294,1.519028081621143,-0.07151928144344025,7.531663298918394,-2.0013269094959414,0.16613020573505055,-1.948223189605066
2021-01-25,2021-01-26,RB2105,RB,-0.003935185185185208,-0.0032656898628838494,-0.0032347920368324696,16.197594692149472,7.276540136603344,8.393594693810002,14.305644851531632,9.83682566857813,10.670907391625157,17.06633420465935,-7.5921473710543355,2.230751412079611,-11.748472245452879,-36.00942625931186,-37.01426624474395
2021-01-26,2021-01-27,AG2106,AG,-0.005447032306536426,0.004495231394305582,0.0066507105591103064,16.32417583152698,6.857735386874946,11.30075411951866,17.039341232201,6.037712566795229,13.501392155353491,30.860020923214226,-8.933992339110404,8.693515188973398,51.8215317396395,-66.74188709526803,-10.232994576050068
2021-01-26,2021-01-27,AU2106,AU,-0.005384063173007991,0.006508337729950406,0.009255972221494773,9.050357766068686,-2.9357609919901346,3.8525842569469506,2.8770576729762434,0.6692476648040753,0.4804657718400991,18.133194647636234,-4.064177067929659,3.8503060512442784,39.89221437628016,-15.295570711407317,-0.7396699804481666
2021-01-26,2021-01-27,RB2105,RB,0.0164580435790449,-0.00023145469377711835,-0.00017311296239530953,14.503216519957956,13.165238674464394,20.21937047186753,13.333050344666688,12.672870781654616,15.589963052799007,13.280280386287764,-10.762513536960864,-5.642958924877398,17.183972840324486,-11.715994382092122,-23.556210171087212
2021-01-27,2021-01-28,AG2106,AG,-0.0005718642775447424,0.005839707657014616,0.009439668739480895,14.03018434367255,16.404350455451365,25.990004116827155,13.726570171136698,13.06892512532584,20.624455532313803,25.958203230615176,30.53773030475196,27.486045927148922,52.005916855985085,61.93939577246543,64.98666736141728
2021-01-27,2021-01-28,AU2106,AU,-0.001292657704239919,-0.00025635109986825916,-0.0003302042478944935,10.30581841391161,-5.632888194891947,2.2577452227083636,5.147948944323124,-0.2987932234652435,3.388971696340575,10.665644989542828,-2.048860274692558,5.308429436106536,25.27404207278115,-15.127874740329872,-2.023185799326062
2021-01-27,2021-01-28,RB2105,RB,-0.022410244683283786,0.002553094110502057,0.002306225383120463,12.165124313736651,1.451533740135674,-4.491376184221264,15.946981169693998,8.035130272248123,9.247697207206024,15.079811206047577,-0.44859263255249343,3.577019152306832,31.07426163421838,-29.212220214759242,-11.639881144572588
2021-01-28,2021-01-29,AG2106,AG,0.03710013250047317,-0.009297097608687807,-0.02367195092209833,4.232523863640829,21.295403954109382,15.581871515592884,3.4915044391898737,16.817583906098164,12.199227653347348,1.5209896836271246,38.06420023867758,27.38239067071243,-42.67364028255385,73.35795994124162,30.80568672867807
2021-01-28,2021-01-29,AU2106,AU,0.004604718543046227,-0.0029429249110063467,-0.004335246743041657,-3.2950666898761707,0.013366206021721894,-2.257046205548341,0.39561852459540603,2.69144751145123,2.328338461168941,9.845974736048797,-1.3967242903959662,2.8454922765577475,-30.942606374130488,-19.408455359382796,-8.301351882103818
2021-01-28,2021-01-29,RB2105,RB,0.0004689331770222349,-0.0027403533933627986,-0.0027678265004058857,8.199620911137137,-3.8371032405167362,-5.837205294337214,12.574749977074742,-1.817662652172884,-0.7685265422400045,19.059328439743872,-18.80859258415467,-8.272725362868718,3.0844813542445424,-44.48100368009779,-16.157459544049185
2021-01-29,2021-02-01,AG2106,AG,0.05040679165192774,0.007600264591783139,0.022800793775349416,26.022719077903044,30.861727700126927,45.03275210261399,10.341861146616296,25.75963541697812,21.730111995258174,3.744896595635826,28.494699697693243,17.82542496415073,10.617868789238138,26.585060075256695,16.895169309575227
2021-01-29,2021-02-01,AU2106,AU,0.005789231005686846,0.0006728256341598515,0.001250665826558722,-0.08471326968685489,4.157454366130965,4.16824668848256,2.193046456266104,5.640973470445173,5.382134402883284,-3.6272847599791764,-2.3293552453575135,1.6054654371758283,-23.586250126086618,-1.2126906548574636,-19.479891689371854
2021-01-29,2021-02-01,RB2105,RB,-0.01216943599344722,-0.0023419214450811437,-0.0022726184745859583,22.912501579802797,14.978219289392555,24.962378576664424,15.850897639357267,12.989070774007903,16.020487059800786,17.64726959582804,1.0886566784551617,8.095633218607833,52.67674900661066,14.487154029979584,17.19236960545277
2021-02-01,2021-02-02,AG2106,AG,-0.028103818813026926,0.031440656715119954,0.09432197014535987,87.3937179459768,-16.070907711405276,54.598576825717885,26.55344235936131,2.0689618911263654,12.224408693131544,-19.895221976142974,16.80470875145557,-0.9597700413164748,-25.10339038665159,7.294026859227527,-16.900711129159514
2021-02-01,2021-02-02,AU2106,AU,-0.008905852417302795,0.00523937915215704,0.013000746062594114,0.5497267535480317,12.668768447277223,5.7209468050723995,-3.0963495892045865,9.163432363837137,1.1319233877210495,5.642111415612842,5.0428165810365115,7.87476563223943,26.466935929097325,10.43671071837055,35.02302082749583
2021-02-01,2021-02-02,RB2105,RB,-0.01680473372781066,0.0014051524560249953,0.0011667242433823226,7.197110869015618,-1.4428882691288862,-3.534902686752221,11.050153513503414,4.920268898095209,5.740807946971722,2.603872362934644,-13.97652896048549,-9.773881613396412,-9.438270935537043,-40.114785328719805,-37.121051575188126
2021-02-02,2021-02-03,AG2106,AG,-0.019298245614035037,0.018352200091054146,0.055056600273162434,41.724152042109054,-8.028278055365453,35.46245225970557,21.70394480353155,-8.006007081048228,15.58042063580455,-12.879196763010153,-1.0994266362769318,-11.382172158630556,-17.419120983892075,-62.00135900260855,-58.99328901461343
2021-02-02,2021-02-03,AU2106,AU,-0.005834365964477506,0.0009164503467146166,0.0014595537460058794,4.596498897336941,-6.890185869228251,2.4990289649950537,0.9066740898993233,-2.367196889352912,-0.6170203537931096,2.0879377113541278,-16.019033060267397,-8.672204389624346,-19.72397964004243,-6.97235439783746,-22.898684463389277
2021-02-02,2021-02-03,RB2105,RB,0.0031234983181163134,0.0009471940087753744,0.0009211784494110315,10.275549017877863,-1.7069367075170163,1.073378052408959,11.236482882395402,5.51838418490571,7.6108024577400455,1.7007468113022177,-3.2423021391789817,0.2830235485176442,-7.704855247251466,-26.605170211790128,-8.681930750354839
2021-02-03,2021-02-04,AG2106,AG,-0.0160513643659711,-0.030920504579613414,-0.09276151373884024,-11.177805864479136,-19.70001674690438,7.821031438955136,11.170612273183563,-15.021601919396716,7.643581272922257,-20.61998143937994,-0.5758821108011185,-8.81228211647061,17.03227303790143,-58.96346652818171,-31.984525219328912
2021-02-03,2021-02-04,AU2106,AU,-0.006497556918598657,-0.00550937212105453,-0.008688765094390767,11.255791234149678,1.4515163678197105,14.31612523536043,2.285717902571581,3.535059839784995,6.809995669535392,-15.233137693961474,4.8126660847336735,-2.0875788837562395,-38.16888838321912,-3.3831578517959424,-23.23163496792882
2021-02-03,2021-02-04,RB2105,RB,0.015546519971298745,0.0019240025175221607,0.0013919803955411234,5.603125535329918,13.679744035923258,12.08346795627406,9.888141583484057,12.902718708547882,12.982152164436965,-2.976140247486642,5.4199635959662205,3.405980324485154,-22.875904862745745,9.045402207874298,1.3151198341942116
2021-02-04,2021-02-05,AG2106,AG,-0.006361323155216314,0.00303652997452778,0.00472308867115322,-3.1765428246191743,-13.380390588230872,-14.505456917299895,3.9574576002815585,-8.271154923888801,-6.508572494357948,16.317552086182772,-5.452173667465969,-4.006164316367125,21.793634532539386,31.432373163153937,7.6206036316248635
2021-02-04,2021-02-05,AU2106,AU,-0.00902176763703122,-0.0008832775364485229,-0.0011292126141638351,1.933302139108374,-10.915446153323446,-5.9012260965341214,2.1051049328141644,-1.0610183954560144,2.134759550850225,29.076388864319682,5.108168139055918,14.013972173590455,43.00318051348255,17.538351693054384,11.825009728766464
2021-02-04,2021-02-05,RB2105,RB,0.009898656610888512,0.0014360940716092387,0.0011150894365127243,6.169804379472189,19.460046905593362,19.37183687940083,10.03768207536103,16.38839493614106,15.788820892851898,-1.3683944185274768,-3.8267747191175916,-1.8216687066594033,-11.653671039189636,-1.6294689793083696,-4.2367083391903275
2021-02-05,2021-02-08,AG2106,AG,0.01972602739726037,-0.0027225717879108867,-0.0042895017760674545,23.28028442287045,-0.8689204378317594,24.600288379119302,8.851951146450213,-1.2602407406527858,4.38383812374384,23.765880327806375,-1.4478202806380538,2.0661730896226604,63.455577413057476,48.27124860759116,64.59198173730232
2021-02-05,2021-02-08,AU2106,AU,0.0058078141499471325,-0.0025145384929336667,-0.0037351443488186746,0.39571203265027766,-7.994624452800846,-4.7565979752530785,1.2780586570588683,-1.471312545372089,0.12813470338035415,21.147379397290546,3.3904864844344718,8.961034490350109,6.37141006538544,6.463908310052394,0.7145913852897852
2021-02-05,2021-02-08,RB2105,RB,0.010254020041948309,-0.0007067970608765636,-0.0004968206050538206,8.064476561252834,7.1688028522236955,6.544120653384627,9.620588081931926,8.3184416526495,7.948749211445222,13.573825355609594,-0.34119212436173496,6.352267826325387,17.46413160101413,2.5760305233964282,10.07750743437789
2021-02-08,2021-02-09,AG2106,AG,0.004992867332382245,0.0014622557897022684,0.0018735517494777934,24.09775599095166,8.987941674186404,21.513877680259142,13.438161335534542,7.032830039526566,11.236112370928378,-1.651550488234913,-9.85132552544286,-6.8062368137889635,-13.955227726354225,-19.67785020945447,-22.701053653917537
2021-02-08,2021-02-09,AU2106,AU,0.007946465913843737,0.0024846046667511977,0.0029857361502906225,3.692640293760676,-0.07035631140732335,0.8794527576666669,2.23199656407058,2.8835929537811333,2.5171567648614035,-2.1544385780919164,2.648512878549006,3.050387138544728,-7.83174571883583,1.5233948269372017,0.3069955064811267
2021-02-08,2021-02-09,RB2105,RB,0.019607843137254832,0.0013992539596445566,0.0009469022623555244,7.685730337352729,-6.089608659682957,-8.103866721453773,10.281572133746785,2.086696920555056,1.8966738352994899,-0.012518312480805437,-3.860732113296392,-2.1130544022726947,-17.539407909117656,-6.1555732189141805,-13.482505004570143
2021-02-09,2021-02-10,AG2106,AG,-0.007083407118824159,0.004467883404065525,0.003516169908708121,15.671637883488021,43.764356886855495,41.87957204397973,18.237127308380597,27.676241087299733,32.31130447930191,21.687016245586968,15.795754283044541,22.79756377064052,27.14813378987359,29.338434193262273,34.214769417087744
2021-02-09,2021-02-10,AU2106,AU,0.00129816180288711,0.004086128583313655,0.003681150121001149,-7.719432594768403,1.3094209959922694,-12.558501925686503,-3.251548975196342,2.692429677111792,-5.471951930638217,-2.4292948958811915,-2.586479554860966,-0.9718478142674769,-13.735042632207287,-2.491291583437272,-13.386082365973447
2021-02-09,2021-02-10,RB2110,RB,-0.002078042022627624,0.0011730206623633479,0.0008314005028913325,10.907533428099828,-2.149978605232853,-12.141855374519452,13.59805641960352,3.859849613042631,2.4862026266641184,-5.920065901367301,-3.961924316118722,-3.4019579272425258,-34.280487617991334,-18.420318936483717,-43.206064328294794
2021-02-10,2021-02-18,AG2106,AG,-0.0019607843137254832,0.0019498366542658894,0.0016437586639480876,-14.767794400243123,21.959895029253783,2.09198530429037,5.7662379846633876,14.157443245822456,11.744973592986875,8.888700861969618,13.349575414174971,8.006573573522733,4.005994057480573,13.43896562494115,-22.312777218825847
2021-02-10,2021-02-18,AU2106,AU,-0.0021334471171796654,-0.0011417303643073476,-0.0008586635901746024,-4.028072072261523,-4.002498042722818,-8.213741508772717,-0.49363218081476123,-0.3764112072721124,-1.9048107664986604,17.12857651002545,5.094788000916258,10.253070785282986,27.464955568200867,13.613308529119903,6.041241537515585
2021-02-10,2021-02-18,RB2105,RB,0.009585376727597072,-0.0011318620336834176,-0.0005993294611372455,15.59209376301121,-11.184652695062207,-18.37789212178682,13.342755400804403,-4.942624507780212,-5.464234517135277,11.146854185905472,-1.8968450489905133,4.2527991856088,10.112337919961735,-31.235779920595636,-5.24074304957183
2021-02-18,2021-02-19,AG2106,AG,-0.010003572704537333,0.0005349023930695065,0.0001688991802358854,7.580940100892142,12.777687258037792,14.01006008551281,8.284369277292452,9.626080369457677,11.293957626812574,10.07993223492163,50.72143715094289,32.219796601869206,3.712541126580434,160.80856945030607,115.64404418407338
2021-02-18,2021-02-19,AU2106,AU,-0.005447263017356541,-0.028083461076654284,-0.014813953749518265,137.4573466268175,-9.378417817041052,130.7781911834744,54.588316521492565,-0.22341797972145105,59.759354830286746,5.339695061120556,6.316368174528139,11.52229804595275,7.3660799066814775,20.14137764731593,15.879443821840304
2021-02-18,2021-02-19,RB2105,RB,-0.0015449128227764675,0.018448217237583043,0.010970452534937825,-14.600330023105673,-10.509655770542208,-35.13819365711619,14.893293610662653,-0.25218570262152173,2.5501456892242818,-6.20563941747779,-5.939721646320893,-11.11368580352307,2.603997926012717,-10.760450727231506,-16.891926984015445
2021-02-19,2021-02-22,AG2106,AG,0.03012912482065988,-0.0001786192734944684,-0.00016805855259130345,8.040411068280234,0.04699948312990809,-2.1985571363199847,7.847608495008325,2.9582943807431885,2.7352808054194213,13.195329776697642,46.29525693162782,33.222779013165194,44.76974651218523,114.76597535834033,104.03378111869361
2021-02-19,2021-02-22,AU2106,AU,0.01062516769519739,0.0008548379000016202,0.0010382488004744253,4.754980502143866,-4.313246705762703,-4.182410052914034,8.898311346392028,2.5521144984065884,7.151307777335654,21.249596110869195,-2.0012250523941235,15.877436821659067,31.089977764694133,-44.996857406269854,-19.583045325361468
2021-02-19,2021-02-22,RB2105,RB,0.012820512820512775,0.0004415011109242233,0.0004095627522833812,-4.892286202594484,-15.448170177199549,-38.10241689429853,4.944288497606106,-5.313933448523069,-12.450855762146954,-10.178217016990088,16.29693331516035,5.383266956307347,26.379237211575724,23.326883395240188,28.42952288017766
2021-02-22,2021-02-23,AG2106,AG,0.022156315422191097,0.006116227017436054,0.007077118615742449,26.41059802317914,-4.2093857416910385,12.953467921465009,18.188500550833602,4.149421205973242,12.073984571563383,30.36732416744997,7.388040346394836,9.14457518461107,81.60267750243993,-4.63789593442064,-1.6689052524908659
2021-02-22,2021-02-23,AU2106,AU,0.009440466719703,0.000644156981852935,0.0008288643324567246,8.190768332039664,-3.5894908428658194,-3.81069569635216,9.843696462550179,1.6864504549784964,5.117359366018761,18.076275550321192,-3.864666448896213,13.973360448232382,45.157240249332936,-10.817733930918367,3.221342101317968
2021-02-23,2021-02-24,AG2106,AG,-0.013207547169811318,-0.00209132177999761,-0.0023029453261397483,15.826137300403738,-5.638619207125474,-5.444782748740054,10.335178543453516,0.7676582813613315,-0.7456126590017194,39.127032808248366,22.30922478728854,28.67921686060543,77.85789783298623,-5.4782934483466965,42.67610190590058
2021-02-23,2021-02-24,AU2106,AU,-0.002784637209057972,0.0011674804977103769,0.001229983305816794,8.605887194897447,-3.129497230474165,-6.537063764975152,7.126449105784072,1.9232580137631174,3.1634354977962476,14.313707257171991,-5.027693200882663,12.683576306835628,31.405459448848397,-14.03860543358747,9.054303518408545
2021-02-23,2021-02-24,RB2105,RB,0.014945054945054936,-0.003717069984371978,-0.0033524130954009058,23.145277612055835,-10.021615084824889,3.7610638689102878,13.602357849632261,-2.5412599900173047,1.1474877243130486,26.374552316373794,4.582977635176719,7.1154545661698485,39.30738943721485,33.195981344085155,40.46495886572706
2021-02-24,2021-02-25,AG2106,AG,0.00553729018861393,-0.004961940200250525,-0.004816665031446078,17.915658989670717,3.745276690025505,9.763818083508625,12.707342230461858,1.0770497553148424,4.741314877346819,14.84304068772165,5.2326813253658875,7.508169208348483,32.91354644250096,11.636088102703505,0.6929248747949907
2021-02-24,2021-02-25,RB2105,RB,0.01538461538461533,-0.00043946386117077403,-0.0004517976032013151,10.076385648289065,2.4314246351683115,-5.123714484487583,9.879762381301504,6.606379281336758,2.086937174179015,24.03021201544955,15.933430195731898,22.061707554128276,29.59611188298571,-4.902114400673002,8.742912201184723
2021-02-25,2021-02-26,AG2106,AG,-0.04457064188607818,0.00450919945448453,0.004808525873384992,3.658502131933705,-6.122051197479442,-17.834768381982716,14.149330918116325,-0.6775090298652602,1.671284236399373,22.08772512884275,38.29328743602181,24.582878083149215,28.997608282086176,60.94575523292145,58.363217418404716
2021-02-25,2021-02-26,AU2106,AU,-0.012190557664545798,-0.0025850031540089646,-0.003281545270126822,-12.797711240868267,-1.432465860242715,-11.71122644680488,-2.066257341645305,2.113098859103567,0.3569454973002406,25.906892297559416,-3.290254441336608,8.856591906347987,14.180477875895901,-7.072696939799396,-4.329710050144384
2021-02-25,2021-02-26,RB2105,RB,-0.0008545182653278971,-0.0006498429774881277,-0.0008435945779037483,28.657306286544568,-7.753924760133687,-3.268398658336099,16.19974612680675,0.20657691358964136,-1.3693741688688545,22.928191655036162,6.748108647641682,12.495482864297177,11.982061706278332,-20.821639159341217,13.825912830975241
2021-02-26,2021-03-01,AU2106,AU,-0.0029266706411575916,-0.005013343833595323,-0.007978600039030982,-10.931333316612548,-11.842934983957432,-14.617263970029914,-0.27401886032495515,-2.914554106791967,-0.20425263384327597,-7.536194289001046,7.01170431528778,-0.9480672327726615,-39.862319277968936,11.112529208212269,-26.47752957879244
2021-02-26,2021-03-01,RB2105,RB,-0.0034371643394199847,-0.0010675777676703968,-0.0012096056009857907,18.090439474503,-0.6117935259629643,-6.458687863090291,15.244188290036366,3.189107664253763,1.714257298540753,12.37891503496969,9.490750496583596,15.042518313510527,9.005845095292585,6.417135906582834,20.477708382705707
2021-03-01,2021-03-02,AG2106,AG,-0.024680237794991844,-0.007593600039680253,-0.008565916149116485,34.436535391898325,13.587328129531652,39.14103430064825,19.36849837940735,8.660546779186124,18.470310549904273,5.956829879333938,-5.19898973549024,-0.06209956929162909,-4.888730079924517,7.354506989590007,10.038549641298031
2021-03-01,2021-03-02,AU2106,AU,-0.008931506849315096,-0.0012998972745202004,-0.0023003259547773962,5.377955956048555,-18.210257453556487,-14.755438449597992,3.912433803565273,-7.3597724654629735,-5.76009188429538,20.53946136629639,4.5862600602333945,9.358175311722915,57.52045600820331,30.23489787747927,19.6406453845511
2021-03-01,2021-03-02,RB2105,RB,0.020047424013796,-0.004714968014718765,-0.006313454359849856,29.44578204315213,6.5989329558905085,17.678804061480456,20.182036225647884,6.1615716173653245,10.620833596558244,11.963953577642553,7.755277495711305,13.989342402667335,5.559540737167819,16.197047766132645,15.929521174140755
2021-03-02,2021-03-03,AG2106,AG,0.009145783793671036,-0.003955416879375063,-0.0032362945592461076,22.5787676861504,-4.083855937243255,6.735049398220924,13.409338464292428,-0.02251709313634187,3.800238069098275,22.01636308982654,4.757206613556883,7.336908048857199,61.29119344037691,13.705964292711457,24.221125835542235
2021-03-02,2021-03-03,AU2106,AU,-0.0019220208676551387,-0.008022527815145685,-0.010231062986942808,-3.143183434990174,-12.752126975835198,-18.938618617486487,-1.5606009258138078,-2.79011097154405,-5.274653673589168,-5.433729466124367,2.308236093400257,7.392719582544955,-30.86940942206873,-7.862704867793227,-31.41102610451995
2021-03-02,2021-03-03,RB2110,RB,0.01744680851063829,0.005670680408425622,0.010175294162678,17.747168685316538,23.704731929308366,19.498054529001898,19.672517427592474,18.389017425163086,20.68274890147866,29.50289674564639,26.780657344917728,31.977039290934428,77.6634129735826,40.21871895576121,86.44699707011137
2021-03-03,2021-03-04,AG2106,AG,-0.021636363636363676,0.009741828720752669,0.006172753135337755,9.715133755480077,40.43278368060001,42.66200831867959,18.68445887263255,25.77615446681515,34.290487894463254,7.440907610374823,-0.2815328986752743,-4.72288802710199,-12.889228768421185,13.85644125282308,2.9852909533260967
2021-03-03,2021-03-04,AU2106,AU,-0.004640627589635904,0.006777445564138219,0.005782069339488717,-7.226404657928063,5.677895183758018,-2.0379508855689954,-0.5540743638467829,6.321553014621166,4.39731317559996,4.449930858462608,9.120979424326036,5.639449598869308,-0.2583915511559567,17.634819672404504,13.914380694550873
2021-03-03,2021-03-04,RB2105,RB,0.0010322047894302244,0.010510922919992557,0.019460123896074627,-4.777257339659464,0.0763590016747786,-27.32584399344524,16.6939393536452,4.25500588125769,2.1298069457477684,18.3692739104049,-1.3760701392664072,7.521335504330864,55.072259256904644,-10.635525638998933,21.314546098092514
2021-03-04,2021-03-05,AG2106,AG,-0.03819766363804933,-0.0030861420518685403,-0.0028241621086659455,13.008742589493592,25.767983053953415,35.31349613724428,9.14130517777056,16.93662110027527,20.96978554238173,37.49953140332204,9.502239563024217,10.331193223525185,40.096206798110714,25.962476467065002,63.592842306685355
2021-03-04,2021-03-05,AU2106,AU,-0.011531211886018355,-0.0040798380551672515,-0.0051071524940857075,0.6068321952546958,5.456138940214153,8.430128288864767,1.0654056522920445,6.751429232403401,8.381611303044677,12.276136982738695,5.122254351452309,8.070873048083191,-12.771835714580696,4.118559776843393,-22.258375448596002
2021-03-04,2021-03-05,RB2105,RB,-0.026130236416424757,0.0004129671749791601,0.00043108837246169976,7.337869741295055,11.707451837282658,-2.3903856245928887,9.966264533082535,8.555053885313576,3.1654854389670017,-1.9371017753581536,7.484422308541169,0.9530560614118275,-5.177539136527012,23.24638097745098,-2.0406883841449814
2021-03-05,2021-03-08,AG2106,AG,0.01780585870189544,0.0022275858478074295,0.002489843500626838,11.071797105957305,2.4168337728762355,10.518401532159883,10.92780520771171,5.705285326481862,11.24992000072809,-0.007044535401637019,9.193530161291454,-7.314242215873401,-36.22384835481238,11.162546442533355,22.458642122745385
2021-03-05,2021-03-08,AU2106,AU,0.007380073800737907,0.0011648871099534566,0.0014117049259980104,-1.6313823028332202,-7.168211312494186,-2.1956010225695346,1.6176970203300591,-1.0831517676004667,1.9987314472127693,0.8223537620374195,1.0098036055942665,2.0961896155337207,-17.951301232736892,13.080504035661182,-11.731870419138946
2021-03-05,2021-03-08,RB2105,RB,0.01084875558391829,-0.0055837183642359475,-0.009605441863645653,8.63740760087353,-9.50325327882402,-17.969719585692793,13.205302094848383,-4.897592686090278,-6.536819269493338,10.465548291758957,-3.283369554901774,8.409916044111533,13.829287061140437,-17.22000266249115,6.324945629951298
2021-03-08,2021-03-09,AG2106,AG,0.006465107434873607,0.006916454084898574,0.007448304467600703,-21.450972509076646,-0.19833489048639485,-23.843045600019874,0.4355484593917627,4.433946099975136,-3.081070198727347,6.4039637323792284,-4.041768895948345,-5.2337072702484475,14.679884067452512,5.984683966214826,12.13949506158638
2021-03-08,2021-03-09,AU2106,AU,0.0011153245594468508,0.0031358520489403463,0.003252045845138694,-7.975790353775473,-7.822118020060545,-13.172911686033558,-0.7762330389833769,-1.6409075642867466,-3.0592020451461837,-2.4180352424073646,1.629955839297259,1.565887131143023,-10.242628830701857,4.568283761948408,-3.5991508448080167
2021-03-08,2021-03-09,RB2105,RB,-0.03367003367003363,0.0010641695161982406,0.0012071712694371266,7.702218155678263,3.1474026486450635,-4.673092368057742,12.035613984395926,7.132324517766508,2.9100401055603022,-0.07828178098688802,16.299532103450897,13.420398215713385,-14.756096552698962,2.947207141229033,16.91381995613727
2021-03-09,2021-03-10,AG2106,AG,0.0016819286114744258,-0.010780246243791765,-0.008665299306927863,-25.030680462525485,11.054048877004924,-16.44483009690371,-11.60181212863058,11.643087059240292,-3.335321641922456,2.3775902125209325,8.003695927020933,7.883431914132332,-48.96755792178344,-28.087590043764223,-2.205659412498062
2021-03-09,2021-03-10,AU2106,AU,0.0065457369501302765,-0.004784431936055187,-0.004256154519084135,-22.539503132620432,-6.619863346111005,-24.9723709923991,-8.020998156640484,-1.0493291948228043,-7.1218927675269486,6.529296004951824,6.938101039324607,8.126873376421957,2.8822350642055037,5.447538544455802,8.204020562724947
2021-03-09,2021-03-10,RB2110,RB,-0.006971677559912903,-0.001913062545404659,-0.0037897769837977884,18.991470018212436,-1.940188874039837,-1.7670841737820373,13.503080964301677,2.3193178598855333,0.5048749688715546,35.09794073529567,17.27239826815324,18.40278654765097,44.865006474366176,38.1413388029382,48.62069925010226
2021-03-10,2021-03-11,AG2106,AG,0.017344274524431214,0.01089826645331699,0.009560423694403129,-11.449302365257886,-1.8458928787018447,-17.921452500040086,-3.7173229582820495,2.886382191300479,-7.206689136918885,2.7832179888985378,2.5203869771610274,-3.896411630329078,-22.648087020722993,-18.831615581600047,-11.648899358819317
2021-03-10,2021-03-11,AU2106,AU,0.009937065253395216,0.004169104679614749,0.004269277434151866,-8.163116053431782,-10.907313467610694,-18.468247893161653,-4.534307490371908,-3.602214315268257,-8.692865906294031,-2.1562378655098176,5.671997644969929,1.8722872318460668,-19.178676130708432,7.888162023053289,-5.824095633970452
2021-03-10,2021-03-11,RB2105,RB,0.01714409722222232,0.00521287018853321,0.005866244432782863,22.628807557838034,36.17069844168313,42.50488952946007,16.531527689850442,24.055028729230653,25.99740833704552,17.49803153325492,11.778558961369738,14.851223302163016,13.244695991052147,28.93303531614728,13.616237299016072
2021-03-11,2021-03-12,AG2106,AG,-0.02052785923753664,0.0003730647310568948,0.00029243362813128726,2.055082838431611,8.662528447653605,11.560863777089022,6.689589660622537,10.369705908940738,11.75337372551213,8.163323332958731,-4.09214900235949,3.4998014320428554,20.13750188340621,-26.75620473173278,5.25374973439738
2021-03-11,2021-03-12,AU2106,AU,-0.0146400087403038,-0.0017099207122769104,-0.0014948051205600239,-2.670472952499095,-12.757202373054005,-14.215069636496448,0.00551342666119492,-4.3769570165549245,-4.370042254025203,26.360107378545518,0.948689177027789,12.72150862714112,40.86100506228286,-0.3191096101842344,15.274815525819527
2021-03-11,2021-03-12,RB2105,RB,0.0,0.004131787980893729,0.0057182545664747715,8.40012259887259,14.807967869092405,3.515137319328735,13.359761409474778,15.430797663234454,10.431614260784842,0.22520734180818963,-5.02910399876496,-7.219508261413423,-37.335909192146154,-36.841454004351846,-30.80300852984476
2021-03-12,2021-03-15,AG2106,AG,0.013133208255159401,0.0001833012561269332,0.00015133380001147327,3.4576007158220703,-10.455833690177629,-11.950379622546443,6.319562336965162,-2.929016467643433,-1.0555861848806005,2.1217835960411233,12.014102044385806,3.79365101242672,0.3685768721441326,40.67775809967238,46.408720644396034
2021-03-12,2021-03-15,AU2106,AU,0.01038542707986223,0.0006557377284149165,0.0005949479187260325,2.9189598234091525,-23.901155720442368,-17.61009822326413,1.4966193386165,-11.225256745983842,-7.785657304010589,2.384271004648406,-8.897554835291656,-6.170894194652701,-6.539897393766969,14.012360662945934,-6.457432024448953
2021-03-12,2021-03-15,RB2105,RB,0.012264749418481768,0.008921044721169556,0.013226702652861423,14.21720427534801,28.519992958750976,30.599927025435477,14.198159523583982,20.670038002317476,21.305626975834308,-17.979519779656147,7.501042700320028,-4.044763737576022,-50.063067391361564,18.936158669951237,-21.783748986135404
2021-03-15,2021-03-16,AG2106,AG,-0.004582951420714965,-0.0026231980565914023,-0.002424203307683521,14.700881695974308,-21.82509438848524,-17.581966379068877,9.077055978692822,-9.16813095593507,-9.31976025315818,15.348407811429725,-13.45046280709736,-1.905510425089932,17.215188327792852,-43.329763151542764,-21.319099998423933
2021-03-15,2021-03-16,AU2106,AU,-0.0018071299490718395,-0.0017756080572312878,-0.001692789220131998,7.090589220878617,-25.528782660243422,-19.377972181682267,3.7507379913495873,-12.311286834103775,-10.210871517350046,10.172892009630804,-2.7268796049002573,5.140918840325642,10.349766935169392,1.4800609948069585,2.5005220629022515
2021-03-15,2021-03-16,RB2110,RB,-0.016337789093995303,-0.005591412416860058,-0.007948735848915055,21.698744330947093,25.026959858179893,28.85618790795549,17.09157829809184,18.684804050178883,20.079930428884737,6.848895059334122,17.89494130538284,14.828800548545955,-31.519501440256413,-1.4713869176460026,0.684036365443689
2021-03-16,2021-03-17,AG2106,AG,0.00018480872297166329,0.010133665714805333,0.00694263937967211,11.36026530509669,3.742815785117604,24.358351372847896,7.70685309813456,4.896516719194556,11.12805581151272,22.552582906176795,3.96062714660358,8.723037532929236,74.2510913862536,-10.411533435629813,18.75399145895642
2021-03-16,2021-03-17,AU2106,AU,0.0032876712328766544,0.003730733465230592,0.0026530584857725795,-4.023285646195282,-12.418526925475467,-12.011985077484287,-0.04323831442873782,-5.712362561278204,-4.17111135977746,10.634181724060209,6.874891044945392,5.431737373778009,12.498489876598782,18.72624274235544,15.120108587785438
2021-03-16,2021-03-17,RB2105,RB,0.020473448496481028,0.00020887728535481505,0.00024448840327062973,-4.800833502807162,5.757755541295601,-11.59551870868745,5.826996290163285,4.676230031875452,-2.1157290760448566,4.392222641060392,-3.006762662952543,0.5925728447972712,35.33472955311574,-21.195164179271956,-14.092097826588978
2021-03-17,2021-03-18,AG2106,AG,0.03040415276232844,-0.00350521528524588,-0.002424015025673745,19.75261966299588,-0.6867525116783231,15.714398169510293,6.850430958608359,2.119541101217955,4.749782170348033,15.053756773963222,-0.07950943022905783,8.87466153117698,8.041851742794481,-23.173260525917396,-0.17562363628318167
2021-03-17,2021-03-18,AU2106,AU,0.011339359079704181,0.0012062066268643723,0.000918057748730956,5.165507718172577,-14.161821582194486,-6.576926563573706,1.7021570147747083,-6.592347400380144,-3.912577540080748,-2.8833016946233587,7.338352889418288,2.973377774974877,-23.489690801642784,9.484262290816597,-14.352594294279381
2021-03-17,2021-03-18,RB2105,RB,-0.004601547793348648,-0.002555911934544206,-0.002380707845520901,19.485981629638346,0.1713683221087079,2.7740457479012726,13.219379785343984,5.948506880445376,5.110285587522958,27.589276838296986,14.343267531674776,23.532898177552305,49.71138465273928,-17.193831889452415,-0.7998819103446552
2021-03-18,2021-03-19,AG2106,AG,-0.004387568555758725,-0.003331485591003357,-0.002663418962888212,9.897173296421698,-14.476349108507344,-14.542675366370847,7.836715613321025,0.2596749310091617,0.07248753582543443,24.149649673761342,-0.9596246295622225,11.810284690726043,26.606332832018627,-27.893183185453353,-16.090900766406918
2021-03-18,2021-03-19,AU2106,AU,0.005084745762711895,-0.0030083435788190345,-0.0028316010468643783,-2.1962712901317367,-19.573695990916747,-21.866215871604417,1.0941116634535746,-7.651914193953787,-6.573476408201619,9.667415664110178,-1.2731481324952525,3.368080499054969,-21.800202537003745,-18.362798296788604,-35.667273384802016
2021-03-18,2021-03-19,RB2105,RB,0.00105462982493143,-0.0008362952609512435,-0.0009213042845983656,17.616967966575224,6.3721550856359075,6.7978672398003805,12.542745398997688,4.678676535183248,2.9495558475604984,14.709107550179715,2.2841905909276665,10.657828464947588,15.733654312053227,10.512907874348306,18.70656064336321
2021-03-19,2021-03-22,AG2106,AG,-0.02675462708447862,-0.015959714886422175,-0.014281795605276289,-1.5071354285160243,4.683375372326122,4.939829716239313,4.834486949491255,2.3014074252967376,2.301287973364234,-7.541983216438507,-0.668971090406005,4.252932313528901,-4.661782879525751,-26.098244583540595,-4.01165761987751
2021-03-19,2021-03-22,AU2106,AU,-0.004139208104133818,-0.009360103165185483,-0.009236124422589153,-32.0267624862437,-13.940815153562758,-44.088816853718185,-4.148029737559514,-6.205993545364405,-11.504486743978383,-16.031938605602456,0.2962009488550752,-0.7454818164127088,-40.01308697671141,1.6551477840473348,-12.857454570247366
2021-03-19,2021-03-22,RB2105,RB,-0.0002099076406381073,-0.0037894782189920886,-0.004065753030711918,21.359946091005558,12.940300892275086,22.01384248018799,16.136122662004276,10.035362671208823,12.838502387224077,16.914307354510953,8.175297287788204,15.023190739490362,-6.019039952359144,24.08994308081656,10.019917137573518
2021-03-22,2021-03-23,AG2106,AG,0.00395480225988698,0.002017793952527097,0.0016109680860404013,9.835483256046206,-19.59785247962538,-21.153855239700942,13.596206479197399,-7.706164594548691,-2.2876017494574237,10.951341443299146,-4.8118486027389675,-6.977530810843826,14.854055543158362,-41.59081922412551,-13.082239661149838
2021-03-22,2021-03-23,AU2106,AU,0.0027337342810278553,-0.0011974745606847682,-0.0009985222055845996,6.737542320183226,-13.810798530881337,-7.706253557300053,5.368207723655674,-7.257619433432587,-3.9209178021545084,15.252730173247919,0.5877508203760862,6.540013658675049,10.199746616242004,7.819356859861997,5.890501376638101
2021-03-22,2021-03-23,RB2105,RB,-0.010077682133109334,0.003785493479481886,0.005059880514564153,15.427303937312164,-2.693657179013776,-1.0984074286167873,18.228236352555136,3.7013554998582627,7.532503894083967,25.807023236878145,11.205980467471473,10.314778619274522,52.66281847904392,-2.2213855787046,35.00899871631267
2021-03-23,2021-03-24,AG2106,AG,-0.017816954238559668,-0.00018830618641462645,-0.00011202640742680872,30.49692603038357,8.689383344283167,32.7644836723082,17.73579772823822,8.447790553004651,18.942499514480097,28.766398471756027,5.044550420155575,19.70741313661203,47.373580417024876,-13.388552572181602,9.393027474152547
2021-03-23,2021-03-24,AU2106,AU,-0.002070844686648532,0.00027341080142979923,0.00016504839114089598,7.768305272647598,-10.067385746122236,-7.937705259429898,6.318654086101503,-3.881707595938356,-0.6503662783543236,7.858931946472835,3.35832174403585,4.7290401999254525,-2.0429868167556027,9.209644246384906,-3.06386450006173
2021-03-23,2021-03-24,RB2110,RB,0.01304812834224589,-0.0014844663949649221,-0.002797942035432009,16.549543396411696,15.088703367202177,17.968059834362574,12.72735158094472,16.68884140068373,17.99127308556157,42.407104268574564,23.276842318540876,31.842233105918446,73.68451135844623,33.83786146865372,31.65130535535324
2021-03-24,2021-03-25,AG2106,AG,-0.008935361216729998,0.00018756447583829624,0.0001623563826373189,10.031712640988086,-10.411941195521406,-7.756465125986673,12.873718202520209,-0.9871281207015423,6.306447920857272,20.521159647148117,18.5245812354992,23.52801275467156,23.62576814487005,70.3885132061394,50.603567780642834
2021-03-24,2021-03-25,AU2106,AU,0.001855186337098358,0.0005451076722604805,0.00042581122308481473,6.145752847195147,-11.426527219703855,-10.972848878406953,5.0825779111032725,-4.052390092935165,-1.1722086583176692,3.966525424180892,4.560391630480919,5.293367964337436,-17.816205125207325,-2.7003826807745397,2.6771408266850103
2021-03-24,2021-03-25,RB2105,RB,-0.0047737650477376325,-0.0025483131225098525,-0.0026709404844888042,14.059514104426572,-3.830270946396123,-9.853581728658302,14.983956421245558,4.645193081841482,3.616238460482524,23.849032228482685,-5.2983445191117,11.32109765485573,25.306157791333845,-50.84268688518948,-19.040609237446777
2021-03-25,2021-03-26,AG2106,AG,0.029947152084556672,0.004382211452267756,0.002649267988058269,-0.562656923692261,9.726197649296648,8.461805851661243,6.68505388430848,10.172406419904947,12.874346055196488,10.403544103430976,20.590241756101943,16.5372501237723,3.267859076560325,75.92486772986716,35.12904056014635
2021-03-25,2021-03-26,AU2106,AU,-0.0007094133697135296,0.0008187996854740815,0.0005150948940047346,-1.6875045960736639,-11.229531636780832,-14.883053817824603,2.6881377111060596,-3.639771347894116,-2.361122483292914,-3.3918669816937865,3.1490556531350755,0.6007557281574056,-35.137482843502596,-1.3637379666856912,-21.505109949075667
2021-03-25,2021-03-26,RB2105,RB,0.030277719774483236,0.00041519618615961333,0.00033865500206344126,12.355625718637244,15.87461773949487,14.745316374827159,13.473869335993925,10.678507756173298,11.064187238889632,5.757569610701607,9.768676306800915,9.027319095334308,0.5116678901807356,19.71001380326702,25.13912180594782
2021-03-26,2021-03-29,AG2106,AG,-0.008390541571319576,-0.02015181543730793,-0.023573686408089368,-0.3826176399899399,2.7536961803009268,-7.584501690580994,-8.521412399520926,8.506733473429891,-11.853197638707897,-11.60358042488701,-2.947533004493738,-1.4747080211093277,-8.346354423415146,-4.934300985101093,-7.864828353879176
2021-03-26,2021-03-29,AU2106,AU,0.0015305564666010518,-0.0019626021673347744,-0.0021077995983225357,-8.191499684693067,-11.358681216331922,-16.666507778312486,0.06716533217266107,-3.1677718680491695,-3.3985552643198895,22.262709826769044,2.2159390853037126,9.397449802363072,12.425989605508413,9.924125963218897,23.5704261346531
2021-03-26,2021-03-29,RB2105,RB,0.005054589567327072,-0.0012520869749292518,-0.0011574837885346167,11.216725021978103,-12.030221213488774,-20.447511363598938,13.380428080560122,2.1771266059781276,-0.18815618772901654,28.358080838014725,-2.3035098841564094,11.865679728665983,29.881501623888667,-26.122484932288206,13.610469141879573
2021-03-29,2021-03-30,AG2106,AG,-0.010591180435201242,-0.0034266167166475555,-0.0025563003817183896,13.89517934845248,17.237852323188363,24.62693233707462,11.762203119761942,14.503733682418108,19.099854987650655,35.46765503068231,10.580368367498032,27.88222451274542,35.459371156177326,38.7544862512164,31.431514304284946
2021-03-29,2021-03-30,AU2106,AU,-0.013857820939494725,-0.000983445416092861,-0.0007169200337290672,-1.341912358923807,-6.890708467814411,-7.103486604965478,1.6466212378895477,-0.9926333837641836,-0.25433686652050813,25.14589958187443,3.6716798129056905,11.0459932039149,32.312863938389924,7.8243870012103836,17.458143730101135
2021-03-29,2021-03-30,RB2105,RB,-0.002411575562700996,0.0024291509920594373,0.0026048867288634365,8.9270819875165,4.832853068521406,-6.464245877659299,14.540903001475563,4.012973966888403,3.046769221003819,7.977246427829774,2.699718134803526,5.499350094200632,-12.969785557233937,20.53261159662302,-0.5349032376300922
2021-03-30,2021-03-31,AG2106,AG,-0.000988728495155189,-0.0013470607251998183,-0.0011550108952777037,25.430535691882845,4.223979871385579,25.05574504470418,16.45185768955822,7.681913108977152,17.220895443525304,55.309279933343774,-4.298577004334739,17.512992525408176,66.64143873892762,20.465635560653848,6.754964384479041
2021-03-30,2021-03-31,AU2106,AU,-0.00067110340584986,0.000381981396693947,0.0004296341950467935,3.8216835482429157,-14.406316159713507,-9.354677300253165,2.6718898813177905,-3.891498641509007,-1.4104981872954552,4.678436719830671,-11.696081776588676,-6.581613754655397,0.5116678901807356,-28.634693490672667,-15.823772377419608
2021-03-30,2021-03-31,RB2105,RB,-0.004036326942482349,0.001005328324342709,0.000674126530479243,13.07439870828936,8.695506026898855,1.9784551045440324,13.460407515360988,3.6808285623513477,2.1271710323421082,0.36503174772493824,9.11875083840167,7.887934820414615,-15.80715721854714,30.84109119434411,11.53510167848673
2021-03-31,2021-04-01,AG2106,AG,0.014512922465208744,-0.015890476589845843,-0.01673110416929016,31.871485040933752,11.791284903929043,18.1774271981942,12.769768624433008,12.867625952168162,13.2677825692951,5.940752553223286,6.741488463875214,17.705207972588344,31.84388044750569,29.429575894851272,27.237509966349826
2021-03-31,2021-04-01,AU2106,AU,0.021037318860851695,-0.010791071451762432,-0.010878018528577801,43.715149510383256,2.7133819369455656,37.0338321061111,16.80474927663733,5.417665962782712,19.40343707443492,-15.967378453781494,3.6058510297114785,0.19292110639590837,-37.723643570701356,-20.241152464532515,-48.47124077396178
2021-03-31,2021-04-01,RB2201,RB,0.014015714589084682,0.0008424600329781257,0.0012842210398332746,13.212360127335497,2.504219288540548,-2.504382157723806,11.85107785542206,5.079844527247674,3.3029940883312605,3.970817010076211,27.85374562050168,22.648319097265666,0.524505127776635,52.484024942506615,60.617053686707614
2021-04-01,2021-04-02,AG2106,AG,0.02452316076294281,-0.004364220376596889,-0.0036897696338577517,26.60664528416231,4.260083522562699,13.728230513626544,17.208796698806985,7.673568976968722,11.317299795380215,30.12353671249644,-4.866682236653885,15.0050652289555,63.82377231512848,5.572534825153015,38.65652144801356
2021-04-01,2021-04-02,AU2106,AU,0.011427009294696644,0.00022382631171719705,0.0002478097693491167,5.815593419914206,-11.377463743215502,-10.964933306387081,6.187412086328365,-2.9238247471195917,-2.9200761769532972,8.489615015496236,-10.24205719199216,-0.49436387297446505,-2.0429868167556027,-0.05404304284567363,-9.270753603389826
2021-04-01,2021-04-02,RB2110,RB,0.030809504631494233,-0.0033044226681005926,-0.006148444713864255,11.639632430962383,4.1140269264769715,-4.549987003421745,16.722732370939944,10.395651825827134,11.575973189719504,9.18545641562497,4.891668230981629,4.753091203876823,-36.92546624609989,-7.660252155006323,-39.315791517279784
2021-04-02,2021-04-06,AG2106,AG,0.0017274472168906652,0.006835296605857438,0.005014783276091769,6.228840130084954,-0.23469096427444391,-18.833151526823055,14.672143639500483,4.874819297200872,2.4410092947817077,12.507056557452827,-10.59005987433871,2.325801320595741,-19.58032773015495,-0.5232301112983042,-10.23907077237713
2021-04-02,2021-04-06,AU2106,AU,-0.00021775817954161614,0.002244178396096229,0.0019954504865384213,4.203419012518243,-2.0494376401479073,-8.90307029616634,5.902407148770077,1.9833473288966443,1.4056974351967524,8.319954115418955,5.294912550086147,6.06955535162172,2.2280620505472544,-8.184899205767975,-10.109722533891084
2021-04-02,2021-04-06,RB2110,RB,0.0023369036027263146,0.006464668978809874,0.018589045890000724,49.37367767662019,16.93663765342591,39.27833541329867,28.508710946301207,20.226427916487673,30.713168885486173,20.960719840092047,2.618249486183132,8.51724375356515,69.13476797918102,26.04695905801376,8.06264409798206
2021-04-06,2021-04-07,AG2106,AG,0.0019047619047618536,-0.010311338257740476,-0.0036774167197655833,28.27849470132976,-6.033053944228614,14.927794589233486,20.70770413687943,1.04025002513872,12.778635148009805,11.539030534358602,2.825032058457178,16.725858933704504,41.955324188145674,0.5252938431539722,40.32864157543482
2021-04-06,2021-04-07,AU2106,AU,0.0020089043327180534,-0.007052215405324947,-0.0030697144342275323,10.49692255705242,-9.309146685239833,-0.5826365247896907,14.636174383779311,-2.816395253673231,11.107735506245195,0.28307702232637016,16.434157757058273,13.981781607193701,-3.256771091552899,33.93223364277605,8.48755019876933
2021-04-06,2021-04-07,RB2110,RB,-0.005828638041577627,0.0031207359050753484,0.005805320334376907,-1.6703936014190912,24.84153650075413,-0.20409961002687904,10.478923822921937,17.69958972230652,12.602695405553881,24.731714824253476,27.7118062086006,26.261369258658398,47.64509532041189,74.42933524080753,90.00055454603074
2021-04-07,2021-04-08,AG2106,AG,0.01008179570097023,0.005922263942256237,0.004258476786700661,4.544380962928235,8.335204876978507,2.0036207615825905,10.89011589965524,9.206790378599612,9.892301039617312,23.57141578801871,1.0019351369472806,12.18197941297959,13.971989431008778,-1.1047621510586856,-14.056672973893326
2021-04-07,2021-04-08,AU2106,AU,0.0031443131302177907,0.002881768027544567,0.0023522950897633434,6.272457866372745,0.2050692365359037,0.3692505364273222,7.373908217840215,2.370860608858118,5.388805023751965,17.493341362523218,14.588378146246077,12.384782544652083,23.864456075590745,13.741192253263847,30.532701837965973
2021-04-07,2021-04-08,RB2201,RB,-0.002022244691607722,-0.0008069397250455591,-0.002378875768248193,15.738443457217613,29.64010957339793,24.31713774401791,11.800122866310458,22.736963797685117,19.84097596387565,30.115389728126672,31.861840556374908,33.83116782372726,45.08536001223618,106.01729280818053,113.84008112323816
2021-04-08,2021-04-09,AG2106,AG,-0.005066616626008602,-0.0005705049123074501,-0.0005107036176636506,10.785850133858505,-3.669476416021615,-6.444711001853588,10.694214489039778,2.951065403740545,3.7540849772224503,25.74932125785025,-3.621105133945154,10.477662798562289,36.66045811412076,-26.497327303832975,2.812781785780509
2021-04-08,2021-04-09,AU2106,AU,0.0029119930974979003,-0.0004877916684347905,-0.00047287476005271735,3.466753044075003,-8.319566610212002,-11.744005860701673,3.909168934391113,-2.226591768356795,-1.9993438332077913,21.917580371996717,14.504809238208123,14.703585381623686,28.465679597266003,25.102021666436226,28.17117537572473
2021-04-08,2021-04-09,RB2110,RB,-0.011121951219512205,-0.0013689256073417322,-0.0041067768220251965,9.72333812438304,41.087128796066466,30.634402389103865,11.619073374265788,27.584581417376832,22.772515013093095,33.73499227347636,35.64913840070144,34.758877731797305,41.909531497085645,83.72908210532346,108.11212391452922
2021-04-09,2021-04-12,AG2106,AG,-0.003218477849299517,0.0035717680607978445,0.002922207111124001,5.535138667669246,-13.90633646445706,-16.790460710616113,7.5014752701160115,-4.90385027659599,-4.170399452724646,5.449594404817656,-14.884274321705668,-12.176080618275419,22.297713159801237,-14.546512612544856,0.2682636508503261
2021-04-09,2021-04-12,AU2106,AU,-0.0014605647517040854,0.0021593616682578295,0.0023995065907020936,4.655401355572354,-9.486482051811185,-9.28589330319608,3.4906550083591785,-3.4299252336593122,-2.7498723730506542,14.7841573946752,13.544906647010242,11.860549315948388,39.16119902775579,11.038163987108273,23.14908026991352
2021-04-09,2021-04-12,RB2110,RB,-0.01598894591393607,0.00195312562088207,0.0054734056151238735,16.501664044597803,28.916124051186472,26.290177269357347,13.561495834189074,17.775999871872884,15.384704731479221,15.505346747906497,3.639274541879551,10.59429947067404,27.48266515096421,47.93422563833745,30.9210557105285
2021-04-12,2021-04-13,AG2106,AG,-0.012352717597871488,-0.003779293991893329,-0.0030165301079429015,24.563875615592586,-5.625743093301461,13.228692910386108,10.938378819790193,-0.7909611895171293,4.025317283156492,14.855277872681864,-5.3437958913203785,3.284032594148266,3.4342206003500126,-13.01684580866087,16.64001060182392
2021-04-12,2021-04-13,AU2106,AU,-0.008725814319006986,-0.006040359213419568,-0.006509866958095425,21.494778400421424,-5.525426392338156,18.283567180040887,17.35852612740582,-3.274658277522769,13.54117451739451,-8.19416389881817,9.53879080826341,7.6559028282039785,10.71595067261705,16.11443763120144,25.456722266720245
2021-04-12,2021-04-13,RB2110,RB,0.024839743589743613,-0.00039471087940909946,-0.0011841326382272983,16.697598542809143,26.874896178587626,26.908248357618856,12.311011470076608,16.68883774128235,13.110485995032473,10.800067159102563,7.787191604211856,14.25934872194394,-3.6566953645307456,22.203330700856558,19.07186644330377
2021-04-13,2021-04-14,AG2106,AG,0.013095464034921234,-0.0005699629678378702,-0.0005453232987093181,4.24714476458316,-2.4394374601084525,-1.337844653829646,7.918401803606795,3.294147857092401,5.414409401507977,10.76981465099367,-8.066775321392086,2.788979436919173,14.949230491101789,-28.584951496711852,-13.246980024046223
2021-04-13,2021-04-14,AU2106,AU,0.004512340980754592,-0.00043348686671768483,-0.00043464394223570045,1.3393779880177359,-2.1043026048663833,1.1366115982151435,2.946337208794258,-0.06423454263390393,1.364501897255833,13.196047469052452,-5.0265417743380345,-2.7990668083088046,26.09149607673035,4.066078133195374,17.85554022660515
2021-04-13,2021-04-14,RB2110,RB,-0.006794797126771446,0.0014032276533248295,0.0031038147992238944,15.71453979183558,35.96005148561774,34.54771402103179,13.244891575757254,29.083028332821776,25.82317951705097,-1.8373957544066373,26.745571922154458,21.284458175772215,-11.196911150121206,46.07197171548336,28.26319434404154
2021-04-14,2021-04-15,AG2106,AG,0.004882629107981318,0.013759055200843895,0.01253278607654389,18.606001961828625,9.203425580866682,8.365532601186759,1.0372414744015312,11.442138651316837,-0.6277351239347757,-7.992050604527987,-3.4573283979857283,-5.762253716099711,-23.310470311272372,-7.208172057136013,-21.718152841385212
2021-04-14,2021-04-15,AU2106,AU,0.0004331582652012944,0.005670062077731392,0.005348628837053262,17.924166878805398,1.278386919050777,11.44061369414649,4.795008332458718,2.385850446770686,2.2244334612085224,8.457754166465266,4.51456030090953,3.6353516076917844,-9.054047034825425,10.809096269068538,-4.2123977897042915
2021-04-14,2021-04-15,RB2110,RB,-0.004289335153051299,0.0068179868668519,0.011981534359737901,0.05758119598721034,36.778424578083715,23.164987623520943,8.456116308010461,25.23339968975542,20.285360876066584,18.116112200709836,42.35572071082887,38.26623776935056,-8.533595472587727,94.18634930939794,55.44431516450422
2021-04-15,2021-04-16,AG2106,AG,0.011044552602021751,-0.0024383393868435714,-0.002304530117258112,7.077845816980759,0.07486338846494167,2.250276322849569,5.430725452242797,4.745398880624377,4.768917269433898,23.061472640264057,0.15165213089858914,8.998507645953811,49.14420978153242,-9.95283980383665,13.30129389893125
2021-04-15,2021-04-16,AU2106,AU,0.010132206328565152,-0.00043306447924164006,-0.00045176143693559796,2.115403683409596,1.442345399499235,-1.1247515020633125,2.1394726835774547,2.9264212796758695,2.9701153233437365,25.588401236579433,10.859563194053933,16.211777684592615,42.548332441439634,6.448993767168834,27.118134523819077
2021-04-15,2021-04-16,RB2110,RB,0.0011741682974559797,0.002537824690535186,0.004607849582841676,13.703581374705223,37.22895769133263,38.55605491831668,10.579000462681377,24.40838802234546,21.84697201443881,-2.119684890419202,24.340114268806733,15.564663252389904,-23.813239175671548,55.37006849137616,12.392137638158896
2021-04-16,2021-04-19,AG2106,AG,-0.014038286235186881,-0.0016833446413984912,-0.0017212688655638007,11.264068596179658,4.683139676240005,10.608670793369,7.360237916092969,8.452617793836506,9.451358847968457,30.325699040632827,-5.700829058497056,9.98323479663109,40.527786028562936,-41.48568445538269,7.4504541076601605
2021-04-16,2021-04-19,AU2106,AU,-0.0026560424966799445,-0.0011371945015633937,-0.0012614452166956308,3.9381175587873862,-4.477576559858711,-5.212483565967966,3.263649596922737,1.8169165806372058,2.326140297039916,25.817540642128577,0.31159150174938866,13.384602895844884,46.407771977122216,-23.812379879726713,-7.805825655438284
2021-04-16,2021-04-19,RB2110,RB,-0.007809449433814897,0.0005872565501062268,0.0013269412121899458,3.2187371285359703,34.867678130327114,27.631246432395677,8.225489750016722,23.759416611306147,18.637012618457277,-5.627867921555246,21.098627901617533,16.653963571169317,-31.016536582934776,61.51561306578044,17.46232827808135
2021-04-19,2021-04-20,AG2106,AG,-0.0012965363956287668,0.015432972116439443,0.014517367122483695,-27.914664899694937,-12.49131130894571,-33.84629464160619,-5.306661943784303,-4.153335472900083,-11.49628182003877,-1.3994131011259048,-10.717745592516316,-8.320666561935063,33.88200708738418,-29.528944132398248,-18.35199636434178
2021-04-19,2021-04-20,AU2106,AU,-0.005611972207375637,0.009715033172632795,0.009931991722031895,-3.938327013750378,-0.8437134224194249,3.989850261288335,1.2043154573922008,1.3377664769549646,4.133423488358884,16.132066151217956,7.844191356324382,4.676746040666996,25.422671268944136,14.184428662404175,14.423881724751304
2021-04-19,2021-04-20,RB2110,RB,0.014535454724022845,0.0011721040607372475,0.0020720279393112748,8.981232848557966,29.521108383706192,27.5650534491535,10.498159783724033,19.928664852115723,17.922290873024217,5.045496720454542,20.34234740224328,19.771684131641308,9.141730778171059,57.18058814465475,31.085297787440684
2021-04-20,2021-04-21,AG2106,AG,0.008351893095768448,-0.0016655875045129987,-0.0014879120330469158,11.822934591165577,2.5026647264767723,13.848736297190959,4.028737076689682,5.403719733177066,6.432969947009828,28.82476790762555,1.310894696572258,8.803596805539733,78.46398495149123,2.487034012507554,20.268336486420708
2021-04-20,2021-04-21,AU2106,AU,0.010264402407566653,-0.003468057364200256,-0.0032861662080579607,1.8106045598990042,-6.913959560076988,4.087725686760939,2.939339778532567,-3.3320004298405133,2.2401379020966656,12.155754648634156,10.441121589817927,13.752995406826361,38.472402911176474,17.728025536100457,22.672303236079426
2021-04-20,2021-04-21,RB2110,RB,0.005816207832493259,0.0017693900222265277,0.002483298786590419,10.107524973197632,19.10430704405949,10.605097516377008,11.566603838785648,17.167040427191687,13.803793165695875,10.007346182568709,21.61191856824129,21.023448516124994,16.06246903692845,11.235175056783262,22.213452628940058
2021-04-21,2021-04-22,AG2106,AG,0.0136229749631811,-0.0007421150618884122,-0.0008285479907855478,20.55781531000376,3.0004763531826883,12.473628071663391,8.714088140085325,6.435275057844005,7.546316846929104,20.129991858856346,9.994304292475396,12.881732367395788,38.570279317370954,14.290852695650988,17.967532606943497
2021-04-21,2021-04-22,AU2106,AU,0.0013845252675861452,0.00016123397772283568,0.00015409612605581365,-1.3839882824963876,-8.710396958712801,-16.279965290748695,0.34286717931637334,-2.2745196823787106,-4.875027146956035,12.03314707902407,5.353661787625572,10.414252561885194,28.80480896597239,-11.372030790779391,-6.4566607345699145
2021-04-21,2021-04-22,RB2110,RB,0.002502406159768933,-0.0013561951124488364,-0.0017178418246176972,17.459099818158307,30.983955074809792,29.562544910660336,13.072193789665654,22.214235288724897,20.824084871332122,31.103536232936737,29.900551715707504,31.264669531877892,42.359266083666455,52.927039799952375,59.85682141365819
2021-04-22,2021-04-23,AG2106,AG,-0.008036529680365279,-0.00018407731299103087,-0.00021084236083660806,7.674253411392792,1.3819727962326604,0.7938395928650195,7.765826620235134,6.602102368673941,5.428995664099356,13.15339932188603,2.198286918133081,7.867864354784001,35.77974023976002,-30.1307911345037,-11.97917787326719
2021-04-22,2021-04-23,AU2106,AU,0.0005866979572242137,-0.0010644527057551536,-0.0010914889998672676,1.189270679460929,-4.130995618288948,-1.8141257089402147,2.692789857275879,-1.1116972026663055,0.13882514672612345,10.807808177384596,10.95792433569567,11.489567080865607,2.124472013132753,15.20574179462229,18.19060441120361
2021-04-22,2021-04-23,RB2110,RB,0.014162679425837377,0.0013483580969932789,0.002075242805222927,7.3981055036449614,33.70921105948095,23.925658636677692,11.158939605039226,22.63496460288359,18.522209870197194,-0.7312611531024508,40.30607662333852,26.21302908598017,-19.90383252543975,102.30948156904773,70.12112259267032
2021-04-23,2021-04-26,AG2106,AG,-0.01752784371006022,-0.005646131017851104,-0.005280368445377647,11.582652635824266,3.6112468722365145,14.277256125779441,12.331890569170397,4.50999211232347,11.099691778581498,-3.772043380716907,15.8376718448404,13.734451439554775,-2.3627512654072533,40.9874768588986,14.996133588355228
2021-04-23,2021-04-26,AU2106,AU,-0.009450491106981707,-0.002982374261485982,-0.002890217956617564,5.458825233487854,-1.7265724284547588,4.012971452463139,5.616422868168028,-0.17335415924957687,4.151471258397121,9.852297871130355,11.436881351278952,13.043155694946371,-1.5202356251184599,22.31024658028516,9.172674313636099
2021-04-23,2021-04-26,RB2110,RB,0.013396226415094414,0.0032588929446065638,0.0038940840650283225,16.129970535132998,18.953211225452957,11.984933761046687,15.638123504610146,17.108279154922815,16.085593269020414,22.519862482400722,20.796317077163163,21.511569464849686,46.815579288610564,10.70402322536636,34.67596507064572
2021-04-26,2021-04-27,AG2106,AG,0.0038824181919023815,0.008434226748875983,0.009284282353729493,42.06211466611656,-0.660706046182078,35.805375938113855,23.675868204358558,3.4022580890182503,19.498748774069494,21.529524989710403,-16.658588284858663,-9.906791743038005,42.16999397121937,-63.25754402155534,-31.129511184872833
2021-04-26,2021-04-27,AU2106,AU,0.0010184937014205975,0.003989897565925752,0.004690079494818913,14.476070153935567,-8.45129930519967,5.405557652833867,5.789093063704909,-3.6954251669823384,0.08731153567920469,16.508609313613764,8.423102378316779,8.524697366975486,11.386937525762013,10.536100961884674,27.9193207982116
2021-04-26,2021-04-27,RB2110,RB,0.009138381201044377,0.00018869704745117497,0.0003378030938596673,7.587726193758992,1.3776432796162377,-13.454082659908654,10.343797791942853,4.969872779152428,-3.2955420242592046,12.472678246683698,-1.080349572720819,9.281543268850719,29.63117307129453,-6.232589238185215,11.237263445251603
2021-04-27,2021-04-28,AG2106,AG,-0.01064024949550546,0.005190002382007383,0.0036266876707419645,10.830176604604834,17.144002588436827,17.4823993622781,10.228232263407095,14.033561399687377,14.905350695768046,9.588961556661937,10.670627013022575,6.248150243069738,0.2949237873785999,10.729566444405414,-4.4558000372929
2021-04-27,2021-04-28,AU2106,AU,-0.0072173215717723505,-0.00010720411674068865,-9.420930244291245e-05,2.04834882788586,3.9682994160613903,5.127223670035061,2.184482814169126,4.345331554312187,4.8590060909560355,10.100406348587363,10.80647091359318,10.394285079020488,18.513663404228744,20.135729931904486,21.413841636857324
2021-04-27,2021-04-28,RB2110,RB,-0.009794862317501374,-0.001677071109554711,-0.0013070545514392562,15.766476514724634,8.849656117615954,-1.6225196803447703,13.778710213228113,7.876639363142987,4.659740126075762,24.788240170256568,1.5522105973642142,9.45010903958876,10.71017979759056,-5.620434087838987,1.0998156042385892
2021-04-28,2021-04-29,AG2106,AG,0.012057132257466074,0.0038599441362997112,0.003985391275467283,15.379784426765816,0.4153055364207203,12.667277579785573,10.989685939799735,4.389049882316732,9.250091587046906,0.013885402961469282,-12.300514426293965,-13.923347354237855,10.914765816210801,-47.83969384348549,-29.10684870766705
2021-04-28,2021-04-29,AU2106,AU,0.0033923859781379573,0.0016586857383753392,0.0018148671574278856,7.882343642318233,-4.343583156979264,5.606124559399301,3.2816265769840554,-1.5445308849039288,0.8822650406429284,10.630871074014397,-3.338453476332113,-2.609423626924809,18.57484978106561,2.9946653125831877,8.172322009210047
2021-04-28,2021-04-29,RB2201,RB,0.02596153846153837,0.012743800653939458,0.014968928560258297,-21.098886190776696,-17.391267531285038,-51.72471188523531,8.371820794255136,-6.908107911139047,-11.2785876596215,6.10520064837124,-11.387797247641322,-9.264911006943581,31.361986157131092,-35.32836923550035,-26.61166773257232
2021-04-29,2021-04-30,AG2106,AG,-0.025580120591997102,-0.0003709198855583054,-0.00034669207451709845,8.391767134466457,5.368728397998627,6.668963788927193,6.464393412727633,9.08343481860829,6.61372839415932,6.3353817595593975,-0.42716579679072025,1.2143201764024565,20.97008016977163,-3.6484332011130203,15.858215320284842
2021-04-29,2021-04-30,AU2106,AU,-0.006484806259713816,5.384884630151212e-05,5.4482023521882404e-05,0.3307399887012936,0.5839073163639652,2.4325345669645726,1.3197227349369225,2.2273413215800355,1.5102799063591403,8.639636975817462,10.574647923820534,10.52149473651519,16.440754326207788,16.683896660799988,15.768487680515646
2021-04-29,2021-04-30,RB2110,RB,-0.013360175695461218,-0.005427167807771783,-0.00714452307256725,18.9891617289287,0.3660973175264095,-3.9223547459478985,19.377473266585525,6.920565603485085,8.621632273996342,1.9888328177373278,14.347916728925542,10.295293432620914,-46.17169525641083,-21.24700916365909,-45.23315713637661
2021-04-30,2021-05-06,AG2112,AG,0.0250681198910081,0.001981090247214421,0.004402030038467055,8.692427561508161,23.94265294921354,28.539626510526208,7.083893119773349,18.59534593139879,17.922900146348418,20.62462357906307,22.400126965960855,24.583365493103678,50.286459386645795,78.76977260771562,82.53901618344096
2021-04-30,2021-05-06,RB2110,RB,0.026268115942029047,0.0021986084342028576,0.0023714215355171205,19.422519527070598,-2.696176245337771,-9.472527037379503,17.172232309520624,-0.5657677927494023,-1.695583429239453,10.995328812454094,-8.2661314506715,-1.9514170043229375,7.165335966414203,-11.945875684889309,-13.151304705601268
2021-05-06,2021-05-07,AG2112,AG,0.01624867537972441,0.012061549733819598,0.027801182962043463,57.73364818859976,24.180214677240116,61.03943687380006,21.459021831776347,24.78836504427898,31.708852150330646,-10.095019361406019,11.17325690908525,7.424455810731195,-10.88820351291776,13.407038831082518,-9.888935859840299
2021-05-06,2021-05-07,RB2110,RB,0.0015875815840535878,0.02364696381947224,0.018780960646230388,45.930816163764206,-0.03929951725875913,29.298237776978283,44.24904781262811,6.518824333207268,32.39195834627701,-12.003934953532731,15.024023931910532,3.819600956129901,-1.7649165528080863,-19.469031459038057,-1.6958403708597554
2021-05-07,2021-05-10,AG2112,AG,0.006555114714507537,0.0033613477027049274,0.010084043108114782,18.814557785984253,71.1686343019159,83.85876602406296,9.630109771543797,54.69252096792974,56.62403991586583,-3.5442235697773268,24.650727760405882,19.876129853985123,9.656370171352188,31.163196007365304,58.38919817776855
2021-05-07,2021-05-10,AU2112,AU,-0.0035277028429133717,0.0007924139985155542,0.0023772419955466625,4.749856576863777,36.19697948811494,38.46490513530198,2.5011726737477717,26.170944354691702,25.389814117252993,-3.480988458950834,15.477325946985951,13.896965244716405,-24.256526138120442,21.464214888432668,10.36336674498608
2021-05-07,2021-05-10,RB2110,RB,0.0590100405143561,0.0007058408621969988,0.0005392810986743128,-7.808634738962212,11.756178223823,-14.626915256616087,3.7350524496947157,8.06076452504597,-0.8037519461690819,-23.245082679869657,5.75621576139175,-7.985059126820823,-21.16574448228184,25.03257555350068,-24.613347931965947
2021-05-10,2021-05-11,AG2112,AG,-0.016952054794520555,0.007445277228239695,0.022335831684719084,23.311011344284474,51.79328748797876,64.2476312795563,14.93087379970899,37.640483276583616,43.23723717710509,-8.923767245789728,33.18203261683355,19.922169967479185,16.906771427469653,107.51413423936641,105.01685649743983
2021-05-10,2021-05-11,AU2112,AU,-0.003688120097657177,0.0070281675141135366,0.021084502542340608,-12.34216583551742,35.2465698061921,27.57864239091802,-2.777656975824212,22.943627678901805,19.524918539622806,12.835153949506916,21.869170766190898,19.893820100492448,52.286854992832616,10.541384271419094,39.58691889074017
2021-05-10,2021-05-11,RB2110,RB,-0.004416816620317343,-0.0001761338621902361,-0.00015406938038400512,7.335573109285941,-53.942172500049125,-69.7083786747287,5.13846565132305,-24.961188772275836,-40.02868576080812,-10.94342501053249,-18.379916037079283,-17.58720313143054,29.969823254333782,-43.86824281123931,-26.0588615489233
2021-05-11,2021-05-12,AG2112,AG,0.00838135149292829,0.000856531101616428,0.002569593304849284,-7.020778788214773,23.34246402503283,6.80813268027707,2.509554288588566,16.411092880324794,10.398078949546802,-7.991319076251057,30.637928634577797,20.707856425769812,-30.506469825099245,21.9848175823684,53.06570104351346
2021-05-11,2021-05-12,AU2112,AU,0.00486427114388821,0.002236148517535716,0.006708445552607148,10.409586081002962,27.55655607894562,40.0315933147453,1.7578099572131807,19.175352445546164,20.669442440406765,8.057860980330718,22.078931833188424,20.253553051707694,-6.651697844089394,34.913853137384294,36.36784123805139
2021-05-11,2021-05-12,RB2110,RB,0.01496710526315792,0.016660179155860235,0.030161612443939067,-27.14546359394011,-37.26307637514464,-84.34166211613352,15.277225334098432,-22.951531579584895,-22.517392240535667,-10.024704626451728,-5.6618793765448165,-4.582959671466172,-16.33357977576989,-39.2449965603377,-25.359689988923858
2021-05-12,2021-05-13,AG2112,AG,-0.016421780466724267,-0.0024415777737795026,-0.007324733321338508,6.577380352329884,44.90860891747406,48.924468837857525,6.007597396828408,28.717482060141293,27.23120088468413,31.51579569179375,40.825275296807206,40.18721844874882,83.89878445327847,121.7975545801897,115.37058277695851
2021-05-12,2021-05-13,AU2112,AU,-0.00638728773952324,-0.003185464455025513,-0.007958061787105298,5.054967274475993,18.232586984641586,22.224599900367593,5.539206912296361,13.799094199489405,18.319596197628393,14.450537076864293,20.47426802682565,20.77424004972586,37.43625074805094,17.490616253869458,27.08005912978911
2021-05-12,2021-05-13,RB2110,RB,-0.029373153921890438,-0.0009863554967036448,-0.00112941186772602,8.89941430569152,-22.82963714509537,-39.2595628380096,3.0791185818217963,-10.792499686228027,-23.600284101027423,14.77500079204903,0.46889631682353333,9.245385177931876,48.55248128968007,-54.14501986470044,15.610926985318422
2021-05-13,2021-05-14,AG2112,AG,0.006868615709757053,0.0017301042377827337,0.005190312713348201,16.507121688486116,18.17987856268531,22.163635366568354,11.110213256449706,12.399645733431864,12.310183698536632,10.695631329247277,-2.864449510230671,3.9597228562582973,-3.0793019046033865,-60.32027940384558,-26.6986596120652
2021-05-13,2021-05-14,AU2112,AU,0.007484168105929889,0.00233954719517281,0.0070186415855184306,-0.3807789209253585,19.971187767479776,22.01835429767886,-0.5090369044071172,14.656674998843403,13.273901529915634,21.335288161951386,24.458293646355976,22.113430039139434,32.49445819550746,40.850369594378236,58.20847828005807
2021-05-13,2021-05-14,RB2110,RB,-0.04146134239592181,-0.012556218775412482,-0.020964933268878713,32.437484005132575,-61.39194314962965,-54.18131369057996,15.990559037967376,-36.255576085667755,-35.9217384716119,-9.611890361919437,-12.011702796404947,-6.262619389159729,-26.66369329005148,-66.4681181838076,-54.893418117516234
2021-05-14,2021-05-17,AG2112,AG,0.019354838709677358,-0.0021111900874601374,-0.006132421935599325,10.879887859046079,42.449677814350416,44.98151098806615,10.384931419060575,29.60339698223254,30.21212019571462,28.62853085198035,42.21559211992154,35.74653614138078,46.17359113771822,100.30908052563636,96.3466950421715
2021-05-14,2021-05-17,AU2112,AU,0.009857328145265853,-0.0014120971986371878,-0.003785298434525368,0.12407654066599694,27.187313558525453,26.102553852806754,2.621615583189577,19.619055914121688,20.25168694893205,26.04367873918602,17.924419390334954,19.973173796455782,50.640229262238634,37.24039908853121,30.530721584474346
2021-05-14,2021-05-17,RB2110,RB,-0.014788732394366177,-0.005084756718110102,-0.006408652460059868,8.164206523870915,-17.34839483689874,-30.404379960749992,12.918106050517844,-10.361800282592895,-13.66546561875186,15.503390247041962,-25.873275330087736,-14.330934601354041,15.42906079060263,-56.744053639160235,-39.8436618069467
2021-05-17,2021-05-18,AG2112,AG,0.0391042204995693,0.0031435582994998558,0.009430674898499566,28.608010281893687,52.23430746715091,63.806200282344584,14.506010450292536,41.717425145557634,43.139553241952,11.857465594545989,31.412306139162713,29.163127838398292,8.56457597721331,52.996336158202595,61.427692467792944
2021-05-17,2021-05-18,AU2112,AU,0.008907883219195556,0.0012978587156000124,0.0038935761468000376,3.3023419160518017,36.27518179616708,34.98742810147331,1.4969539301901493,25.517859142838514,22.59972901093349,-1.260112974718257,16.173309317099122,13.781906099808085,-16.150991025295966,18.86760927566497,21.736115933564253
2021-05-17,2021-05-18,RB2110,RB,0.0019646365422396617,0.006889877975220952,0.009130712654460174,11.049061460875741,11.262264510411503,2.520003246772511,16.650155049615407,8.62693834045536,9.108680915426564,19.374441587705977,31.14597102303136,17.261608678800446,15.133205917578527,46.99245492744045,89.07049402504485
2021-05-18,2021-05-19,AG2112,AG,-0.01605428666004638,-0.007038051539199356,-0.02111415461759807,4.101969360432255,23.4237117834968,15.891385383368778,15.309535923782967,27.548238018978513,28.345885686909,5.6057497674653085,28.82711076597452,22.102052870471038,-31.46082198600541,46.872502768607646,-1.6221791540775046
2021-05-18,2021-05-19,AU2112,AU,0.0026053639846743692,-0.0022630262191046945,-0.006789078657314084,-0.21620713369558509,31.947077539731666,28.446690148010756,5.726927826659339,23.194716667354708,24.767148952662566,9.101889709034424,16.12890162624807,14.253009548221199,-32.22968396068568,13.31839413945597,0.6995883343352318
2021-05-18,2021-05-19,RB2110,RB,-0.05179496338631895,0.000535953563521525,0.0003918950594097344,22.393902471455334,46.74732892826713,58.9804506773995,15.709088202657176,30.591567303373193,32.90969035539708,3.673032239611945,49.064446454323864,25.931080853530187,-1.0788115538410938,121.18447911601596,94.68090762640358
2021-05-19,2021-05-20,AG2112,AG,-0.0032406617772471336,0.001656452258825227,0.004969356776475681,15.596263083865226,30.15240833353314,25.951974640162867,13.492929217767163,19.799568669101255,19.009911574754902,11.980475282864228,25.294652618579683,18.64725758910235,12.920184366400491,96.80404024978868,90.71153659053064
2021-05-19,2021-05-20,AU2112,AU,0.0009694866823144466,-0.000970155045583735,-0.002910465136751205,-1.298720847922743,46.91830773629173,38.92896164225542,3.36014601655779,30.01232191969543,28.725427393598416,23.756011137117596,34.551753090425464,28.360413015603243,39.33986650447168,73.41459878056847,63.71013786122295
2021-05-19,2021-05-20,RB2110,RB,-0.0026923076923076605,-0.001962709167848706,-0.0022801737302225217,11.669089963737044,-0.7796324163070079,-5.5379826572550845,12.809617934331587,4.052445180687122,3.6626124353137284,45.04294170003622,18.705367055242082,22.40245182740726,74.42038660086506,-1.1534735103490683,104.80349488608961
2021-05-20,2021-05-21,AG2112,AG,-0.010432700530186412,-0.01388911216066715,-0.04166733648200145,32.30363499243117,52.82215060914577,89.7108104453996,26.362678867331685,31.414337768960426,48.30614176154115,2.319128503284647,15.791913147167625,22.065398361972854,-4.860533047816298,51.285174440170515,19.337368121826188
2021-05-20,2021-05-21,AU2112,AU,-0.00015289740584067957,-0.001427697570675088,-0.004283092712025264,2.1901794447973186,55.53660852343862,56.97789502191038,5.115410036422494,34.27295296061215,34.59674134527911,24.34280191820156,23.899604352292318,21.90603273638755,34.86496926168811,21.66031091549778,27.39910625288149
2021-05-20,2021-05-21,RB2110,RB,-0.014459224985540753,-0.020744868014152745,-0.02973599566084687,41.68533063507169,38.55356165881978,73.40622607537782,24.035108653059048,27.447475965147817,38.44014868970525,8.099046313599013,7.94241550602679,18.00101863932585,-18.330022310262024,20.929288592870453,19.884961676292587
2021-05-21,2021-05-24,AG2112,AG,-0.007006151742993794,0.0005132153050804507,0.0012982555197036442,14.150710505949732,28.326042584347455,26.110891492902585,15.423363428842073,18.39686094890853,20.540611885887333,18.33111094967939,3.829634110646817,10.779269585906745,12.444550403302388,12.423355974246707,-20.009230057910713
2021-05-21,2021-05-24,AU2112,AU,-0.003086888315368741,0.0002038839907160382,0.0005569461971682619,2.9807480322201148,20.109390596370858,20.0134877416368,3.3357702458544134,14.154809629227653,13.692525073798482,6.346065842678765,22.409522897620995,16.246172019035154,-0.2980561982136657,9.028467631626611,26.933890709653458
2021-05-21,2021-05-24,RB2110,RB,-0.024705882352941133,0.00019280825279051372,0.00016604139987215383,11.796551109653567,51.953984344985315,65.55285046299566,17.655376860850957,33.23491707205262,40.32096056953358,17.348662098474158,-14.115950056717871,-7.849523156146257,16.880443110504856,-23.701141615376958,-18.606382848354123
2021-05-24,2021-05-25,AG2112,AG,-0.005321888412017195,0.01134227660393451,0.03402682981180353,60.30367230340612,29.68203408631949,75.7770669858373,36.00151709024978,20.91253233171941,44.40199937939724,25.990405718193596,41.16475621104872,34.26018499327439,96.99066172143152,112.45744963979095,99.67031828706871
2021-05-24,2021-05-25,AU2112,AU,-0.003250711093051528,0.007262786184541722,0.021788358553625167,32.9806850652519,39.64773900073932,68.99742368641971,10.990801510414183,25.058228856348055,31.65458575294754,27.242778894838757,22.662598370865773,27.375240334054507,84.71170871982355,6.935252507689569,39.03585364534507
2021-05-24,2021-05-25,RB2110,RB,-0.01145498392282962,-0.0023501773449536266,-0.0035679427688890433,30.804087167814487,-1.8098776799782677,14.44629167829813,19.131345233490453,5.091725240514137,9.588510244865272,54.771359232438954,17.049587562181276,40.83280348365185,93.91237782671072,48.15238887712527,125.24299696480323
2021-05-25,2021-05-26,AG2112,AG,0.017005032101336193,0.0024063263587958505,0.005503259989525123,8.52907972384994,35.37124919412428,32.78957929994635,9.420516942413302,25.44419492571461,25.718124665012045,-7.642535557470957,44.887316378514655,29.007075866945282,-54.70647135980998,70.9665212048115,43.92508513835849
2021-05-25,2021-05-26,AU2112,AU,0.010038728088055393,-0.0006093226551880576,-0.00176433967271169,1.0820801329906784,27.067491328148172,27.337005660226808,1.4228469379953834,18.11534715823366,17.403130913685608,27.737059146973984,20.08164667291626,28.595858156470204,44.434107546124594,5.117134738387265,43.845895044212625
2021-05-25,2021-05-26,RB2110,RB,-0.04521276595744683,0.00040201005566548926,0.0003578009144361908,15.397324812017617,43.75456489592661,58.14639261633401,17.51277916532594,29.08897552662081,37.55966124757866,22.76356968759555,-3.555926872588673,9.93386595251835,47.45194035770621,8.717307060742467,-13.386065071020589
2021-05-26,2021-05-27,AG2112,AG,-0.01963127347217475,-0.005364726892629397,-0.01581603156477527,0.9518807199879307,44.72274854845235,37.693182989456005,8.00238966673125,34.969481599317795,33.06204138847487,13.138667437017048,18.39628284270822,21.10493251736517,-17.140591155859298,37.61055964696059,40.172764677353975
2021-05-26,2021-05-27,RB2110,RB,0.03658274155369057,-0.006322035943908599,-0.008333584231598622,-1.4244257800013997,15.594118644702533,9.128686634293942,5.5092360253259365,16.187149723081124,13.847301897242716,28.65814799731895,1.1626258693446652,14.10396523653311,40.67881132624993,45.28161491597233,31.92736848413068
2021-05-27,2021-05-28,AG2112,AG,-0.003134250391781279,-0.0005119890887503893,-0.0015359672662511679,0.11700913713293737,41.884179143974144,39.80884227104629,6.991063193193469,26.859957801583175,25.745771635760438,16.862772325861034,13.963264680373216,18.16059654741193,27.184123109883814,26.466598048328677,55.05809860048784
2021-05-27,2021-05-28,AU2112,AU,-0.007707519902641957,0.0012604937761913912,0.0037814813285741737,5.867572124914532,31.68176395888929,39.271943027915434,1.8990624640879163,20.44904547676193,20.167880106211143,3.5600151904007102,34.551051022886966,27.880964238356732,7.306691458189883,38.21558187571477,60.294521874342955
2021-05-27,2021-05-28,RB2110,RB,0.018163054695562453,-0.004294616864837333,-0.004840379296130168,2.0277435959421926,18.055838470292414,23.83487036980859,8.542550672312169,16.048780504526384,13.857526322031092,14.929519888133195,-1.1963835000434673,3.344669223799677,43.45363561743472,5.170868874986233,18.822551474609853
2021-05-28,2021-05-31,AU2112,AU,0.005353319057815886,0.00035501458468472377,0.0010650437540541714,-1.8482169134147277,47.84410473665344,52.23209552524829,0.16928919110104346,28.923071270164908,27.60188434191695,6.801640518469922,17.639606988375274,15.2999889940766,20.37592967094696,57.389777808083494,63.071108474840756
2021-05-28,2021-05-31,RB2110,RB,0.023828920570264867,0.005795917694645829,0.007043019479244292,8.490223379986128,14.953991190402686,17.29925921204942,12.469845192272903,12.845676381742962,13.983105104387395,-0.2504000992718525,1.3051578086856697,-4.417671782613284,-17.902258271863573,27.174677877166932,3.6604560165831512
2021-05-31,2021-06-01,AG2112,AG,0.018140981340704965,-0.0033242966489951302,-0.009120890198752642,14.407731082006636,28.786245324062563,31.447428618079428,11.760904646915135,22.159387494902738,21.715784067905915,17.628622023126457,16.676063749092005,19.501233433510333,1.5610238041595739,31.049130717736336,7.665084339175712
2021-05-31,2021-06-01,AU2112,AU,0.0059306569343065,0.0022969154880598287,0.006890746464179486,17.477350815070707,42.62288109124734,57.00982965958457,3.578256332662166,27.629392721021798,26.901718509178178,12.983377212779862,20.01822095397078,20.74215141984132,16.33019661397843,1.572244406401289,40.360426836481935
2021-05-31,2021-06-01,RB2110,RB,0.03137570394207567,-0.004673380445172006,-0.0057605513815002386,2.748347297156786,-16.492673536229937,-22.111031663323743,5.810106991335122,-5.470385658659695,-12.014036237667135,8.728112581383733,0.5575570261485633,3.4230081686577667,4.482845840091506,9.225690243725781,5.91431581661229
2021-06-01,2021-06-02,AU2112,AU,-0.01743512219702681,0.000456308472439653,0.0009947169660916425,1.647955851035407,23.08521357489758,20.26803438729018,1.3887667997975992,16.742998594995175,14.307962700057129,3.3466582893064656,32.28474158015886,25.63491173341679,8.395810086704422,53.52449801131577,48.051560538778546
2021-06-01,2021-06-02,RB2110,RB,-0.022091886608015643,-0.011001211061973456,-0.012549183653623704,5.3318145171008,-32.363855700040425,-42.39551985192031,6.8777628746714825,-14.77716725088234,-22.949049496971448,17.56699665192393,-3.9797689839970616,12.819946023913111,-22.88722045665808,5.801028877689156,-8.881540252085497
2021-06-02,2021-06-03,AG2112,AG,-0.0015573628655476401,0.004064357838780832,0.009743920677496498,15.865456568305465,7.62033853965678,13.313664027134003,15.337031354048264,4.268479708165105,9.185368258412392,19.581027803404755,-10.808968754492879,-0.5524228535446793,28.727046429831585,-47.123066718769444,-9.335638316053966
2021-06-02,2021-06-03,RB2110,RB,0.033527404135715644,-0.002538320214779167,-0.0021421359524076773,19.60128547026587,-22.91321657987806,-19.328177541808145,15.55306787205965,-13.62504958708335,-8.908149572906648,29.456356375771495,-11.38978594713667,5.749285087628002,29.66651554828659,29.496696524256134,39.41397107842827
2021-06-03,2021-06-04,AG2112,AG,-0.012280701754386003,0.004161615161794926,0.006482241450007149,26.22842465149736,34.74654499335095,55.59901433061186,14.262169156119612,23.222872383825194,28.976942304103584,9.113073182067918,5.294840328131175,5.535153878178522,-1.2204427603779266,12.328481655850746,20.838287175502575
2021-06-03,2021-06-04,AU2112,AU,-0.0003135287662643371,0.0025097972044585922,0.005529658248865638,9.17639845505277,18.18132137843621,30.114423366992803,1.6675678905523954,13.238797978024365,13.04928096028566,18.91823490426954,7.696873414535951,9.686629599481625,39.15462540362903,34.70748750937958,36.015027645874504
2021-06-03,2021-06-04,RB2110,RB,-0.00019379844961242565,-0.004207158364280983,-0.0039056718514535508,12.874824292873825,-39.38487092098085,-51.99414329926587,14.763280280797327,-19.450227389635312,-20.942771365932362,31.850521691990938,-11.679766953454418,13.411482641387044,32.82236353016507,-83.18947300710444,-33.78049703950001
2021-06-04,2021-06-07,AG2112,AG,-0.0014084507042253502,-0.012205905679503734,-0.027006947897718,40.53888305176832,24.1544453633388,68.20818404525689,27.413932762080663,17.82233316293203,42.24323767685082,-10.16980524713441,24.493347979792524,11.857165514433117,-7.6747142918588205,79.11381119534128,-3.1474879645537652
2021-06-04,2021-06-07,AU2112,AU,-0.0014512283611485266,-0.01235994131148267,-0.03684935834854006,31.701172882255097,-0.2500522153288518,29.297533976105708,24.332210013325962,3.7135605064386583,24.403707256723617,-11.818996003967106,7.246759537491644,4.959601712667074,-6.330732583900519,25.34129050610548,0.26599561527329574
2021-06-04,2021-06-07,RB2110,RB,-0.04173913043478261,0.002328289759591168,0.0023533912535852347,15.286932958622614,-33.1870308318547,-40.421300139693166,17.677848543862815,-16.787710220224934,-11.572989925209573,26.668558116105306,6.230651004424721,17.16973123760353,29.470958052542017,-4.451184637412546,14.311189951832448
2021-06-07,2021-06-08,AG2112,AG,0.004760225669957707,0.008841790581461012,0.011099632455176844,20.357335293031625,23.76138416560018,36.890854348119305,8.444614048675973,17.60592305693246,17.688467617974215,4.356742651173839,-3.987797245360418,-1.8024030847858346,4.478767497454918,-17.481149622081812,-1.4514707493056702
2021-06-07,2021-06-08,AU2112,AU,0.006225680933852118,0.008484110747117506,0.012601362027838979,-11.629485411141928,14.442464286190152,0.00060409081853674,-8.777743150405644,11.739696562741825,-1.138007285009457,5.996093492402681,0.5913457584267051,3.5704216069998322,-4.54237600053404,-19.444195245435576,-23.049592371201985
2021-06-07,2021-06-08,RB2110,RB,0.01090909090909098,0.0030965768889199313,0.0024692403524133183,5.905520276175755,-56.81290530698346,-69.00951382359055,14.079410970575331,-31.31838050231374,-26.529673338678688,12.856169991017817,-10.979470863676886,-13.305139066835594,5.440230489636115,31.8618635086449,21.102582831573983
2021-06-08,2021-06-09,AU2112,AU,0.0006194187787127436,0.0004670351139612208,0.0005900559080076634,3.404925484960887,2.4851060427060645,8.238201577042457,3.0776955593177577,5.171047625470664,6.180790077876857,3.65041524679051,-4.20031211203715,2.3650717070040486,1.1824877544973578,-9.62754557148481,-13.24260686113317
2021-06-08,2021-06-09,RB2110,RB,0.006195043964828173,-0.001816530926397894,-0.0012615126610404663,5.690371256009716,-6.4328444893747125,-3.388635454607992,9.201032006938728,-0.8071925901403132,3.2040440138940287,17.64777904832351,-2.057001974021644,6.570955484838339,19.62266186338504,18.14642950935234,28.071362505919392
2021-06-09,2021-06-10,AG2112,AG,-0.005252100840336116,-0.0024595936503631725,-0.002965250367609848,14.575392245458975,27.38835146860321,42.27883191723888,7.076509759388932,21.013664493722278,22.94490475599061,39.34046294806068,2.3014630755537353,18.154878239338494,46.70932788473681,-8.866043122158956,14.630319717768154
2021-06-09,2021-06-10,AU2112,AU,-0.004533511926227529,-0.001134956787121673,-0.0011641960040760229,4.634989600242546,8.962839616907912,13.629820597362087,2.515992855035565,8.291928972103591,9.740743777864022,29.505141633226565,11.393098451342269,17.082958110001297,51.21636319203575,2.1425661253664017,23.328352268198724
2021-06-09,2021-06-10,RB2201,RB,0.02470635884973671,-0.000612307397434495,-0.0004961535710239297,14.016314882709187,-4.240169572224845,11.046239707752616,12.495772566781685,2.893941173974876,11.84917784108331,24.116935664673033,9.010353009215521,19.949150696417384,18.92562226445636,2.8238537103389283,40.60767979779676
2021-06-10,2021-06-11,AG2112,AG,0.01570406560809623,0.0066748886506236985,0.007289302508366657,6.002056218683818,15.784072710785683,16.40357866838213,3.307325755432183,13.972168288928831,9.946346891013885,9.814135635804167,1.660636530615578,8.109008330407706,0.4363475072914589,3.403350205501641,1.8358160068287914
2021-06-10,2021-06-11,AU2112,AU,0.0051038820436151155,0.0013403445660620157,0.0016604698219544625,5.255997623018348,0.22908947317686223,4.272654877675271,3.3191104091664156,2.9709802061731514,4.249127890231715,3.03612722486955,2.4756375581856047,5.8298893483578205,-3.6974092967449907,-26.744832920026273,-12.276971453077126
2021-06-10,2021-06-11,RB2110,RB,0.025235985359275626,0.000992555912751643,0.0007870311382738517,7.975997018617181,-24.74502172464188,-18.283534818243847,11.321909703680767,-5.70039527861844,1.2476565229808907,-2.5594116048587665,6.2377663234891,1.679195933069223,-27.590771375819585,11.293185296149234,-17.14761421713182
2021-06-11,2021-06-15,AG2112,AG,-0.008521739130434747,0.008586752137604195,0.01129449422016636,7.233362463833757,10.588986168210157,4.673487286163757,0.992594002412801,14.535020516815933,4.838497572786885,-15.927820876721022,-8.372160567084844,-10.622627770872327,-16.143970326739566,-24.24681465142808,-29.891019089990436
2021-06-11,2021-06-15,AU2112,AU,-0.0020862671465079474,0.003822318703291381,0.0041173879821742206,-5.963411351581589,-1.1730892479367991,-9.33240605313808,0.016336167228824472,2.1492766690945837,-0.37256521065001014,10.079781007687306,6.377934564082466,5.216720463627741,20.317596301704796,6.247494611905322,10.294928148449186
2021-06-11,2021-06-15,RB2110,RB,-0.006153846153846176,0.004440590364791241,0.003084107344604274,19.629093763801123,-10.858149674486247,3.7012347741618434,14.918756930424912,-3.8642217618397945,2.9262827107343234,13.374113367886258,-3.3417614071515733,-1.2424605628429317,40.27711299409654,8.318054698022577,10.510353160002925
2021-06-15,2021-06-16,AG2112,AG,0.00475017593244198,-0.012272213480339366,-0.007231716807950283,14.492147047802028,-6.9583320160762305,15.49337470935535,15.775636147058616,-2.7867470905868315,12.226012632537264,-11.611076548335351,2.7236356361499596,3.5738023445584894,-17.172218446129744,5.7311973205318925,11.389383928494187
2021-06-15,2021-06-16,AU2112,AU,0.00041876046901179187,-0.01670627698665082,-0.014165295480078626,80.58265881298007,-15.46481777503318,70.5229175887295,50.22878052962875,-5.790048979494155,48.666676878440015,-12.145793977819247,14.00891419898919,7.973613986082669,-28.022116008911883,36.46646341478666,-8.128260197276635
2021-06-15,2021-06-16,RB2110,RB,-0.029986457728767624,-0.023190546968115785,-0.014229672505184237,8.516921392919057,-9.670078569397523,1.264426112133564,3.111440859459642,-5.9777734280182715,-7.0481706198408185,4.295193581827383,4.843270736019139,14.987254932506866,-14.414866640995236,35.73896436057504,21.20303208487591
2021-06-16,2021-06-17,AG2112,AG,-0.027140605848362753,-0.002986387814590634,-0.0026646629371036906,10.125541928322933,7.929349075966098,10.177441266200592,9.98322868986821,9.193334249200685,11.699764710298085,15.998593591100862,0.5959096584179683,6.714531866779343,-14.947071496301913,8.90017031139499,-19.969556864013967
2021-06-16,2021-06-17,AU2112,AU,-0.01618478944060331,-0.001516855692674173,-0.0014439681928379929,8.954679804804718,-3.166257788357054,-0.41844987281440194,6.146576097566542,1.2773729633166715,3.6897596731873827,29.798315856022,4.8349236491104435,14.453322076051018,56.67210644395501,8.987725108419433,10.640293400519322
2021-06-16,2021-06-17,RB2110,RB,0.018773716796484985,0.00019347973360159278,0.00013627501632878342,14.197621946726166,-36.28893152545477,-42.349495857123735,17.880978885818656,-19.352785820379832,-13.097719721641685,20.90163651885408,-6.956925705636877,-3.743497191605026,22.42785955154509,33.670179864104924,26.018863205004966
2021-06-17,2021-06-18,AU2112,AU,0.003781535303333028,-0.0010470108798583896,-0.0014316713716092354,11.540662803741226,-19.3930612776753,-9.275908017959956,7.169602848907095,-6.895748396819253,-2.255232974998907,32.509552857304925,-20.07437632919535,-5.8089178626827245,24.60678841368903,-52.077635935606814,-42.76516426516082
2021-06-17,2021-06-18,RB2110,RB,-0.005697445972495108,-0.0013970663882939003,-0.0010856430931304169,25.164829899953784,-7.690667765683488,3.2838413478565567,19.361285102752863,-1.0466142628345212,5.984419022335684,42.46128671246622,-0.9002340342863655,23.890950171671683,38.232248531906876,0.5390644893201386,34.12670281581373
2021-06-18,2021-06-21,AG2112,AG,0.0022205773501109416,-0.020364340102877663,-0.03218722914036959,36.56308213062539,19.25765101164197,35.86796266377519,9.525906147430572,16.21455921750242,16.148998316053703,5.940752553223286,7.813521454344057,16.872106915831935,7.3660799066814775,36.089754767590975,-11.629082766250653
2021-06-18,2021-06-21,AU2112,AU,0.0027499191200257567,-0.014587055453735048,-0.02133875894817044,0.5487444623754705,13.605750294878133,3.819900234322014,-1.0730633990271974,10.730376093927205,3.905229889947285,5.491255837713666,3.1989598892108284,13.895007751273054,20.667236695247496,1.095801952307672,15.578403639988561
2021-06-18,2021-06-21,RB2110,RB,-0.03436697610112582,-0.0021587683783580933,-0.0021041194852536543,27.409374880826597,-9.623150203089198,0.24951348906162973,17.480071633979925,-3.1750689588028864,1.7057196015248843,48.84927005615249,9.14980925005023,32.77922230978113,51.200370604776964,73.0811696698933,79.33269623593173
2021-06-21,2021-06-22,AG2112,AG,0.000370164723301869,-0.0025873235649509123,-0.0035432192864194444,32.904786990504306,16.968952265341514,34.72386747555693,19.534967081906395,16.418552852881103,24.070524198944145,46.86962971578844,5.150777910140352,25.38891802191353,89.62573448940577,-2.3142824974741307,28.51690046038006
2021-06-21,2021-06-22,AU2112,AU,0.005817711700064621,-0.0018854208725833262,-0.0025562522452623315,25.944226553477822,11.857950248228773,28.964101259434496,12.44566455425295,10.269075137971765,17.48601206727539,43.205765212904176,4.132529745206408,23.085941863423777,75.28071704870568,-10.72208625356143,35.03761029362711
2021-06-21,2021-06-22,RB2110,RB,0.00493725570870196,0.00039510075583117885,0.0003330351052890587,18.680287844760826,-13.385895989771766,-14.564869701481825,18.293993116706545,-3.589433247590356,2.1556483607945998,22.76356968759555,-3.109239838675634,7.648024452546485,47.45194035770621,-5.759299319467496,10.582360806857137
2021-06-22,2021-06-23,AG2112,AG,0.009860465116279027,-0.0024031807480451254,-0.001992416410097671,27.83296191386376,30.149896768718904,54.03063825143143,17.16486895368463,23.794176298134655,32.505831558561894,47.85540625789803,4.3659838924784795,27.164014673660393,81.0000077315177,-9.756213567399097,40.62043128529326
2021-06-22,2021-06-23,AU2112,AU,0.005484165815366371,-0.0017760560089627702,-0.0017346058621708314,12.193916010923823,7.540614158506203,20.51367401842501,7.631870024587055,7.441036848757013,12.321944680001167,33.111849320854745,5.590387879450002,21.1710639736359,38.39628065037942,5.2472342142877375,16.158908166130413
2021-06-22,2021-06-23,RB2110,RB,0.01210256410256405,-0.005743605533190025,-0.003892053849492256,3.631352605920636,39.34608847202546,34.657006276540784,7.925383940494938,26.567752772008642,23.726908801655753,10.261549629095606,3.3492477079369465,8.531136658088728,1.853777112425127,16.09262226666321,2.179503091419525
2021-06-23,2021-06-24,AG2112,AG,-0.0005529953917050578,-0.0055658770774451175,-0.0038509245215430387,6.8045476657135815,18.216237915180585,12.944020362256126,9.478989460232665,16.35139374468281,14.98332340962721,24.839196381649238,-0.4115993230534974,16.43229511915543,53.847554460358786,0.9763669869461895,26.19314089096521
2021-06-23,2021-06-24,AU2112,AU,-0.005188830640847297,-0.003917259711210383,-0.002352128231044757,-0.26645345718642055,-3.1544371933243465,-11.007710468329169,3.678225160624411,1.3971870346072306,1.303645382927722,22.882386989175636,2.869193701364496,17.060639404771344,49.399899560591585,-3.2095700846974164,41.89259043162833
2021-06-23,2021-06-24,RB2110,RB,-0.0036356291658250495,-0.0020491810449355693,-0.0015314696445672986,12.834938154364707,22.572101112031763,24.966796090418022,12.748616594006059,17.228576510651934,17.575531244127692,31.66612615630933,-1.9994317323607242,13.944482561633729,45.9411108367456,4.003162878269173,37.44708233125575
2021-06-24,2021-06-25,AG2112,AG,0.0034894398530762594,-0.000552842546099502,-0.00046523995655731675,38.499662144695804,11.327612344097469,44.87027142574068,19.661940760162906,12.82412953014331,24.302625598722592,29.666782361484625,2.462329675797974,18.13819294318865,71.11295106257951,6.77454676430472,36.80650117966714
2021-06-24,2021-06-25,AU2112,AU,-0.00428954423592498,-0.0003743816061911608,-0.00034593447847970117,22.28658292407,-7.166465897668873,16.042731241870804,9.42973335749343,-0.42274718967557323,7.916701403953842,39.49334739406837,-8.255081602743262,6.552398887755204,69.25724923154766,9.00346047060602,-0.9267741274870943
2021-06-24,2021-06-25,RB2110,RB,0.022401614530777048,0.00343955827212115,0.0023743539835082133,14.014294352207457,13.048876330321352,15.100588788276422,16.65688573543434,8.636011757867342,13.185815364960618,8.227833177954343,2.0128068230620144,0.4384053560086243,-6.262109860485128,37.689738117472444,3.2066763075116356
2021-06-25,2021-06-28,AG2112,AG,-0.004377165785154125,0.004233005308449995,0.0031141037280907145,-23.92540359782795,10.308392073634986,-21.33968691244845,2.945668760346522,11.814382809851352,6.6449768215704745,-0.16769117839939546,5.852058022953488,4.7233379917236915,-24.474541736681974,-5.726255963727326,-16.637027539356133
2021-06-25,2021-06-28,AU2112,AU,-0.0007517989474814524,0.0028458687019324875,0.0021989585725238885,-9.69465871708696,-11.402501658588017,-19.46882005721853,-1.8719432426383547,-3.3824033069507307,-5.547591427213116,7.1056477338678325,6.570376172908403,7.678929447224041,1.3679495151125065,23.73870982398609,12.25436531218157
2021-06-25,2021-06-28,RB2110,RB,-0.00137876698837891,0.004449845530350209,0.003194100534672059,19.34123481699135,17.2095934970424,16.542916786255606,17.577104829289002,14.03701805278697,14.752805655817799,8.144549672705296,-4.498034295935179,-1.9641271893392105,10.075746443713218,-35.73389123582004,1.3286065375963574
2021-06-28,2021-06-29,AG2112,AG,-0.006227106227106205,0.003471274153422495,0.003484100204518708,15.670963192813542,-6.481342443456258,0.6751380472779545,10.778061283035449,0.6636284625273703,4.467015209674085,13.110263811141687,0.29426168732649777,5.227229253806127,26.40998762848517,14.430958867492526,23.681098542861854
2021-06-28,2021-06-29,AU2112,AU,-0.0029041626331074433,0.0027963021017237194,0.002729078102762263,4.276487784141411,-11.339026921045201,-8.987273627167486,-0.4080111116860037,-3.890467191279261,-4.857709013211733,5.523983279038795,9.073772545242333,7.183189067410214,2.145545305728232,12.921855924594187,11.50888273911008
2021-06-28,2021-06-29,RB2110,RB,-0.01254901960784316,0.002168984385773897,0.001462708404332848,16.102031454745045,16.75595246404319,17.423220799437853,14.909472223770237,11.615004803562933,14.466681064180769,-2.167074173999822,15.410618909316327,3.026355949812233,-42.09665615277719,43.4131685667323,-18.924145606574324
2021-06-29,2021-06-30,AG2112,AG,0.004483467214646097,0.0001831669571930456,0.00010104675026162324,8.068512006371199,-0.2564124274056834,5.1838033185379375,8.399467300014397,4.3612075937702,8.510937294227666,11.654999254653987,2.4885264374584923,6.368196517261377,18.012035637418094,7.807622203407934,5.478490987721863
2021-06-29,2021-06-30,AU2112,AU,0.00010885538562033226,-0.0007526477426424742,-0.0005117933157933102,0.8005093132523111,-10.916585398148994,-3.3957710246209993,1.434521510052872,-3.108176063335603,0.944185372089577,27.226175165784976,9.24939943466015,14.948561835740763,27.340382273443325,46.88711084547125,37.484884609269336
2021-06-29,2021-06-30,RB2110,RB,0.012192723697148411,0.005899722127188322,0.004437380957480476,11.184389408817328,-12.251455735523686,-7.523441497770041,14.702725973719659,-5.042119059906949,1.186591971426167,9.147056402407138,-12.044133724518852,-13.681100616763027,25.15831674771439,-48.74288866644841,-36.597733756278686
2021-06-30,2021-07-01,AG2112,AG,0.01784386617100364,-0.01354506282549577,-0.01144710805171405,-13.43565160105103,11.303070054404515,-7.911812960802656,0.6063007408188126,9.618895995904818,5.417033980481419,-23.74742497979575,11.274519905597813,-10.00947632635196,1.532055471530848,15.506813061068755,14.215783117152801
2021-06-30,2021-07-01,AU2112,AU,0.011646258503401397,-0.009048364500111487,-0.009353217627693854,2.421712883612569,1.0358684891760426,-3.143490809002552,3.479894013974307,4.501083524604624,6.247304752524149,-21.62645413451574,11.853327546825907,-9.750629700255674,-9.903866811506848,22.68078889780005,8.869558047624366
2021-06-30,2021-07-01,RB2110,RB,-0.0019394879751745142,0.009682913318422432,0.00626103176256401,30.43278799428795,5.537776549527762,34.04227535451897,22.981025167155433,6.010733434191173,20.970349080497375,1.2370001573765192,-2.981293113057136,0.5615556046542347,8.678978096831582,-32.27956185486669,-13.381654283152164
2021-07-01,2021-07-02,AG2112,AG,-0.008736803785948322,0.0005577763461521124,0.0004883492609682454,8.353582085302053,3.248778106507004,10.6157051293547,9.209934570795621,5.317658719586269,9.166641793263892,7.612231075584171,18.750737680638466,14.645819457803452,-8.667768186671156,35.39411396925291,34.80499619338613
2021-07-01,2021-07-02,RB2110,RB,-0.006206361520558534,0.001747064406323495,0.001170165887244531,-0.8993453278341157,2.6395168825644344,-2.999056320809954,6.116398172513952,4.289326515262036,3.3816687002313066,-1.1716944901517017,4.113695914326827,6.983271564229529,17.375041915332474,19.369554280882376,43.40874178234383
2021-07-02,2021-07-05,AG2112,AG,0.007811080835604001,0.003281680246879662,0.002378700940960919,13.786080926778435,3.3196162670015763,13.973521760381267,9.971147614584808,3.992672309645463,9.717572607936514,10.882450731286736,7.538549168602177,7.937088407800763,-3.4595128351278435,8.952494890262649,19.713964408918653
2021-07-02,2021-07-05,AU2112,AU,-0.0019220501868660866,5.379380834576213e-05,4.54456879564129e-05,5.492198497858842,-1.3465583115370592,6.120491070927631,4.255230834297658,0.43956190927404304,3.4607094318091485,9.954765353339516,7.151115458160704,8.951078188539975,7.435239762182028,6.749195076289522,8.891296608006847
2021-07-02,2021-07-05,RB2110,RB,0.020918866080156473,0.0019413712173885446,0.001545520632516498,8.283084732779836,0.19105549077442419,1.6127576505290282,9.593760504115231,1.528153094590711,2.861842492887199,5.518691264058677,1.582418465580807,4.5488232250167435,19.309991624416273,3.4705599454617753,12.452433363215379
2021-07-05,2021-07-06,AG2112,AG,0.0036068530207393756,0.010775375923075387,0.011432353289666597,29.28651530578034,13.27470711784914,28.27943585672427,9.883396004768091,11.14001651929295,12.358642662963284,9.684619195280602,6.866548102637552,4.325022945799897,19.43696178537993,2.3935879343637114,-6.902928941339852
2021-07-05,2021-07-06,AU2112,AU,0.007903871829105347,0.005245983873957363,0.005808358832170213,-10.223188160008954,-1.589683285345778,-11.041444427047269,-2.4490647421132623,1.6085105176729293,-1.9049677294818048,13.401283354308598,4.162334881601688,8.345335818607204,2.9249665975104135,-0.45889022412423464,11.66962211421425
2021-07-05,2021-07-06,RB2110,RB,0.014149139579349823,-0.0017579846308979545,-0.0014028638897045384,8.758751156969426,3.656127286366339,2.3837973025792607,6.168990279584804,7.973744611254802,2.8379505751156593,11.889754919231425,9.600163803911055,16.040605389322494,37.71226368435308,-14.924740573877923,12.437751608563095
2021-07-06,2021-07-07,AG2112,AG,-0.008984725965858087,-0.0005408816502548123,-0.00042417465323870335,5.7830416008519085,-3.768889948614305,-4.008283136327924,5.3470659010424715,-0.28651704230578634,-0.29360571877389496,11.1743959521819,2.8200324685832445,8.15186932754842,3.634713902583825,-14.739919985555867,-11.669673018760031
2021-07-06,2021-07-07,AU2112,AU,-0.002854273481684988,0.0016569126428915939,0.0012971420136149725,1.1625611799415871,-8.11694645326222,-8.924883990844323,2.01934079073379,-3.1249483077039564,-3.5692937990882916,9.2623772222176,1.8136173235318045,6.786622681844991,-6.140076958074037,-9.15398189346293,0.9893355263755966
2021-07-06,2021-07-07,RB2110,RB,0.023908132530120474,0.001530807799894335,0.0011058537990107093,5.103319395800916,7.971095852611641,3.7517973578100356,10.177995037904509,7.443837180653511,6.332534501271491,5.876837235181991,4.880028736273223,6.397336094108371,-10.148009310418766,-21.573639553818595,-20.26213514745447
2021-07-07,2021-07-08,AU2112,AU,-0.001802279353299796,0.002434378848280162,0.003084435128565256,-10.431791332099904,-2.8332725847531854,-10.846789394286501,-3.4572958538965937,-0.5176403694707856,-3.333794548257898,4.671982694458966,2.7354967553403005,6.179737456666282,-5.3864445286586475,-6.741700625034782,-6.501335824954096
2021-07-07,2021-07-08,RB2110,RB,-0.01209012639677598,0.0015071592905713386,0.0015667774399249089,10.604802331434072,-7.261046135112688,-14.642029692798621,11.776597350098198,0.8851422144530412,-2.993718931985426,5.325623132946707,4.466402607309001,8.857523897047713,-11.045340193838395,-4.0435808075551405,0.4114809210760379
2021-07-08,2021-07-09,AG2112,AG,-0.0055045871559632475,-0.003997098344982427,-0.004167708017378022,3.398629994366935,2.9918416005622746,7.423549451135491,-0.5951467417579819,5.467465451783562,3.8098364433425833,8.592170730178466,0.9502905613660966,-2.948369651941557,-36.3984646634413,-20.28117891403495,-20.163898313086705
2021-07-08,2021-07-09,RB2110,RB,0.011177347242921076,0.003670402358796767,0.0036843139393824206,11.048100694230019,0.05805174022739479,-1.633227348284107,13.01643417018147,1.6284212525386552,3.4004209142636515,13.639309659970028,3.6046811637743112,7.766780246278572,25.11981411300559,30.77044392623218,22.801906079489758
2021-07-09,2021-07-12,AG2112,AG,0.0011029411764706953,0.004597709248629549,0.004812790095221025,8.64957592971236,11.523707924104674,15.242907341339263,2.235041417026112,11.004427332667253,9.743544112844871,18.72590913077263,10.66334103807988,11.097320140849241,28.68540433623123,15.075654881024883,16.886984739499155
2021-07-09,2021-07-12,AU2112,AU,-0.0028565382987727483,0.00893453116293617,0.011137547334136846,-25.699629825656764,-3.2477428438616176,-24.631096141448282,-16.127223443931946,0.6874591183988983,-13.943091733179731,18.222762766532618,4.459499944039115,7.38523872091419,49.668174711393334,-18.30897222354489,-8.668312265400496
2021-07-09,2021-07-12,RB2110,RB,-0.00785388127853881,-0.004646416685709243,-0.005338503400812221,14.637324095306353,-2.5474331414743183,0.16640992688104284,13.966090355647871,0.37231676478290776,1.0113259145999027,2.0557679899578187,-0.09676910360425389,-1.217403197129011,-25.27009384494857,-36.378552983139464,-8.48010179518173
2021-07-12,2021-07-13,AG2112,AG,0.01008804108584016,0.003683245416296368,0.003577074255174499,22.730487776678956,5.105862143671497,23.379124097096323,8.553262192722244,6.307581546538632,10.890460898735984,13.472633263633854,4.679982504137685,8.712858957254292,33.39175267530319,11.220005151578846,22.398201000799435
2021-07-12,2021-07-13,AU2112,AU,0.004295031549923056,0.0007937978349241063,0.0007192642528990376,-5.220615514911119,-7.315833924977689,-9.401014441850014,-2.491120329054511,-0.9248776083155317,-1.5837885364426052,6.633579130620507,2.545215238835437,6.852145452644728,4.1108016065010675,-1.065681014608899,-6.934981202338657
2021-07-12,2021-07-13,RB2110,RB,0.007940904893813494,0.008621533729941911,0.008517451261228265,6.89778641905195,-3.6692535902597747,-2.991628861744763,16.888602100578165,-0.17976833479323862,7.959023887457323,19.23640827493517,-9.7370117786878,0.8149653048514937,23.652519870628804,-5.5779005021679,-16.184616503647838
2021-07-13,2021-07-14,AG2112,AG,0.0007339449541283738,0.0011011195827182571,0.000999924332361106,3.9920841152255155,16.13945394392608,16.669672294724958,4.645420337437282,13.433789006608565,13.869418498384988,0.6666366741736591,8.963504992220905,7.226389791998704,-32.98192669667023,-2.071567757367558,-7.65031302499894
2021-07-13,2021-07-14,AU2112,AU,0.005884223918575238,0.000477339636208255,0.0004671385997270436,-5.805399620175939,-3.528755820428403,-5.763167884048018,-1.6101662997923922,-1.0497296535386162,-1.9027546814694363,2.9561596629031497,2.2653487807615926,4.264116047219653,-13.47165887671047,-18.49629045343371,-8.99547680421472
2021-07-13,2021-07-14,RB2110,RB,0.02235251007695127,-0.003134509803441058,-0.002582867616180467,10.401478673452157,6.622076127758718,10.131324810347738,10.123823215675008,4.764791336243701,4.270082771776693,13.619932903865307,3.804032541542837,9.382937613764781,8.981569838178306,-9.01752698560187,0.1420211364892322
2021-07-14,2021-07-15,AG2112,AG,0.003094284674189929,-0.010404401605191705,-0.010139352229663192,-46.17560120250594,13.580835750397107,-41.12945526664356,-17.274538628027557,11.001991485150892,-11.788591095382813,-27.83739541928068,4.789506556809951,-12.966535361580572,-12.29378639933614,-11.526486259772685,-25.2772828092229
2021-07-14,2021-07-15,AU2112,AU,0.0025688073394496413,-0.00402074396291723,-0.003994414291560523,-14.002350750112702,-0.7131047772266612,-11.841247453488064,-3.5064703127058143,1.5205271081981913,-2.498982967929453,-3.6754767764449796,3.2958861534644464,-2.123189013863894,8.734703140941745,0.8314576945814285,-9.176484163205954
2021-07-14,2021-07-15,RB2201,RB,-0.004882459312839038,0.00018492834079522185,0.00024162899777224847,5.007128155607473,7.475232102102381,-6.6659601396354375,9.376021076201189,9.381795317702,3.1609395210073443,11.226293017127391,8.799633878342869,13.250848916207572,10.898771272803252,-16.659123886606306,8.640854298814187
2021-07-15,2021-07-16,AG2112,AG,-0.00036409976333517946,0.007307303249685255,0.008273873692201455,14.800437333702439,17.665928038258908,22.31816905428698,5.783500358707499,14.227653607551716,12.846484565396727,17.824360794646807,9.050351963392634,7.053161466777508,17.976829906798844,-7.6083421616344005,11.425086296292358
2021-07-15,2021-07-16,AU2112,AU,0.0005245488879563887,0.005256253888827123,0.004976505666215475,-11.199682554094144,1.1990693960407386,-10.24195685541971,-8.33668199543067,2.054027851561436,-7.60884162471556,9.794702695106484,5.974807325504486,5.472407745318054,-5.357814885165581,6.400074457780505,4.301360711382602
2021-07-15,2021-07-16,RB2110,RB,0.0034296028880866913,-0.0021528533611010897,-0.0018794266365874813,20.125339359446393,5.582253035338554,7.803254587808359,12.704416876990475,4.7967330607903245,2.96151835270774,13.432257372074488,12.900361558065837,10.509919274309842,13.0841445163585,22.03541367193107,25.151969804854907
2021-07-16,2021-07-19,AG2112,AG,-0.02904109589041093,-0.003271540540614905,-0.0027556448302547545,1.8512058598978722,3.6100343649093443,1.797914632641545,3.500284398338806,6.043354153468592,4.9591077268282415,1.50683843239491,0.9420942859373709,-3.402907731423538,-73.89654326049562,8.013699012064453,-9.647484185109526
2021-07-16,2021-07-19,AU2112,AU,-0.009541784628289918,-0.003142350967416107,-0.0026810392782095076,-0.4050539765432335,-7.704377600788039,-5.932773353144393,0.9213486735607423,-3.000695086465626,-2.2748878816876887,-2.891302234745506,7.844698909868743,3.941181926705849,-1.4939208778029252,18.910832309656808,6.605424141669394
2021-07-16,2021-07-19,RB2110,RB,-0.0021505376344086446,-0.0010824464343939003,-0.0011305869491049507,7.885182055181588,4.1562917340890815,-5.188092058497075,11.638600569064067,4.686954280401207,1.1714039374392797,12.35717706596138,8.842230128338297,9.28175689682475,12.211438177081478,11.241005039494286,13.773437191534502
2021-07-19,2021-07-20,AG2112,AG,-0.007165755232887094,-0.002918112594171078,-0.00528633752202711,8.187239375966366,8.249005513210683,9.668799843695673,9.322064988871329,10.295155614977821,15.215316989837959,2.4241983626679047,10.244596378606525,6.826172570065784,-28.52432990220618,46.606419980096064,7.356819615513427
2021-07-19,2021-07-20,RB2110,RB,0.013205499276411015,0.0037705404218870493,0.003367877281646779,39.289681384889484,5.753616076706451,26.368570316587686,21.970499214163617,7.471019568818071,15.004724252562319,10.674153132000589,3.9874306508405537,9.310895358797673,3.469180371165976,0.8827389779364195,-0.5363739037760608
2021-07-20,2021-07-21,AG2112,AG,0.002466325175488615,-0.002448442696005975,-0.003035768645025631,9.29520085789936,19.8016403820599,19.205198314725777,7.091266502219335,17.46499295249556,17.77095683705284,22.45867392971436,1.0408814192505087,8.17139423611199,21.548068032933426,-27.63484235388609,-4.135405381008698
2021-07-20,2021-07-21,AU2112,AU,-0.008470145351877068,0.004436470781444367,0.004743600070024293,25.318776635177358,0.0762332774429435,23.431846552808913,8.816615206011626,1.628076914652218,8.01300813833184,14.127023607448788,6.625670186307924,7.1498309312431125,-10.609257659017533,5.2459376300065,10.564091875439692
2021-07-20,2021-07-21,RB2110,RB,-0.00855767516491357,-0.0072098365667497555,-0.007056651329033212,34.65983672041048,-2.917455495327779,10.60389012677085,25.919198571542886,1.939283980111349,10.187120657444598,-6.832569599431403,5.855116779586393,-0.022687154744917278,-28.12336107165318,8.400684734679338,2.5216170005289946
2021-07-21,2021-07-22,AG2112,AG,0.011240236235473322,0.0011389522871310764,0.0015303617640579285,-0.2500088068869104,22.623228679852073,15.059832040525427,7.550446826181584,16.336368445807793,16.681486044454065,5.160957520679034,1.0779388545013397,3.191555692118601,-13.699009273621638,-16.0756912538461,-6.910112191578565
2021-07-21,2021-07-22,AU2112,AU,-0.0005312084993359667,0.004821812277199269,0.006083291008342346,-3.200962134173176,-3.0651788716199206,-4.5243792146636785,-1.7415497474914519,0.16661608923295113,-0.7896468335566889,7.444873037513172,5.329213088145305,7.569855414026302,-18.206023531242472,5.727668988671536,-1.1743647913356798
2021-07-21,2021-07-22,RB2110,RB,0.0176576576576577,0.0014272972985047163,0.0011745969299228227,19.16055973603339,1.2304217672454119,-4.106855049630001,16.538962050854487,3.5682056578921175,2.9374287135852573,9.356142062349463,13.755527150449021,12.234263017282421,-0.5866821427361476,33.59097576790514,21.72498221346126
2021-07-22,2021-07-23,AG2112,AG,0.00888300888300897,-0.006645804389916187,-0.005875845938871386,-6.576944741825743,14.289540884847288,-1.3280762245913813,-0.7721052031583175,10.854844689386052,1.4492205512272545,-6.656277313925925,1.21552856421838,-2.927441459967165,1.8480630084877445,-17.40372772142876,-19.88121799416851
2021-07-22,2021-07-23,AU2112,AU,0.003983852119409326,-0.007356671353914547,-0.008017193254848525,4.6804109446591315,1.3597189257734321,7.046895056827264,8.16772569714205,3.714274740621661,12.006274428741321,-24.275657145467452,7.52669975339566,-13.375159274686775,-31.646613882917727,6.574181092930998,-10.606100813298715
2021-07-22,2021-07-23,RB2110,RB,0.0010591350397175514,-0.001980020447083757,-0.0025832690965858765,12.670391497783022,7.660714707804138,-5.8908932178346305,14.859357048973573,9.775071358155913,4.696555260341865,16.6678000027046,6.944492418314845,10.94848502037489,11.860575203797772,27.965834933729283,24.566468021828186
2021-07-23,2021-07-26,AG2112,AG,0.0022569117923640913,-0.0032078525479664554,-0.00320079360016797,-3.50626053287041,15.312837790564595,2.2313847668015026,5.100419799858477,11.990998546433259,8.121592508046342,16.553358825314493,1.311419278828703,5.940379766111134,-9.944588417600468,-3.2496142328108983,-12.33806122118841
2021-07-23,2021-07-26,AU2112,AU,0.00471823145841066,0.0005844690796278263,0.0005388459596948779,2.1334265736648828,3.0462050101734737,2.115028660164617,2.5216319379468946,3.1450300279088927,2.7443071566694384,3.7566403570592533,5.282094547859744,5.2092848995060725,-14.821298585800303,3.4612163951657844,-2.581842237382273
2021-07-23,2021-07-26,RB2110,RB,0.004770318021201314,0.0030053942890286337,0.002067973786608017,13.06505531649565,9.01385253318875,-0.5823092598488326,16.67351914108154,6.483678658116606,6.254010354520509,9.255107955700623,16.119185970743562,13.650870629964325,4.291064040786748,52.13815228094686,42.59550555738633
2021-07-26,2021-07-27,AG2112,AG,-0.0037523452157598447,-0.0039418164601309775,-0.0038908232342077095,-2.5000837055318144,13.591890093659794,1.2958955026711294,4.3237307290287035,11.423086365531763,7.23115677861583,19.148303518236457,3.62887366437938,5.9018338026969195,25.950029670008032,-10.185914851592548,-5.564378420298062
2021-07-26,2021-07-27,AU2112,AU,-0.007132667617689159,-0.002012499355231723,-0.0018522859733492811,-0.7004947229374023,0.3108301569899208,-2.0272395467313835,2.948272548975848,1.826261347599977,2.0417702436256278,5.713818332901479,5.5709931755670885,3.179381554178898,-16.801810083481282,2.4668160499225453,-6.663196311363032
2021-07-26,2021-07-27,RB2110,RB,-0.01179577464788728,-0.0019415768167994315,-0.0017475517064064457,12.795754103669397,0.9151064205152117,-7.813394394265295,13.599257028932605,4.089980744616551,0.7928907893859769,12.36300257665401,7.619336569142976,9.413665605676242,7.207192732318887,-3.393348919012513,-6.641505205697921
2021-07-27,2021-07-28,AG2112,AG,-0.006591337099811634,0.0001876348631078783,0.00014697810343105262,7.098951638754632,9.960545656624747,10.178257769392998,10.295228952051005,8.223560978110159,12.059945558660491,12.262542013548462,4.686780281543838,7.713644471817084,6.907760975557639,1.4722400368952655,5.277398379326059
2021-07-27,2021-07-28,AU2112,AU,0.0034337031167457344,-0.0013199927997021737,-0.0012037263713005125,2.0016540362400175,-3.8444905089334522,-3.888232857897364,2.946348822130285,0.8796546942133441,2.382352225478554,9.67646970225343,7.313650850541121,7.23163059718529,7.54517308551896,15.96364935376496,9.319289838229086
2021-07-27,2021-07-28,RB2110,RB,0.010537595999285498,-0.0012316355916026183,-0.0010874460713278088,9.226751696761308,-3.2886231089755356,-14.752902392167249,12.073613149720094,1.5457658635133695,-1.7520725467658904,12.190083378283244,9.80124865022154,11.265787854818896,13.406485870257523,47.9626647082482,33.81164777239193
2021-07-28,2021-07-29,AU2112,AU,0.00649590705043579,0.007316717864619836,0.008578886847031111,47.49112265562047,5.3515275550310335,44.36617388231833,14.49373641377656,5.509427713854707,15.597722381285774,23.930054857099833,7.969738353428509,8.899105799000655,26.306916240245794,13.239233962355046,23.76645912281887
2021-07-28,2021-07-29,RB2110,RB,0.016431095406360452,-0.0024973255933060014,-0.001975143733988405,9.96281933932988,5.025084024810677,-5.732118273537058,13.090033569338065,6.773243693493491,2.711163521410043,11.804217330175689,5.164089050233064,8.019360725595591,6.568969794543932,-5.24997047624964,-6.879456888121104
2021-07-29,2021-07-30,AG2112,AG,0.0018539117538005634,-0.004179337390305657,-0.004145671958102986,-10.271670481450522,-1.8717657041202926,-21.771285204579527,2.3830586384109385,1.4250758790802083,-5.72575966851294,12.281217571005685,-2.3143100456401995,1.2235659586896919,25.521938418609693,-20.202419266662222,-15.26284126556247
2021-07-29,2021-07-30,AU2112,AU,0.0015710919088767206,-0.0031637252858306925,-0.0032977204932831726,-10.109249161021586,-3.37812490864742,-13.932093609660024,2.477975796895846,-0.6278598169301226,-0.4680019022362556,-1.235298817937614,4.186354325961579,1.4544821754255903,3.8556655071803996,-1.0548602565293534,-1.330920912301517
2021-07-29,2021-07-30,RB2110,RB,-0.004511539128925879,0.0003534193357162162,0.00026109460926347395,12.53822006423743,-0.07607360276809061,-10.692998470185964,13.749176146083634,3.785884304757361,-0.534648684159988,6.633134656575331,4.907911326203645,5.884952804568609,6.184129416169398,-10.301773160558302,-4.472873810696601
2021-07-30,2021-08-02,AG2112,AG,-0.002407853306167773,0.00520447271410588,0.004681581220048472,-6.112946593564423,7.998717045472132,-3.563742038875654,4.932469095829744,6.271234222042954,5.020127604026387,6.0179477685001785,3.3126202459391267,4.9720267514190075,-7.772099937786994,-0.2953489296970059,-6.108010656271405
2021-07-30,2021-08-02,AU2112,AU,-0.009334032511798651,0.0019395597514828358,0.0016641981528815928,7.857362842344983,-2.6539805236297678,2.9909359510565907,3.2246074371626743,-0.30946012462383354,1.0031522763321332,14.16669475967458,8.09481841547636,9.919428001610237,16.70909101567926,19.001393037704993,23.34054402215334
2021-07-30,2021-08-02,RB2110,RB,-0.047334154495864866,0.0017367145733729807,0.0017052642114477883,22.810855425204995,6.69407128453797,7.026476544653393,16.709075594274417,6.71577350551883,6.97083887447467,9.66569084100919,11.528617211470124,11.029182528723755,1.8283486500149952,7.634233234972963,12.67832578306749
2021-08-02,2021-08-03,AG2112,AG,-0.004845322400298224,-0.0009256688618025146,-0.000845421056102318,3.429160535017922,7.058309009311477,5.776058723930753,5.096317527834442,5.643499132450269,5.913870062529655,14.88060182274587,3.9202306521437995,9.103746043730574,14.51938383010525,3.5063940497019157,-3.56370511229367
2021-08-02,2021-08-03,AU2112,AU,0.001006782534972439,-0.0028799601002718485,-0.0032696458363738593,-15.609793742939667,-9.0251741536223,-20.53346092684729,-2.1785276843313577,-3.78257271955769,-5.285328761467118,-5.694886159980495,-1.5944006937730635,-3.1281985884970682,-8.599725226561153,-5.711312086352836,-16.480408476422177
2021-08-02,2021-08-03,RB2110,RB,-0.02851323828920571,-0.009457163304749517,-0.015991337992811588,-23.25657976458298,-6.007860538431599,-38.5273692409518,3.5818745196444963,-1.1551802911889464,-8.39369608801373,-38.71419313534833,7.912604818059673,-20.030962960630482,-79.33828673913146,12.286044703225393,-54.38359903435249
2021-08-03,2021-08-04,AG2112,AG,0.008943543879262217,-0.0037202423859748154,-0.002984780167133614,4.9030708334514275,5.5200877691893515,6.206736724618671,3.1803817425136263,7.3237163633371205,6.680620625630145,8.468641643398499,1.3260023245879986,-0.5538493461061347,-26.08682144606115,-4.051503735057079,-5.745474882442078
2021-08-03,2021-08-04,AU2112,AU,0.00042272126816378375,-0.0010592099284966602,-0.0008435544638261586,0.8691192777564716,-5.586090811554829,-5.434597903624917,1.8957034230853553,-0.15938459791370807,0.5549880943644405,9.754999742547371,6.314075731340088,8.85391594808623,7.943810326062022,18.751419938887803,19.179020807319525
2021-08-03,2021-08-04,RB2110,RB,0.04522805672671515,-0.002404069581355353,-0.002557185436065772,17.3326092597266,15.23596845288187,17.062897414866416,14.573867681602074,13.314863141639233,14.4935033200289,15.457909281306117,-3.8583298700379314,4.966915616411692,11.832871242982437,-38.843671072790656,-35.71536730779843
2021-08-04,2021-08-05,AG2112,AG,-0.01851173020527863,0.0050434402225882635,0.004152407802779776,10.89749044206091,11.086536853112081,16.531618044502707,8.503920646040728,8.921062764151387,11.085524832835468,12.200896235898066,5.030003684392384,5.89782938771007,-2.106688634223095,10.138663699815687,-4.044065961821666
2021-08-04,2021-08-05,AU2112,AU,-0.008445680113308374,0.0017981811487972727,0.0011785217469429147,18.58221103941448,-2.1777356785998414,14.449592373054497,7.028422290716277,0.16645719076292753,5.357459920421571,7.018159203275694,4.6707636136662245,6.756924233563311,-3.3100793175968337,0.2332755769023349,3.2962154514323396
2021-08-04,2021-08-05,RB2110,RB,-0.014851485148514865,-0.0055422979900380046,-0.005906310457443287,13.38977249071802,1.168565013382798,-7.633171747103134,11.613348843581342,8.390079466856037,-0.671748147455407,20.95755395628984,-4.026161746651461,6.231848250397446,40.64290205360021,-24.764952637661544,14.078196612363145
2021-08-05,2021-08-06,AG2112,AG,-0.010999254287844873,0.0075430400882071464,0.00838295405052766,-21.376678927496386,-1.5511652383197063,-25.413894034760737,-4.900570948634448,1.4889979812843537,-5.7315889775873865,11.555555457100239,-4.66206246522366,5.087146676118288,10.051547058278567,-28.70788250738712,-10.884440380348652
2021-08-05,2021-08-06,AU2112,AU,-0.004976441315051039,0.0068428522616273985,0.00861666984898966,-23.45863560382606,-1.4866192730096461,-25.038644611698203,-10.522700912255274,2.8246276305266083,-7.573254949238925,24.882779012105306,7.055547535991877,12.129476507169521,19.00774559776814,12.06092030388206,18.401045026240848
2021-08-05,2021-08-06,RB2205,RB,-0.00435441120787583,-0.000561429789239453,-0.0009607642443709945,17.699763284715857,27.35713839240367,28.93407088248663,14.098547361879646,23.353565150160016,24.379091826392877,15.190031723085045,13.069439561558681,18.48390458060787,26.594435341545164,26.230180841257727,23.340882450835544
2021-08-06,2021-08-09,AG2112,AG,-0.020721412125863425,0.0016792615197199939,0.0015725868825398489,6.995166335320405,8.923911649734544,9.884795200059656,2.8531085543185366,9.36069755210241,8.960965879938726,7.705336361663553,8.325285450541113,9.911945093277582,5.093236660862648,21.620065031422673,23.689344340229425
2021-08-06,2021-08-09,AU2112,AU,-0.015934539190353036,-0.0006879945231818626,-0.0006658227246499661,3.5698631693105862,0.3828909400841827,2.5218054835742745,0.6405591974844862,4.49780474184036,4.989488094137114,12.222695276019904,-0.3520590889568778,5.89584085845021,9.590661587150349,-18.415241108573213,-8.071083216369423
2021-08-06,2021-08-09,RB2110,RB,-0.007448789571694592,-0.0024224366639738247,-0.001785645774462441,19.245551099578268,20.487591460402676,20.773760130815425,15.170305228344255,17.459737635468116,16.191386432647548,18.1028474283769,0.6113614542705492,10.119791708675523,-1.922571611222135,-27.90908753937037,-22.60760773318506
2021-08-09,2021-08-10,AG2112,AG,-0.0013768686073957204,-0.017686112803347778,-0.02958309677074137,37.65302591391305,17.579269528618056,29.53512379101403,3.0599598361465166,16.83681167272338,11.749478312981518,-30.449493392251377,19.058014530195734,-13.700572359960354,-31.591882993765665,39.24122464183694,-12.012578816313003
2021-08-09,2021-08-10,AU2112,AU,-0.00263100197325139,-0.011720452060605579,-0.021067833564021934,57.345885668924176,3.8947077364880536,44.57258565687064,16.813878879666184,6.963822016093613,19.599093390361915,-29.598758291660275,9.118061270085548,-17.333600805304865,-31.591882993765665,8.33798385290451,-41.73732347231168
2021-08-09,2021-08-10,RB2110,RB,0.014365671641791034,-0.0016745747703321883,-0.0012872888584229436,19.916008300404364,24.142000100142432,26.87072087590756,13.435301432795406,19.407315833820995,18.525391348764597,16.342553551359835,-1.7078313861940175,8.833916219081285,11.07207899825459,-22.985853250156723,-17.132441710463272
2021-08-10,2021-08-11,AG2112,AG,0.009964129135113575,-0.003926192715281133,-0.004702348629234182,9.7692821454458,19.55424796227434,23.013438506076966,6.278841583842228,16.50293352925923,16.207792836959186,26.23356045785895,11.281794471212356,9.646858533865187,39.01652807570009,14.342033337759913,48.03718636407181
2021-08-10,2021-08-11,AU2112,AU,0.0019293313488781827,-0.0019713071765500097,-0.0021978683909533456,5.667432226033334,7.992314020283045,11.720527719144382,2.489986755980179,8.673636762748348,8.986733883804067,18.102992270457786,6.960323296229672,10.610818790762528,18.651096369215065,-6.204231868883549,4.062561455605758
2021-08-10,2021-08-11,RB2201,RB,0.017636363636363672,0.005973510389051142,0.011555020154187813,23.23520391515877,27.949736323455646,30.57284907173672,13.878529180146895,24.500290634315732,22.279360511015103,15.054999609989704,22.542090689517213,22.33151782697804,29.6439493239065,38.14581940944943,21.437128310607864
2021-08-11,2021-08-12,AG2112,AG,-0.0009819324430478948,-0.011689088021026705,-0.011543379426612618,-14.755187447255482,22.459974748915773,-0.37517196014353615,-5.9301258378790225,17.676196806320768,2.357432935570067,-9.74447492968274,14.361790956094662,0.3841357320669608,-29.980326898730283,-2.9351562708912944,-12.67336694488725
2021-08-11,2021-08-12,AU2112,AU,0.0050917054475774215,-0.0030272197485721646,-0.003073093795862014,-2.9564406143598205,8.977209936123005,5.077637334171339,0.2336681403206251,7.880719008149476,5.083760305667756,14.18867071938049,5.858997748970862,8.447458319396643,9.567080084600772,3.1143493150267614,-2.662458843382185
2021-08-11,2021-08-12,RB2201,RB,-0.021223021582733814,0.0005456033599018459,0.001120316139715988,7.555437875725196,21.707359501194418,16.918271145764592,10.381368838892769,17.978820361051937,15.959609140238708,8.809803936815985,14.333128236065425,17.82381265059286,4.712135702505663,32.28962925773736,40.184071268133195
2021-08-12,2021-08-13,AG2112,AG,0.0013784954706577146,0.004724418236267424,0.003714881470650679,25.37350003675349,24.50594414153352,37.53118211002383,17.080654389513604,20.076947322692124,27.817957767112503,23.281580748055273,10.561989463558719,17.395677477613948,7.308486985219446,8.943222024982532,17.406180486119556
2021-08-12,2021-08-13,AU2112,AU,0.0046404978981275935,0.004884617708505023,0.0047970763200648105,-0.7714544205965117,8.494342038191004,1.4160046100062536,3.105379613700508,7.634981224556962,5.871599018157084,5.246508991474541,3.6054599358117048,5.0636441407075,-14.675111896966293,3.1247236421593874,2.3625296616748797
2021-08-12,2021-08-13,RB2201,RB,0.008091210003677851,-0.006632631646731496,-0.016248457830994347,-3.8554513805572697,25.8009680039578,20.080343628080062,6.532343078402776,20.760345580904463,20.880441142287868,-30.591867325509817,26.098862235899617,-5.36790548960282,-88.81038639511635,59.30903026976537,-17.984969572508824
2021-08-13,2021-08-16,AG2112,AG,0.003730610642057819,-0.0017707825581412399,-0.001516564067537448,25.768854097946196,23.893897532029662,40.46361931504236,14.04379663123892,17.969701192202486,23.803185699966647,32.801292675853006,17.508922686024697,25.641329631285547,29.302246389599404,14.208469661133114,49.207364274637555
2021-08-13,2021-08-16,AU2112,AU,0.00607046070460715,-0.002235856418819489,-0.001773119760181532,-1.3341524681203616,4.221396946678254,0.37838322404720337,1.8538307075423424,4.70729598854161,3.286287340633575,12.35645624465926,4.559430734385199,9.283019048111552,-8.614711748483437,-1.3151559477382495,-7.449879756162444
2021-08-13,2021-08-16,RB2201,RB,-0.027027027027026973,-0.0007352941507756104,-0.0017429514488914956,14.99422524511421,30.266581325081482,35.781728176156946,12.630307176122198,21.783631846393998,22.152189567296688,14.13225888265084,13.409129237342132,17.979134155473094,14.2957173882514,-7.383260857574221,20.54328229908922
2021-08-16,2021-08-17,AG2112,AG,0.0011691348402183,0.0015720184019442551,0.0013606506579760078,-1.6465727665086547,16.073598339260485,8.389433216884235,10.494205292857039,13.995681231577478,18.23681324966415,10.983891075601141,15.18713329848837,15.399430661855568,15.213064177729766,11.247969859345451,36.75461658654732
2021-08-16,2021-08-17,AU2112,AU,0.0080640825762055,0.002605016126366643,0.0025221257963763265,-11.836111224779428,-0.14596579689789557,-13.34317682165558,0.29976235215447655,2.6694843212891763,0.6878028437776686,11.598065821126884,2.2091475911767446,5.933562316481719,10.263608013043271,-13.870632433455652,6.5945161920312545
2021-08-16,2021-08-17,RB2201,RB,0.00697061039939717,-0.001095090454391641,-0.0032559632402152762,13.28538446394091,26.00732801671797,31.694287750243774,11.987077506885202,20.04906186630515,22.074056343813364,17.321193493246824,25.651992527034746,23.982901985207327,12.745432612571722,3.37557741698238,35.570250946418874
2021-08-17,2021-08-18,AG2112,AG,-0.00019496977968413987,0.00390472967815626,0.0027765300666689166,12.539890936511387,8.550479092645391,14.93934564475314,10.372074842385448,7.897629198086563,12.642427273607186,8.644422017855726,4.9337932902920745,8.657405380135625,0.6105539022268848,14.687953577397474,8.44992678089749
2021-08-17,2021-08-18,AU2112,AU,0.0025102814719863975,0.0020988625416126345,0.0017577177824592732,6.709589378728765,-6.918258018550141,-0.4339665495644702,3.230386669331035,-3.154817912491948,-1.5410733048727847,5.638193400408874,1.9138855400178565,5.398591390463857,-5.5762498047927185,-8.385818576396174,-7.026817669495102
2021-08-17,2021-08-18,RB2201,RB,-0.03742514970059885,-0.0037608167681269355,-0.006092432101370567,15.12132981843765,23.916705705713994,26.77573112103652,11.94044929477788,18.400799407096617,17.33347203577192,19.837729610650438,5.259113236797537,11.20274561440333,47.69944380419552,-28.628234957043475,37.44286333931952
2021-08-18,2021-08-19,AG2112,AG,-0.015649452269170583,-0.001753190280560423,-0.0013605280884344988,-6.6808337037806265,9.430052676670602,0.3797780682247609,1.9448095630346796,6.727157892601716,4.737491232864169,15.246959017227542,4.2654829910226555,10.395779505556973,8.597102741172964,-6.906353183299245,5.253363096472572
2021-08-18,2021-08-19,AU2112,AU,-0.0016537743398239435,-0.0014943697075658587,-0.0013871987120604612,-7.311560858773868,-6.313224455619505,-9.597001984991985,-2.359757738343931,-4.087160663502601,-6.097274320662842,10.154973247661271,3.6076047430520735,8.816837466056846,4.320009775343879,-4.473971049359574,0.8488219879953156
2021-08-18,2021-08-19,RB2201,RB,-0.016274509803921533,-0.00018710824266399305,-0.000524410898984694,23.492134889118738,32.87120763986225,46.200872450465,15.912998158876157,27.192474713982925,32.706520043975054,13.866503155876067,28.68298396299241,28.91392034542949,11.565270970930989,21.67843218197989,40.46493994383686
2021-08-19,2021-08-20,AG2112,AG,0.0021860095389507617,-0.0031250025431352776,-0.004231467716782092,-0.8978256604980857,7.975211946998731,2.6825158512551344,2.0310649897106456,9.417949097443472,7.963722063382924,5.47777880537854,12.871202597894182,4.318775810027266,-35.07400380712522,3.8010502490833655,11.018236058189064
2021-08-19,2021-08-20,AU2112,AU,0.0016538625693556241,-0.0013328004105420542,-0.0014210630856637725,0.44965931719036245,-5.632555792476493,-3.159483696161873,-0.7562586580645858,-3.1164159277090207,-3.9948334071514706,10.144216116702166,4.474989452544969,6.866119934258722,6.761343988183899,-7.323106713220475,-0.17131347330784907
2021-08-19,2021-08-20,RB2201,RB,0.030303030303030276,-0.008590447205038133,-0.025488525482258117,7.732053447697103,47.56754375051682,38.12024581230497,6.031839916513629,35.428229681037436,28.41005812052208,-0.31847602870942554,45.080329264050995,22.455790575991664,-14.111415228909646,79.76208873119255,54.82013050256214
2021-08-20,2021-08-23,AU2112,AU,0.000961230374879829,0.0016017943517732773,0.001480639590290022,-0.1983847502805851,-5.557125204394536,-5.659074685882407,1.9261349417161933,-2.8142484699158494,-2.3282071683741927,4.497805090968006,4.1895115852480505,5.4563631536234505,-4.126880996761931,-4.345537414575657,-2.642684220494597
2021-08-20,2021-08-23,RB2201,RB,-0.00039184952978055243,-0.013444568921516983,-0.02798550318182984,-2.0659405057207483,23.136284555558788,4.305760296880333,5.57193736204311,22.908807469176544,10.792816300572571,-0.934323745939173,35.117884642735234,16.002824832548157,2.1716579854030753,25.13670135558486,48.34832983978229
2021-08-23,2021-08-24,AG2112,AG,0.0035447026388342184,-0.0037747139286906824,-0.005269019977887891,3.44771050891109,13.080254496614545,12.67658027222101,2.2069680096943545,10.527419201062859,7.55038198723047,11.039313635218212,8.44131365054179,4.118983350540606,4.725748845003638,21.880378917788626,11.603024579498726
2021-08-23,2021-08-24,AU2112,AU,0.00121944753724601,-0.0026132651335010926,-0.0027559223498827322,-13.410287760494077,-2.995302218021811,-14.536777206092436,-3.6485831447405994,-1.666311972842438,-6.20174995906224,1.9293305424691836,3.917386770089669,3.4684784578382604,-13.42057098626678,-6.741700625034782,-11.854649687006546
2021-08-23,2021-08-24,RB2201,RB,0.018680677174547577,0.0007840063122086221,0.0013545691308485574,17.38088546094267,39.251711833563135,47.669661602569114,20.614732664919977,29.85003941674527,37.361535574695765,27.654014928244845,24.968874734033765,30.98550637583991,42.273442611418076,12.578026954468958,25.823543501556248
2021-08-24,2021-08-25,AG2112,AG,-0.006431494835314799,0.01168677260969001,0.010426359566566606,16.048993518995527,15.081258029466772,18.03514826624346,6.205826215346949,11.034360444421853,9.575689921920075,11.053090444760207,9.175139445141609,7.272433112274694,11.751814638744895,7.698647619462398,14.25534567913192
2021-08-24,2021-08-25,AU2112,AU,-0.007558139534883601,0.006222596863539181,0.006479052550979962,-13.950951834518007,-0.08753326821174223,-15.074853058344962,-5.898542349529204,1.2028776584385037,-6.410155267074651,12.025386463265999,3.645010982006883,4.899053034411026,4.333272661885656,-8.06994408795928,4.876314812027667
2021-08-24,2021-08-25,RB2201,RB,-0.0005726283641915852,0.007225888290472877,0.01072314566388918,35.436465769308604,24.742398141726817,44.89484656192699,26.579565140387473,19.556688995245207,30.408234703777474,14.964644873382273,17.723834938067917,14.916865752405654,7.37703653067743,37.6463020616482,40.50766816993707
2021-08-25,2021-08-26,AG2112,AG,-0.010924697619976609,0.006844653689965499,0.004966512172817504,-0.09838573437823683,9.676724077694248,1.2464685718189727,0.48333675643587437,9.379790674928017,6.177226468617767,3.8835914524583472,-4.093519870890376,3.9041390434517385,-6.675703803746444,-40.47966532408365,-21.009880128150503
2021-08-25,2021-08-26,AU2112,AU,-0.00590143016640976,0.0019045609396918053,0.0017732288610549957,8.70318264509339,-6.044930039305418,3.216467260279294,3.4739445804612283,-1.077131275023854,2.8492113130051866,13.612042404796222,-5.446748457299896,6.285035392041715,10.600662093293794,-31.93510487616504,-20.480159057554733
2021-08-25,2021-08-26,RB2201,RB,-0.02145593869731799,0.0007637961035823837,0.0009076527913783703,16.91354271434649,24.89115785973204,33.89671531793157,16.03798321197695,18.436616087622006,24.138556465089124,8.441810854000266,16.05778010128022,15.451477547827274,-14.255313095832458,-3.376318060278527,-10.624863097669046
2021-08-26,2021-08-27,AG2112,AG,0.009702970297029712,0.005477321987955714,0.004341039576641854,3.381945625269669,10.000662754800949,7.32646667589713,-1.8296875853296042,9.828226972114985,6.109423426446432,-7.02008482186997,-2.798255434331047,-0.14133534526634278,19.411067608167688,-22.4528744096911,0.8812074457552398
2021-08-26,2021-08-27,AU2112,AU,0.011675860960848272,0.0017027620779932408,0.0017856416591765865,4.329177976518185,-1.5410125475152974,3.5336896995994778,-0.11886741460305394,1.669587570628452,2.3204800667654917,5.775267051797043,3.1647099142268647,7.302230007873356,-7.629308943948836,-1.1750748171909908,-4.902911314452717
2021-08-26,2021-08-27,RB2201,RB,0.02492639842983313,-0.0030604461531060934,-0.004536256369364754,3.4604803073757546,6.67397170231436,7.437941024668904,7.833907064797365,8.576361967180414,9.036515812669375,20.138395041931172,10.371785132736242,14.980941197746073,50.118436118776344,-10.631714314248427,18.81293477575566
2021-08-27,2021-08-30,AG2112,AG,0.010820381664371492,-0.003952574315823358,-0.003775967890686989,7.507791039583749,6.576131295605614,15.425857619532584,2.482857002623488,6.491415008935876,7.036378604635422,0.22937308376661653,3.94194851836875,-3.4112165015738274,12.389648151315644,-1.1107006221926004,-1.536660031328716
2021-08-27,2021-08-30,AU2112,AU,0.005197836002970302,-0.0014450482859251414,-0.0017275344956741313,-1.3474443799789597,-4.260467099327103,-5.2880638523612316,-1.1157987729881862,0.15975431777150284,-2.3497855447380838,9.990091502482564,2.4147751064091185,5.2516051931504775,-7.922450192236346,3.690209338947661,-13.062823799491069
2021-08-27,2021-08-30,RB2201,RB,0.021365890881342997,-0.0025482714956047057,-0.0033851297578537712,-0.3346540642900262,1.9902108403449787,1.7671974293670587,8.76423428491069,5.689280875456178,5.326262260655678,18.762615750075806,16.524221146262615,19.456337042072814,53.61081383403884,8.336512417509681,37.528574898337006
2021-08-30,2021-08-31,AG2112,AG,0.004271844660194146,-0.003142803608253265,-0.005167910793629113,-9.053701219257254,-1.3006303153673677,-7.099883562009985,-1.1774820006124438,3.389939680965065,-0.06577507256000992,6.000660838996117,7.835199981962548,4.269179568317896,-27.551340862171045,-11.657982552867528,-13.628835392337919
2021-08-30,2021-08-31,AU2112,AU,-5.278994879387433e-05,-0.0018546490757239882,-0.002955375008174621,-10.021753323865275,-2.705693214383462,-9.281269384780574,-3.0916040798784445,0.43208042716804407,-3.1486412660426053,7.89756589229083,1.3014651812480276,5.562412700088696,-9.010869964102922,-7.018183249610723,-4.417917423837614
2021-08-30,2021-08-31,RB2201,RB,-0.00988621525834732,0.0038226346242775924,0.00466610908308816,0.28310008171724377,-1.2044260400392304,-2.926136009290305,10.049907609075515,3.9246806251967206,4.283727465998764,10.69559362848791,23.643970280932912,16.23600881454414,-4.982323837918569,52.17113066354077,25.487308141130733
2021-08-31,2021-09-01,AG2112,AG,-0.0060287825748736035,0.0023328159879528513,0.0017819514468761784,7.815864182782785,5.580151941110444,13.004040376064967,6.371224203893354,4.073797702395276,6.986891564698527,7.121219908920974,5.399636956458978,6.5693203440279895,-14.65789730911915,-0.5483849699688642,-0.2696270938320363
2021-08-31,2021-09-01,AU2112,AU,0.004451038575667754,-0.0004749967103426211,-0.0003689447550117171,7.276170719451641,-3.55935960161975,3.7158058451984832,2.4960323457470377,-0.854995846256652,0.5539363271471744,11.240218832788544,5.257272643818677,7.489274047975011,14.801804903279002,6.245591465596965,2.424826641368124
2021-08-31,2021-09-01,RB2201,RB,-0.010570026425066104,0.001306579747239937,0.0012829348293095654,17.240403579868627,5.93132245495631,15.654509941403182,12.00785865592892,6.017208781304654,8.939384087935297,9.839257224453261,-1.5932867587358885,4.00059487162124,2.1690954926406265,11.066160172483023,26.966076735499243
2021-09-01,2021-09-02,AG2112,AG,0.0005810575246949501,-0.005817352065913314,-0.005636444684201578,-14.932344074252418,5.907978506469962,-10.495673368083745,-5.707144032373827,6.201025549826482,-2.7276954969592735,-19.461910026065087,3.6303883533843586,-10.04103708909083,-5.664772786931733,-9.962022250029518,-16.565632209936457
2021-09-01,2021-09-02,AU2112,AU,-0.0018965335581075937,-0.0037023366985356656,-0.003888111129585234,0.04008451397150825,0.07381708581916158,2.6053285297001603,5.022966056427085,0.9942065331774144,4.465571691340204,-1.9561535102948662,2.993207283660626,-0.17416786542162158,15.28029205878487,-9.800127759805394,-10.872105342867266
2021-09-01,2021-09-02,RB2201,RB,0.005338417540514673,-0.001885725620083105,-0.0022769901280900898,20.779148990028354,13.8743731467969,23.55932707514507,13.812889749328278,11.617187595300638,14.641463880960888,17.249084760738672,9.094032002290204,14.629968864456902,22.224786228658264,26.74809443859917,28.60146463632978
2021-09-02,2021-09-03,AG2112,AG,-0.0027179188507086005,0.010122726111369622,0.008627616795711349,38.41149125976441,13.133061253744284,43.02078337465294,15.597748416453083,10.134913325194397,19.74692874824433,16.815834756598935,7.818219427575909,8.981219624239657,30.07704794014408,16.519176690307233,19.16339803579786
2021-09-02,2021-09-03,AU2112,AU,0.00015852885225120517,0.0013706576029584457,0.0010661898711983296,4.7310453036699425,-7.343022253646845,-3.955074927416062,4.482559905756425,-2.854396735662231,-0.2323647371219355,8.0612835145002,5.172928338225886,7.927284413098779,0.4557767174787869,7.013754782663723,4.931864428525198
2021-09-02,2021-09-03,RB2201,RB,0.02716049382716057,0.0005721369470458573,0.0008299917061081762,9.736821742535719,12.532679074519006,14.941189909062077,12.38127780293328,12.076664236499056,13.85415969237457,6.8965906307317875,6.10192118904158,5.377190869676956,-8.371568709369408,31.798340487582266,26.590689586480217
2021-09-03,2021-09-06,AG2112,AG,0.01827977679430437,-0.0029078240902005548,-0.0022530978095670856,-6.213217112302946,7.973329618163932,-0.3854071948033244,0.18023045846988683,5.826727272842252,2.609489934164187,12.83331483823755,5.30097605021458,7.994628400266659,-5.701204701585946,1.598950871148565,-2.6989502796773235
2021-09-03,2021-09-06,AU2112,AU,0.0028430030535957496,-0.0011618696844410646,-0.000903224114713279,-2.2186281221542803,-2.8739581062498196,-5.689901351545492,2.4815032228997937,-1.4378142045120672,-0.9526679338076471,10.154618842288825,4.894262879480108,8.500506304206057,6.611622706172832,-1.3648384375307825,4.837032036755834
2021-09-03,2021-09-06,RB2201,RB,0.009964938180476057,-0.0015183149623939067,-0.0018324022382236274,8.435792383914134,-7.112297571971167,-9.789318953869957,10.534230034847912,2.075425555407981,-0.6045551083750684,13.514733707607263,2.290367945325082,11.556086977786622,12.471213202113418,-57.4049484172009,-19.251590132090026
2021-09-06,2021-09-07,AG2112,AG,-0.004553215708594238,0.011612284541173988,0.01574422563644178,-21.039764295848464,10.324369918387697,-16.948286652467537,-4.474329779753423,10.64092081860471,-0.8414567097978445,-0.9396868805920423,6.995438628639925,0.4942988957999239,40.39669391857555,-4.914451358762294,-2.340669385434642
2021-09-06,2021-09-07,AU2112,AU,-0.002576235541535077,0.0035336657639784856,0.0038795972373671657,-8.651173077514635,0.04731132660325166,-7.328996473211605,0.6631733927624675,1.7210377688803078,0.7781889178912493,13.717794049027473,4.496243653007188,8.415634162952987,15.866484086678431,-8.838107405026035,1.727401755987405
2021-09-06,2021-09-07,RB2201,RB,0.002554744525547381,0.002031957843314275,0.0021881724185267406,13.61409880507233,5.382557336085788,8.941963896065518,14.765917509405554,6.328802632234979,9.01158746375434,8.699366346553226,1.8764433363008557,6.426561727925478,0.3479203764341169,-34.02747301145243,-25.19103720141434
2021-09-07,2021-09-08,AG2112,AG,-0.0045977011494252595,-0.003976148379639406,-0.0025056052655459196,5.861904735767026,-4.677382910526973,0.4203607257777531,1.7704344710281115,-1.2351690372107047,-1.6735847551845202,3.3886523066143055,-1.0395317668359303,-0.6756296640730525,-14.437675386071318,-7.701576615430118,-8.22466405547921
2021-09-07,2021-09-08,AU2112,AU,-0.008147286001481402,-0.0014710520673173772,-0.0009018328042967664,-0.923905654032465,-8.315262701785533,-12.337688967158941,1.6490085622934911,-2.8282780287890894,-3.187689942625373,6.774466009219755,7.179058046346414,7.6008133790203765,-3.757256238131806,12.130353103895423,6.777907165324904
2021-09-07,2021-09-08,RB2201,RB,-0.005291005291005346,0.0012781887981431711,0.0011538907238221306,12.917294358156513,7.352105372443309,8.664407177726924,14.34691387564859,7.683840210239547,10.090367413984241,4.615539355126391,6.6258129010245135,7.010348096630064,-11.226227722775628,6.9730921283190845,-4.181222624662356
2021-09-08,2021-09-09,AG2112,AG,-0.014663322400154333,-0.005159082810027336,-0.004741626076904819,18.7995989513676,4.576804984252995,22.041226874442135,7.169864811944984,4.864310946958968,9.477762248181845,0.9943568476403607,5.387388543173389,2.1487626245582976,19.269343006895195,23.379620584926613,12.235311818906718
2021-09-08,2021-09-09,AU2112,AU,-0.004693834008960951,-0.0036437607975439187,-0.00492495392565305,-3.158395301890396,-3.086135695397216,-6.852158589752669,4.129716837779283,0.9170949528771475,3.9363271223610075,-2.367103442692614,2.5151521909733825,-1.020105843704742,-2.8324392425712572,-8.261690840563508,-6.334780202224906
2021-09-08,2021-09-09,RB2201,RB,0.03818746574091003,-0.0023690216091028166,-0.0022623525149103665,5.8275078480195255,8.991877188651483,5.181357905269563,7.423828511879129,6.805340933622993,3.6862666877194257,16.234256558588303,5.3511249997027095,10.593446833337692,24.489700487598547,3.8117816546892223,20.366587739982368
2021-09-09,2021-09-10,AG2112,AG,0.004077669902912584,-0.002505059600783562,-0.0025898077308360106,14.084928337089224,2.9211143752488837,13.415455463596615,6.956112246937921,4.553713325085738,7.369576002057087,6.412961245462348,-3.3572551399068438,0.7899239324581987,-7.7410904581567745,-7.442211004856481,-6.2770359403499825
2021-09-09,2021-09-10,RB2201,RB,-0.012605042016806678,0.003844398327494927,0.004557821630415956,16.58263497033436,-9.446325113179517,-8.286426603203324,13.854874857020778,2.8783946651337446,1.4040296789813311,12.770061640552136,6.306500289080761,11.504024342487243,1.579711908884071,-31.117170014280653,-17.381690739664524
2021-09-10,2021-09-13,AG2112,AG,-0.017923241768945997,0.00838456701013782,0.0073248794097896105,49.93375295079855,11.953447982268719,52.403424138347084,24.94381529026265,8.038818641817633,26.442649983470115,15.267241052124582,5.412036811369923,8.341330009790354,4.562778368130167,-0.3474486139616235,6.00766124204361
2021-09-10,2021-09-13,AU2112,AU,0.0005896858582610243,0.0008570816894928291,0.0008984580562788674,5.67181366286733,2.5789421085608906,4.069418014715046,4.008659784151437,2.6276457674990095,2.9237444211993484,4.102277731396264,4.908640430811723,4.110858442356896,-15.431764775387041,1.4347861232816994,1.8430589296339424
2021-09-10,2021-09-13,RB2201,RB,0.00035460992907809796,0.005265941605287048,0.005051069631670649,4.068410926033814,-3.8114477231343216,-6.394525789960284,11.26273393069615,-0.29687670703482016,2.2962214503169776,22.545399784465783,-10.108810663465144,-4.731030136777628,26.07942551230782,-2.8379025043859967,-4.858953011338629
2021-09-13,2021-09-14,AG2112,AG,0.011191047162270262,-0.007375809835918331,-0.008293736948862818,0.08558310584703577,6.933655858070272,6.045195776460279,5.183314806549096,8.50699741489964,11.321907454707006,-36.92752946582586,8.177147519747278,-19.50458889086329,-69.61258259406274,21.55388420311277,-34.61142830398643
2021-09-13,2021-09-14,AU2112,AU,0.002574692914230514,-0.006465597345526746,-0.00645732954785956,-14.096625542498375,2.670059182979524,-14.59999403133727,3.3376652135005154,3.5555717157228384,4.666122518906283,-10.125924251486918,7.579387042925236,-2.6067487102364657,-28.566500495170438,6.574181092930998,-15.054190365147738
2021-09-14,2021-09-15,AG2112,AG,-0.004527559055118147,-0.007366882495829045,-0.00674177133840695,30.299957281462035,14.97625494547675,28.19492786501037,14.283697147091083,13.45244633578901,16.74955116601741,0.46926828783029256,-1.8722795333958209,-3.8614629192286407,-5.503907391052612,-20.520955972549643,-18.42372327643437
2021-09-14,2021-09-15,AU2112,AU,0.0018175014700378966,-0.0011793718532226475,-0.0009040326389217569,4.764147228477628,1.2497510158560363,1.6436365858142024,5.493683044793452,3.6717546059568167,5.511196679888086,11.18798806811232,5.650365243522807,9.130237258561904,8.255415890229758,3.79877667493835,6.485849879345087
2021-09-14,2021-09-15,RB2201,RB,0.0036376864314295876,0.0031852796352870674,0.003969431245539763,21.65648453865699,-1.5449073610098267,10.506175208366265,15.272099446037519,0.7036482458862716,6.878285444297423,10.60907561931313,-1.3525739160299062,9.093881993924077,14.489714060219134,-32.00981910841166,-16.466949288944562
2021-09-15,2021-09-16,AG2112,AG,-0.00772277227722773,0.003944778291016325,0.003327147573363269,10.745625347481234,16.890393425359278,15.507273622427848,9.96476144730021,13.79232818887889,15.773607212691719,11.19095759289138,4.882116937863039,7.627695665954981,1.8251826741024755,11.517140321784328,9.002772589768366
2021-09-15,2021-09-16,AU2112,AU,-0.006255012028869356,0.0008556607827267712,0.0008751999256376267,1.4833360464078202,0.6874441932146782,-2.034679171202317,4.000389471272507,3.38190677078796,3.761945440414405,4.931124306541178,5.003592319657612,5.458670068877251,-6.024013531503861,-9.27875525155853,-0.5693380184049985
2021-09-15,2021-09-16,RB2201,RB,-0.001621621621621605,0.0010919018373294399,0.0013652566530282892,6.9556483259146065,8.0411749526887,3.9693869165386957,10.65752092241424,8.234756327117335,7.179501081920395,10.415397369279379,4.180472267515356,7.164458927181214,15.040607537114566,-4.4881224276384915,1.6624276891253909
2021-09-16,2021-09-17,AG2112,AG,-0.007336458121051548,-0.00138517881057755,-0.0013895931065188414,6.125526240277755,14.47358392808405,12.982725986203334,6.184247421140052,13.4304961010975,13.94484332340802,15.940925194315371,1.2469264923725563,5.580667721226002,14.127870997385195,-7.081146392026163,-7.824138419513545
2021-09-16,2021-09-17,AU2112,AU,0.0016882692517155018,-0.001922769379432962,-0.001995362272359894,-5.167257788152014,-1.275928585703193,-10.431037846179885,0.8969226564133477,2.87389993145964,1.536850638425686,7.384777066057152,7.869263773248958,6.581255994470784,-9.462912081867941,1.1603704858688946,-10.094326921960638
2021-09-16,2021-09-17,RB2201,RB,-0.01421630376102212,0.0057824519632488,0.006867351425904315,39.65946222900532,3.325979155232054,31.51962705855381,21.94763970052462,6.873261957502607,17.709615353976517,12.328948389779248,-0.493707345019821,8.999826621450536,29.701232688188785,-9.576424464005347,1.8692265498927263
2021-09-17,2021-09-22,AG2112,AG,0.01496881496881497,-0.020972738869821237,-0.03222049103829867,51.49807557504345,17.380090489594146,38.108307405042154,13.371285960896675,14.004136599763005,13.729961878773986,-7.6333549777327745,7.025905973247136,-10.165364476383013,4.1183829166071275,5.684241944733766,26.766076875120184
2021-09-17,2021-09-22,AU2112,AU,0.0038805648377708835,-0.012232899501223613,-0.014704339028904041,11.209405771549967,2.3626134406620247,-2.055284798287584,7.9455323294520666,2.898840964420936,3.681968762858149,-17.971470583997043,3.9794873250602865,-11.20412157843639,-23.628959407138133,-8.06994408795928,-30.52014636477773
2021-09-17,2021-09-22,RB2201,RB,0.02836363636363637,0.0028834044125715247,0.0036446763157024697,25.115210586806484,11.797427885076749,19.693361941378093,13.908506526595655,8.910635857886355,9.984415833222489,9.330153817530775,9.381879878467513,13.180375412853207,7.132668950674415,30.84027399015907,15.661107797252104
2021-09-22,2021-09-23,AG2112,AG,-0.00533223954060702,-0.012602170706735817,-0.0056566582964033395,-2.616483978025485,8.412252794005532,-13.027162494897462,3.1461310416820405,9.794380880186905,-2.30802016233815,20.42794529710122,-3.178842500901184,6.501904368906364,42.90286983490829,-33.241843033620746,2.6977508624038897
2021-09-22,2021-09-23,AU2112,AU,-0.006457514933003394,0.008715241782419031,0.0038153258534393236,-26.412173678710033,-1.6175034240358084,-37.62739133174818,-8.675304108870986,1.1838030150070082,-13.317202641646972,3.7166549245170737,3.5664346357160532,2.778574516978953,-10.953338091486872,-7.304822462048286,-10.107290666925417
2021-09-22,2021-09-23,RB2201,RB,-0.008140152185453942,0.004008021397538868,0.0032836350452557393,11.667437668735111,3.7098380242855606,-5.397264122633633,12.69169650213293,8.867451697742563,5.4308793713667445,9.814787911911743,7.695038461523322,10.363518678076941,4.617299205305842,-9.678093933019372,-10.943908692470034
2021-09-23,2021-09-24,AG2112,AG,0.0008247422680411898,-0.0012297603517432627,-0.0014203430942762857,29.754843578736633,7.815574616310927,26.716140499315614,15.587812065736564,9.804853859331542,15.649254499969675,34.39731774212787,6.191958934529213,17.581825130569634,40.59149311376249,-21.901112338281017,35.497833398695825
2021-09-23,2021-09-24,AU2112,AU,-0.004072987943955719,-0.002311269807952343,-0.0019906143954898582,1.2068282163975397,-8.238610308711493,-10.010485985935729,1.3196241273245368,-1.1523381346502148,-1.8060041341024649,7.036930343370798,-3.664136711747552,1.8081344664901686,-11.682797610340602,-8.867239542508685,-9.751926662444879
2021-09-23,2021-09-24,RB2201,RB,-0.021649668992664184,-0.0008844079465653748,-0.0008679395708862126,16.52904315374866,11.963062596764944,11.134101960269149,9.2549833979997,11.049411856745518,7.549503284266922,20.073363019816167,19.841026353716856,17.739470776364833,44.470305898173834,36.95279623803524,43.792106789245885
2021-09-24,2021-09-27,AU2112,AU,0.005686478210946477,-0.0026574845479519957,-0.002902830648978645,6.6396641319756995,2.738513514083748,4.133931314905274,3.143611732566022,5.13580500832163,5.874755418256436,15.89143028295202,7.3730423117752055,8.767235302943154,16.160815004159538,3.1081977451252607,-1.5663486326299172
2021-09-24,2021-09-27,RB2201,RB,0.01904761904761898,-0.0028586762365621276,-0.003119174224511418,5.844319239726989,3.557789531619046,0.28830051139099844,6.80033856124419,4.008237678897376,1.213978752618635,15.05830625694909,12.261480338865978,13.220688977273452,7.16742854780099,26.645618087025817,22.24423334285877
2021-09-27,2021-09-28,AG2112,AG,-0.017934446505875057,-0.009521910071503182,-0.012127410580789345,4.432242517415936,13.065815920754318,-0.8425717773558308,7.472509696617238,11.736541764664896,5.330029182251634,16.36241723548946,4.507811031845068,5.173662186889688,19.86280934690057,22.767398548575798,35.99964073628499
2021-09-27,2021-09-28,AU2112,AU,-0.00811546840958599,-0.0027301534922593773,-0.002554836838236068,-8.178550477729168,1.8205691126458525,-8.96108090810659,0.5148310744008047,3.0524022867130802,-0.2864763430681636,9.822150330360664,1.7218547639287782,5.871460614655091,-17.497838829547437,-17.595074311037973,-9.21047422567594
2021-09-27,2021-09-28,RB2201,RB,0.009858397562287236,-0.0014641291048894242,-0.001587015572755017,16.26692210170048,-1.2795460868971311,-0.7779199624606488,11.78511123870217,3.8447949084446007,0.3601204171279946,12.86112893844612,-1.2694412926780996,4.522161469241123,20.20356118864282,-13.266830188243317,-6.513591953975799
2021-09-28,2021-09-29,AG2112,AG,0.004226542688081203,0.0004123711398643112,0.00038080149433169396,-4.001782146798927,10.063622011192257,-3.916873013447166,12.808941264864647,11.515393278432636,16.456352620958732,22.16072291231655,7.8963671450204265,11.820392926775996,11.188170066589823,28.178169800763545,17.838616378948565
2021-09-28,2021-09-29,AU2112,AU,0.00518477661334793,-0.0017957722563162692,-0.0016020690844625834,-5.875089622327041,-3.3875480261011823,-10.050815858267955,0.19523990563077565,2.0956042413253106,1.3324202402016407,13.009100944608967,-3.1108133746024778,5.795996578486265,15.175027351332878,-18.82866162663376,-10.271574890737593
2021-09-28,2021-09-29,RB2201,RB,0.003369989357928427,0.0026922748021949083,0.002156203897114377,12.745993615372765,13.191111352120622,7.924657118447072,15.615225460448627,10.125314108262145,10.006373131552452,11.502101177963517,7.5638813226663535,10.054209481012618,-1.1214183627966627,-6.796336899964219,3.2107831719853075
2021-09-29,2021-09-30,AG2112,AG,-0.022245762711864403,-0.006739705376913278,-0.008558215465608018,5.876347293429601,9.473909124234007,7.4283375720954785,7.012721165386376,10.18727432332935,9.236926726749916,3.5097901614992253,12.828418606613498,1.3224686106675028,-9.166284041263241,35.239712151522674,11.103811788018518
2021-09-29,2021-09-30,AU2112,AU,-0.004063031900291003,-0.004457782346922974,-0.0046712844128472646,19.96683915217659,-4.344302202257699,12.412095823324549,7.60844463535678,0.5866281717412116,4.779057495199321,6.60374762466191,2.551087324947612,3.466652985770055,24.84905189833748,-9.112145444441152,7.498346781263944
2021-09-29,2021-09-30,RB2201,RB,0.012599822537710637,0.0007097232377399097,0.0005603730324608359,16.34281651493403,2.176043561974698,0.989911997053369,14.191106662320735,3.271960593363228,2.7263976580667393,7.225139471457575,9.67539603918715,8.711837785641187,-9.335737928289163,4.18183541908815,-6.670928900845427
2021-09-30,2021-10-08,AG2112,AG,-0.0018761726078799779,-0.0067567824628797625,-0.010021965771267476,-19.301853723073073,14.174796449992622,-10.915778217640613,-4.391568012397314,13.01565316509095,3.324550510145174,-2.434760879738514,17.931530479538537,2.60449855510887,42.14754329259616,20.658825856456506,-2.1718081562835296
2021-09-30,2021-10-08,AU2112,AU,0.002072086809531637,-0.0006037818884197343,-0.0007037066792820512,9.515298801276732,5.53853715266211,14.506638155187701,4.53872444862722,6.405893255896662,9.316114103852302,12.217270385139164,5.145057909378105,8.148967517143356,10.093440243103936,-0.5300687636404947,7.411579519273514
2021-09-30,2021-10-08,RB2201,RB,-0.0043290043290042934,-0.003896568869278974,-0.0032218528818390227,8.10958533868443,5.195215210810576,-0.8744427950639224,12.304633198892041,6.392254558530976,3.9974092096005136,12.639453204316768,3.2932607330657917,5.542361838898492,8.206056731269356,-15.913888091124292,-10.044211170698281
2021-10-08,2021-10-11,AG2112,AG,-0.01510204081632649,0.03867885456511134,0.018072310052392997,56.5329695840986,11.727389511519497,41.984733061283016,20.513185330096572,11.338348018871786,17.898614447958323,-15.036528660880634,19.84898407838655,6.050231441656269,-21.469314075430066,18.57135392125733,6.350670809766513
2021-10-08,2021-10-11,AU2112,AU,-0.012726488352027499,0.010965623338865567,0.005091437137237212,8.07694430654871,-2.519320473269403,-6.7618408175090075,-3.278509213927884,0.41283264699645894,-7.717340302085467,9.110232341184272,6.683314549458172,4.734380744781185,4.927393761417315,5.419719960583522,12.31328482372727
2021-10-08,2021-10-11,RB2201,RB,0.008508421600972316,0.012020003616548909,0.0069642512009944636,-20.683495770102645,0.8707748045062367,-25.290046805702048,12.296530334784071,4.79509854718298,6.538542909824139,16.931227830992064,18.045701100060917,16.571355564936056,17.222423833213004,16.892977931023243,20.16098590142089
2021-10-11,2021-10-12,AG2112,AG,0.002703264711998443,0.023122417420854212,0.024613790947498826,37.892761809180435,8.139607772005979,30.58986082109341,0.8114652577718413,8.314649946134516,6.26206749234956,-24.910106153364307,-0.09838099588114782,-4.71616472399331,-46.90091298344751,-7.687767393075707,-19.87023654912548
2021-10-11,2021-10-12,AU2112,AU,0.005625955866287891,0.009046403884108614,0.010745614773016991,-37.15202612198325,-6.370184808119777,-42.48824441858257,-16.89069453418042,-0.08852066180372109,-15.43311700542069,-5.273037599965176,-6.283267822987723,-1.3673104532587037,13.742242073879178,-30.677387843013886,-19.07686522253983
2021-10-11,2021-10-12,RB2201,RB,-0.04153024297777008,0.0015639937152762322,0.001489747972916689,5.299286683889657,0.5553228512318604,-11.530258172470996,9.925581807877148,5.457937073622708,1.6894635599106902,3.9282836769456595,7.4782727123060875,10.579320770800745,-9.03678796660164,9.099097213161823,1.272934330157594
2021-10-12,2021-10-13,AG2112,AG,0.010455876202425829,-0.003528804907314397,-0.0025031192708147377,-3.2796689263652734,5.249221308000592,8.526532322480097,-13.15069294065309,5.8386431765259745,-2.365680921715586,-12.912392853715726,10.851365493528382,0.027811255991197086,27.913047935599682,23.70237559106066,9.735314311599307
2021-10-12,2021-10-13,RB2201,RB,-0.02041922659920492,-0.0008612523140237115,-0.0010648328374534425,13.917888069734406,-9.472873982280424,-8.80339476119812,8.859197935694084,-3.7715828215724923,-4.857461442231542,9.873931180042925,-7.257895206162664,1.1052981208264088,9.209693050350822,-33.6781917460954,-7.3589650259084305
2021-10-13,2021-10-14,AG2112,AG,0.02343912051441599,-0.008329910722846282,-0.008057520791074796,-28.245267933314096,5.782997112981781,-9.178949485433185,-18.45369227149273,5.276200555345574,-9.822275734061183,-20.634955478065663,4.326310901613937,-9.733855830789265,-17.77001906760007,-3.1119770859768985,-28.276509649151443
2021-10-13,2021-10-14,AU2112,AU,0.015784890050076328,-0.0022294128480354856,-0.0019173877741187697,-14.571258621643066,-5.587646831638034,-13.188948182559459,-6.98007426329542,-1.0269369236439605,-5.332467718830503,9.164413815559852,3.9274405386719633,8.081228776867013,-5.473684050584244,-4.525929913423643,9.545805898027744
2021-10-13,2021-10-14,RB2201,RB,0.0077447907062511145,-0.00504687444703894,-0.007258544763386071,38.620177406790084,-2.9677701071435614,23.15789188071541,13.97764465804897,1.5385944965931175,4.3632784854106585,12.40594601532996,6.0910235094451455,6.045688735408315,51.77437510556061,11.40537243712866,34.82250779869492
2021-10-14,2021-10-15,AG2112,AG,0.00060240963855418,-0.0022790852090286444,-0.0033022637645936897,-12.494767658794546,4.7933300442052165,5.55327441619045,-7.791652808725613,7.160626094780787,1.7112628938096694,-0.037424097086674844,23.615834636320177,11.595762231094103,-4.108533328458421,37.85766110168202,25.48257489531142
2021-10-14,2021-10-15,AU2112,AU,-0.006453333333333422,-0.0017946003674375471,-0.0027931734831501496,-11.145889174977478,-6.076234631795989,-10.307018829662303,-5.35220454245031,-1.2949315414116338,-5.939213149142788,7.3538895665159965,0.9909891158050823,4.41194195779077,-15.092099779232951,-13.753545245092386,-8.591212967016771
2021-10-14,2021-10-15,RB2201,RB,0.00822669104204743,0.0003688675807224304,0.0003142259576272652,7.084623982516788,13.442982782178598,8.81431432964956,10.738044747709775,14.12444979848603,12.431702214139285,7.582510072513663,-0.2324031274325963,3.8630064257831647,-6.872627809196907,-10.076968411325005,-18.066591291429962
2021-10-15,2021-10-18,AG2112,AG,0.002642276422764267,0.009279872929396521,0.009655619181690783,-5.854658335078293,-3.427942213902881,-4.713268517204481,-3.8653577465340154,-2.727080207601343,-6.388399947655155,14.237172435563497,-19.8856362272202,-12.796281754557562,26.18636900016411,-45.42790965058461,-23.098388019293434
2021-10-15,2021-10-18,AU2112,AU,-0.0030917769581255694,0.004704381604589585,0.003615897365783986,-5.971901669739914,-12.946215194478027,-16.072310123637358,-5.929803622116645,-5.464606131671369,-9.800779388123555,7.254421842454533,-5.256242347337977,3.9758031845439974,3.6355344865465846,-27.39196674874524,-19.220901108099664
2021-10-15,2021-10-18,RB2201,RB,-0.01686310063463281,0.0009144948053879489,0.0006646900332110438,18.498117057274776,16.331675229668043,20.491292583059447,14.00491817182614,14.189404497296263,14.355048906114382,6.029212585298766,-0.15606878378667532,3.3674622588233847,-7.963376091852408,-10.675888483219598,-15.054618702266659
2021-10-18,2021-10-19,AG2112,AG,0.012791878172588866,-0.01272358879505076,-0.013314734484527751,-47.87274699043482,-1.5950825414339356,-48.233270882715296,-19.222591162238494,-0.4850606347778994,-22.836940219194105,-33.50651515894788,4.917090529131592,-18.582826408983895,-33.851411603482816,5.504830242909158,-53.400476998423265
2021-10-18,2021-10-19,AU2112,AU,0.004795640326975548,-0.010414231449309625,-0.012179553710562872,12.844637065672876,-5.039188401029653,9.037756261794302,3.143436054293172,-1.147471263874916,0.8088528326061386,-30.591176000133068,4.130120347479496,-15.571666613102565,-35.28371031684821,-8.468084919041393,-13.104799515601883
2021-10-18,2021-10-19,RB2205,RB,0.029274912756882543,0.003970134716597033,0.006655217442936933,22.529690373239596,23.94598079023517,31.372562763903865,14.237795074529206,21.980718605862016,24.8409764638918,29.023067692538188,20.61683141695233,29.092788466209356,64.37442790295285,54.14516390041685,73.53644840134461
2021-10-19,2021-10-20,AG2112,AG,-0.008126858275520288,-0.0016230476275490486,-0.001396362593865564,9.661932997123653,-1.8336143762498516,1.3992870935939354,9.456241995993487,0.6672096066486946,2.5746765610454228,15.30704157103614,0.6935483501324179,7.818106951136797,6.047586595072025,-12.298208335637032,-17.219640982591077
2021-10-19,2021-10-20,AU2112,AU,-0.002279511533242795,-0.0015791339827577596,-0.0012557444396697048,0.511851752125251,0.5107791112089188,-0.6364605808960562,3.772167796037655,0.9558131737922073,1.514312065609876,10.044008618672484,2.6220670740092147,7.4419074453515455,-4.845878593917772,-6.980578705155547,-4.170783175016104
2021-10-19,2021-10-20,RB2201,RB,-0.040000000000000036,-0.0020308324158756,-0.0018178418910292915,9.31516421134955,13.609393899633707,7.943807155079808,10.6226904378617,15.358003288807293,10.794293237745102,18.924030032214,1.1037862942467955,9.24635204695541,28.875097498580047,-5.601961875640518,1.7423997261298108
2021-10-20,2021-10-21,AG2112,AG,-0.00987556784515109,0.011362625987782175,0.013843634490027427,-34.57215003421268,-1.896253784096455,-38.37995669553164,-2.7902602706996626,0.09317610342528493,-7.551494006422582,15.497330447905322,2.650245022437819,5.96037572229639,17.513276293645752,-25.098700241793754,-4.776908488273107
2021-10-20,2021-10-21,AU2112,AU,-0.0014051775387774468,-0.0007053143010022256,-0.0008293607236921441,6.694327976289942,-0.9773362886296271,5.558354399552435,4.067051370920183,0.7743011046207986,2.627685762724764,11.171030025075568,3.7868124294523438,8.266617761812357,11.041180299163006,-6.741700625034782,-0.17131347330784907
2021-10-20,2021-10-21,RB2201,RB,-0.06042296072507558,-0.0037936997897697784,-0.0046518965715976164,0.4817604075637476,5.069206369334871,-5.7048629728112665,6.555222753227906,7.971018425534719,4.583214733074467,16.63699407018931,-5.403093255755971,2.042852762825328,21.761226429668135,-41.93219826180176,-9.445174146828954
2021-10-21,2021-10-22,AG2112,AG,-0.0005984440454817053,0.011721600383107487,0.015532617182925264,14.298921685144215,0.6130320325649432,8.743431029840085,6.276568887021763,1.3530710730879472,4.20182776172104,-12.276468947481417,2.6456056932468766,-2.739695547915535,8.758356517059623,3.2149423803762422,-0.9081640220988861
2021-10-21,2021-10-22,AU2112,AU,0.005146540982718495,0.00650655659884451,0.0067757075946599295,1.2803912158526254,0.5280569846000169,-5.3351589589563755,0.8156674576211174,0.31217995406306187,-2.74785186146518,14.889800192453222,5.484445143456482,8.324237510488679,23.832191542282732,-0.9317479839707381,12.442959974473867
2021-10-21,2021-10-22,RB2201,RB,-0.015273311897106123,-0.001509434248854292,-0.002400968930328101,18.237248448593668,-5.528480761760269,3.2928913614330426,13.4839163570194,5.9337489330797455,10.586758764801504,17.79912583069685,28.189569866247886,29.71081925802328,15.188182965082362,89.33090839156291,84.739319101901
2021-10-22,2021-10-25,AG2206,AG,-0.007235041063746617,0.00019675356679320228,0.0005902607003796069,1.7950696316406303,37.583136969739385,34.07092941181842,3.6408118631395805,26.451436559294358,25.848280640830488,-11.355581577435174,26.727640530128124,19.140907630594267,-11.21168568189648,20.61667409477398,25.96313767679156
2021-10-22,2021-10-25,AU2112,AU,-0.007507910119590289,-0.0009746589465529893,-0.0008316458483590762,4.526533484420016,1.371713324768323,2.5109708204645314,2.7237462875373364,2.4608821548367947,2.278872937899169,15.862862442041202,2.581240624620773,9.601370526333636,17.332171116791137,-8.643283152682386,4.9460402101325425
2021-10-22,2021-10-25,RB2205,RB,-0.02031746031746029,0.00918970544111936,0.02747722803907254,24.311357699002272,47.443662092884445,51.48803523544,12.610590789353731,39.82467547417346,37.66870713228063,25.586734322555216,53.29861640158713,45.68465890411802,49.14394292963915,101.61996278882745,99.10218442808475
2021-10-25,2021-10-26,AG2112,AG,-0.005379557680812885,0.006565227997814879,0.010573151564736859,-9.238489821791065,4.512915200151822,-6.190692090368774,-2.4624836061180817,5.388788019820378,1.2807642038184,-1.241709553582999,1.3586703933660642,10.948531067027146,15.113574663947857,-3.019420604859125,29.073377774200043
2021-10-25,2021-10-26,AU2112,AU,-0.000967741935483879,0.004999876010876632,0.007794552230207742,-20.75312014207963,0.46971786058784826,-23.667033699781165,-9.120375216013965,3.0971193338822682,-7.24234385414016,6.220682554315635,2.8212364809757373,9.556776973737778,-0.6930247376900432,-3.600504517501894,-10.517525152270183
2021-10-25,2021-10-26,RB2201,RB,0.01801242236024847,0.0028530689824064807,0.0034720280548618206,13.709695865823381,42.98851364944418,46.783180784883776,12.838554477076881,35.936764178971565,39.019389713711995,14.773061712538755,19.982296102593125,23.88737615612434,10.020597248584709,15.687224908106698,29.972107059577095
2021-10-26,2021-10-27,AG2112,AG,-0.014242728184553632,0.003592818236030026,0.002663617199689137,-4.263401893219889,2.800853418855395,-0.9987959287910648,-1.3157132709052037,4.1049923079082165,2.48408587612918,-0.10719788888755682,-5.685915373182045,3.7978618463313554,-21.07320538773659,-28.70149742084894,-3.7831800699708196
2021-10-26,2021-10-27,AU2112,AU,-0.005606469002695347,0.005012541823544414,0.003979367252040521,20.26299764562454,-5.134506009353871,15.671237596588128,2.6504755114307956,-0.9986150289596889,1.8643367758200347,5.0125102908995265,3.6579970766074226,6.506535355375157,2.258188681372642,8.929701097287023,-3.56133416423643
2021-10-26,2021-10-27,RB2201,RB,-0.05769230769230771,0.0010357328735321183,0.0012206490700244575,11.679007770116382,31.69332852844707,36.194304943340754,13.384568902874918,27.667587341471375,29.855788505684597,7.153598668345889,13.49184551368108,11.504241159993514,-7.994374954701358,-7.02307228716862,8.775098824657894
2021-10-27,2021-10-28,AG2112,AG,0.0008128429181060159,-0.0014032276533249113,-0.001734340882108975,11.648218163859259,6.979614176886881,18.012208430260735,0.2516677999055572,6.424965998646817,5.576772201437551,-0.2572253844755899,5.271764838931613,0.14390266972430643,13.022729843374663,10.036899838941162,-20.314158938826786
2021-10-27,2021-10-28,AU2112,AU,0.008063206883489382,-0.0017235811656766086,-0.0022078947242701605,2.04146945384879,-4.165742600718266,2.52197889164324,-1.1609673698860208,-2.425817253698666,-1.654203599758909,10.889703980504086,6.934313504656862,8.802761997958187,13.849021138957239,11.537621629735586,18.066630368354673
2021-10-27,2021-10-28,RB2201,RB,0.019913419913419883,0.004666742770028803,0.007518363904496956,10.092269595009002,19.965310202716523,22.116593601479494,9.100984205275505,20.92324717898545,22.48504386689011,17.653798237537114,28.838359553483212,32.01299734080019,25.93179931974531,7.046113847776167,74.6556272475842
2021-10-28,2021-10-29,AG2112,AG,-0.01199186991869916,0.0014234877848537057,0.0013686325099664988,5.127138149071647,13.231684447390357,14.291644245990314,5.97157138381343,9.383757294670348,10.94779507055531,6.929637646981293,6.489175767010167,8.841452532000204,-5.886182049458508,10.95267461532112,13.347670939318656
2021-10-28,2021-10-29,AU2112,AU,-0.0032285837279379948,0.001787407381761344,0.002154353969834875,4.056162788436714,-3.168312536678524,1.4247260831803592,0.5811843041817779,-1.2032673605656665,-1.8023156900523736,11.353923858011651,1.6011750114934264,6.006471836450562,8.237498559442948,-7.304963449869416,5.818939239010007
2021-10-28,2021-10-29,RB2201,RB,-0.014006791171477073,-0.007547205635382966,-0.014360652628425138,-6.54891753368841,0.38003307539977627,-8.685821689149986,-1.1217737304462867,12.052261419737833,0.4855277857302269,-3.6812131901843896,35.17113314509296,15.401714913179958,-16.794614505718013,36.48202723144992,3.8305603402657677
2021-10-29,2021-11-01,AG2206,AG,0.008757637474541724,-0.0013990209137073222,-0.0040388996902470265,5.990698498595158,34.67847473438656,34.67957327721822,3.6888312089599022,27.494154954735066,27.017883064993647,22.804104574284036,20.72026591758242,26.19531146830928,48.84591225316447,26.20420475783397,43.7256870539706
2021-10-29,2021-11-01,RB2205,RB,-0.035227272727272774,-0.0013324452337786009,-0.0024019886902585433,23.447390017777167,27.680969245037105,48.42963699022776,12.926609207823645,24.77742346730826,30.418001709596375,18.72871327339154,43.39087488150756,36.46216480009593,20.16229353049834,66.2248393053774,74.62420234987665
2021-11-01,2021-11-02,AG2206,AG,0.00040168708576016066,-0.0062937980571837505,-0.01156776752596938,24.146969351319797,29.39597122820745,45.99368428049322,13.606681376920436,22.957950310126314,30.202024808295505,-18.24647000378974,15.937663038985754,-5.603582048399904,-25.251950329316756,0.3285358833883242,-19.3351114057827
2021-11-01,2021-11-02,RB2201,RB,-0.05979106468104023,-0.0034497662500747347,-0.0035917978941378413,21.1416456017445,11.677328301201324,30.158157025353212,10.41255476948907,16.294703700321897,20.025826857154463,18.390599917886576,29.8363670311296,24.557142907419465,10.931011005807818,59.496463193701764,41.43829961672515
2021-11-02,2021-11-03,AG2206,AG,-0.012903225806451646,0.005235614053944943,0.007001175149166762,36.11231149353589,21.79351170092433,48.94080553182128,18.291568134765427,16.384633555190952,28.2205284440312,16.064417277641866,2.7228325713206205,6.951684136274315,9.958239378064768,-8.049790164459212,3.3579386633032726
2021-11-02,2021-11-03,RB2201,RB,0.03176470588235292,-0.0022202495799118764,-0.0029961205726844096,13.618399035639303,3.6856362543383847,22.027095527755446,10.37244257545119,10.396403112049711,17.57955705082354,16.78992455099101,11.151487679061384,16.401741784905457,28.00971927837777,-42.85153591867215,5.060024878274706
2021-11-03,2021-11-04,AG2206,AG,0.0036885245901638886,-0.004224933354310196,-0.0067708598186499045,12.739243698190487,20.75865476300357,23.490197665121194,8.998182798730308,15.987359304578414,18.89933085736765,6.12394211190806,13.992851794554909,4.18613179959277,13.961312949455406,20.962571770448015,22.79102492131317
2021-11-03,2021-11-04,RB2201,RB,-0.03910868576625737,0.004716989878138867,0.005402521606715179,26.018604460752755,25.031020846085234,50.256028527896234,20.058958760453933,27.198618275542323,37.499832801542006,6.341055655967024,22.10682662260517,16.577512226418705,-9.665921214902575,10.472929817252956,37.3650648446772
2021-11-04,2021-11-05,AG2206,AG,0.0022186365469947233,-0.0032733253449691376,-0.006034950085041105,8.40018707506166,17.944311295432065,16.636684492330648,10.142823499415236,14.869768330177447,16.9510272987562,10.802735960928258,13.181297917565036,8.312870390813556,-18.256558322764306,5.282067097103729,-13.500395223734724
2021-11-04,2021-11-05,RB2201,RB,0.002123643227937677,0.0029602663084230944,0.003410556903535609,7.179189535031941,9.223364160145657,23.00033278804743,10.82592153669173,14.184135946503837,22.76011345489898,19.924113546065314,39.10720858218574,30.550510833546408,34.59036011322433,108.23047158264444,70.4120281482379
2021-11-05,2021-11-08,AG2206,AG,0.01974214343271563,0.012175475083022814,0.023116561784432513,44.892994962175926,33.50819972635625,65.02066615714376,20.674556455097527,24.192513221016085,36.229759986777424,26.858276142738067,20.434073908373787,22.793652432573552,32.80388333458418,30.571981643324584,56.37398458488086
2021-11-05,2021-11-08,RB2201,RB,0.013396004700352515,0.002835540652242431,0.002885678348345665,9.416235864997105,24.0648710851332,42.846976069815724,12.014839813867145,22.763805942588846,31.89267208840687,0.4900011867251562,26.28379940332232,15.753896485248003,-23.493250321635387,23.65863667684932,20.973798950247836
2021-11-08,2021-11-09,AG2206,AG,-0.0009834775767112447,-0.0010067452778227605,-0.003020235833468282,-1.8145165226863256,26.562846948945413,16.045173474004436,3.95631234224346,22.437844964514312,18.804929687326,20.783430075497666,19.432124391108164,23.844581663705053,28.002323040856265,35.68822675803364,50.1680341644244
2021-11-08,2021-11-09,AU2206,AU,0.0023171309705620757,-0.0028832312140848037,-0.008649693642254411,-12.380107588036418,33.47319215831088,20.236719443065653,0.6517618053612706,27.699987730685955,25.749477865335667,-3.7137818569543097,16.898375197472856,14.12755198603981,-39.06321833300329,21.09162252419188,18.3326424860512
2021-11-08,2021-11-09,RB2201,RB,-0.007692307692307665,0.0018819106942032677,0.0017805104054621436,5.065864642983897,16.47479234675967,33.341692447494495,9.982785536367828,19.462953761250052,27.293882114570465,8.433827630126427,21.555247750818427,16.70121957559006,5.205021592512617,20.04934434333046,19.220489638682455
2021-11-09,2021-11-10,AG2206,AG,0.0027564481197086543,0.004336691204275346,0.012214165732254045,17.18016964818395,31.402488692180476,45.155609834321666,9.10639249311249,20.401761563808343,25.085515735805366,18.34840243529426,17.548204177059322,22.082147513076617,31.044917194939387,25.728738812556312,46.522643279428834
2021-11-09,2021-11-10,AU2206,AU,0.0,0.0004740709614976914,0.0012643830833480216,3.1829799783305015,20.98569486976468,20.957657896243397,1.7055542241462271,14.753121824879218,13.852316978995383,9.283806887586083,18.20930170540218,21.21691492834279,2.823259491316288,23.85889345948655,41.195972514403515
2021-11-09,2021-11-10,RB2201,RB,0.006399620763213987,-0.005115100666770377,-0.004463652841688831,13.071850408181119,17.875116630562793,43.19778115578565,1.3331937424191045,18.73092133612685,20.26358087735357,14.660669876756247,25.905796239757237,17.913084056715356,36.78124493372719,27.55922690005456,36.81769159255904
2021-11-10,2021-11-11,RB2201,RB,0.039298245614035165,-0.008966553703813718,-0.011109703154432955,-32.65400468338937,-8.546799130084286,-26.238061021446278,-5.841145957100802,-0.741606173349294,-9.679175518474857,-17.609323929194428,22.143993850665694,2.8750371841593654,-80.39669774916709,12.410825103894476,-5.579733841368088
2021-11-11,2021-11-12,AG2206,AG,0.010124164278892067,-0.004329011089585581,-0.012987033268756743,-8.242389491593313,43.24272884670492,31.407816547035246,4.050587705428092,34.17929941895195,30.76220022460173,1.060553884111331,16.675136354120504,10.024971362555368,-36.564443935005485,18.273500695349902,-19.81315685369871
2021-11-11,2021-11-12,AU2206,AU,-0.0024259316609889225,0.00021017234209352374,0.0006305170262805712,-1.3757792266480688,69.00401666737268,66.38905605743349,0.6278593886089459,48.20695606734133,44.78172601090922,10.742311256749623,15.425441331503286,18.352289367710526,11.571957466397318,18.4513066731006,20.676833738141916
2021-11-11,2021-11-12,RB2201,RB,-0.03977401129943503,0.006806739107659271,0.007759001478750272,3.7302944527477537,-8.064636064891966,-3.642664989751365,15.58147261004499,2.5831471401067985,8.37686983113111,11.158061331167124,24.808303965508156,19.62071873145001,4.246050429891559,31.699000021850786,40.135711623615556
2021-11-12,2021-11-15,AG2206,AG,-0.004760997905160935,-0.00019100372515328808,-0.00042516741146996623,14.657932835972368,6.65952842135253,13.366240511059186,7.271234069831225,5.5174000815437765,5.558924081863378,13.363299895538896,-14.231505098271931,-10.162664116401379,13.977691395247096,-40.436148486187506,-55.03608795132825
2021-11-12,2021-11-15,RB2201,RB,-0.013587604290822397,-0.004059545493878616,-0.00421879678507634,4.287232938411274,-4.66578125942004,10.149101161280242,7.521518098416249,1.2303624199138818,7.917610026669243,14.903834406459664,23.269716476464133,17.348872337206625,22.507689515194315,91.45773569176798,68.20122048452377
2021-11-15,2021-11-16,AG2206,AG,-0.0062941064276177405,-0.007021567893662882,-0.021064703680988645,6.996970179703731,19.66597196194399,24.418046277529236,9.507845198213971,16.194420768967262,20.99434596922687,-18.992584443377513,-1.0507478010256222,-17.2907992048969,-43.907274241528505,55.273250411503284,-1.3451598113382461
2021-11-15,2021-11-16,AU2206,AU,0.0033696215655780737,-0.003992021269537561,-0.011976063808612682,22.379256528324905,20.746701540457813,46.11951753897706,11.339124148224291,15.78787661039105,26.64173768925941,-3.9186632385952747,9.197433577749042,-0.13648716518842713,-11.333126840148184,27.396008809339435,0.6954187257532287
2021-11-15,2021-11-16,RB2201,RB,-0.006019744762822077,-0.012790321213505068,-0.01378218227830136,42.76323951817037,11.682770774159449,59.577203402609555,9.746536069420468,14.165778657245387,20.189308042770126,-8.170904970758675,26.933506412015927,5.066730447242774,-19.42801849526382,82.84689349948447,16.88952738504172
2021-11-16,2021-11-17,AG2206,AG,-0.0013358778625953693,0.0032476864919749426,0.007651811049601522,19.627809882137306,22.416783330339147,32.28466923189261,12.794743251752482,16.96795408152237,22.496426356445568,25.263890508389576,23.734218301717497,22.692325262794768,44.7451033673074,41.12072785398571,40.440975668423064
2021-11-16,2021-11-17,AU2206,AU,-0.008288288288288315,0.003323297274013461,0.004364831361948915,12.156129153888683,3.0934015351103046,12.442331852109227,6.589788771251743,4.333803601033902,8.02418988727404,15.599288829989565,7.225328501922638,9.487861973789862,29.29505212017819,3.191274849061178,4.521495441045864
2021-11-16,2021-11-17,RB2201,RB,0.02131782945736438,0.003618385325265119,0.003279988512920459,16.487399492857023,8.381138470345133,29.05486567742002,18.73013657891628,13.421372218288253,26.551597575544555,11.549298758543584,14.643501228716271,18.68845812540269,-10.353409484480713,1.387463700496685,4.872566121687296
2021-11-17,2021-11-18,AG2206,AG,-0.010456273764258506,0.005741642567675183,0.016491083822246108,25.670050080390126,21.69204191659139,42.36889100036251,18.57956001570876,14.82253873021003,26.9367800914896,20.58776037739946,14.265513712432469,19.377071771827804,41.39871753224676,15.411954324876806,21.69112021594143
2021-11-17,2021-11-18,AU2206,AU,-5.174376487626642e-05,0.003610112224099572,0.006852098087134621,2.2406531845485507,0.1604046255957572,1.3403636858418384,0.8318153139025908,2.9336308199643355,2.7175298810427284,21.487923343419105,13.10932291918564,19.612879569557432,47.83776432464415,36.41393072229879,40.86006421488745
2021-11-17,2021-11-18,RB2205,RB,-0.025264243361691197,-0.0010296011205558422,-0.0016235326273898935,9.270242446393585,36.549545874139575,59.53990531744342,11.963862750988623,30.049913504131105,40.819590961733745,14.869018570004352,46.71865954699633,40.39240558748248,15.298759625262166,102.481362112449,75.76874829202013
2021-11-18,2021-11-19,AG2206,AG,-0.01071975497702915,0.0051462993595476755,0.008177871902922657,13.116590826962073,10.940457944946935,18.45130904769392,9.59984018583999,8.80924764342984,14.244985111948385,18.33568864936682,12.681821222295717,17.276467956280154,14.882578762644432,26.28997344552977,50.2720909740879
2021-11-18,2021-11-19,RB2201,RB,0.030048076923076872,-0.0011866620592705123,-0.0009349806422461169,21.886463188372986,14.040174047831075,42.82302433300877,14.186129589754755,12.759766921334231,23.5706680099194,15.530157002051176,22.569992990213645,21.424347057980103,2.6507764136551337,44.83966379645992,47.42003906582202
2021-11-19,2021-11-22,AG2206,AG,0.0017513134851139256,0.0036436899071976476,0.008172273811546633,23.64538538643484,25.741467227396917,42.27363412842225,10.056211794685208,17.633994926406828,23.533227488354726,11.877385998270903,14.226820513322107,20.242154494138134,23.64632437075302,17.601690284105366,23.73093434891491
2021-11-19,2021-11-22,RB2201,RB,0.0117647058823529,-0.0021611246254879452,-0.0020770138190898298,10.459770493365012,2.123055295716738,8.706143080015242,12.257259223522166,9.428607752449492,10.416241363908064,17.73556412812349,21.118172581946535,24.37912607628413,22.11785062773191,20.633749690087694,45.98656202241062
2021-11-22,2021-11-23,AG2206,AG,-0.03161978661493692,-0.005627258470208188,-0.012625243289906798,3.081435717319014,28.015899936831467,26.515912865687532,5.150584473208341,22.057981758290254,23.33691279055691,-23.116842968788546,20.90918897655962,-1.7148914415146965,-24.4373603973622,20.434918049788184,2.033955145802392
2021-11-22,2021-11-23,AU2206,AU,-0.01872874705728489,0.001036430626020291,0.0013886688101739692,-0.0800711982711464,-1.501165249909013,-3.117258926504757,-0.7403455652684974,2.8726857009367235,2.0079268122354046,13.10463127249658,3.1767433681119543,8.52485462888201,11.659180168527017,27.456827515462432,22.746132013605834
2021-11-22,2021-11-23,RB2201,RB,0.0034883720930232176,-0.008201569113417633,-0.0063044360362263735,-20.845285055697367,-5.61913595391942,-23.963386287903354,0.4461988676495592,1.6238550584765168,-6.642337945282397,-4.319435511524411,19.485473274328765,8.970258482232705,-33.92686526320921,9.733316357826544,8.24529184262438
2021-11-23,2021-11-24,AG2206,AG,-0.004239854633555473,0.0013588277350430739,0.0040764832051292214,8.943084570279346,27.604802851468925,31.8608559414252,5.602881943001388,21.999463353265366,24.06313341347633,13.795341957195214,16.279887714842268,20.85704783261045,17.215290464265877,17.211609222810612,32.12460006423567
2021-11-23,2021-11-24,RB2205,RB,0.05710723192019951,0.0007565250644514343,0.0016269052776725146,13.563302068947,1.0627859282439704,15.393924267337088,16.38298534468022,7.580074198666953,15.022146951657511,6.563725412643366,43.777239763643486,31.749738261740234,-16.619786993981652,57.962884469740544,51.96378742547279
2021-11-24,2021-11-25,AG2206,AG,0.006108735491753281,-0.007843177461025893,-0.02278078411176528,13.45550507240643,49.37567063030972,49.11660420904502,3.688985051756087,34.79153187944059,30.90545240366068,-20.88636658092095,25.37536228185972,-5.020549867354493,-21.985552150404082,16.35174454407568,-14.013142319398725
2021-11-24,2021-11-25,AU2206,AU,0.002956989247311803,-0.0038994734383425676,-0.006096680021117237,28.380284619068277,15.846076265543319,42.4435599883069,9.593082444528726,11.811854013136113,20.416722327256817,3.4049159926388755,4.315605358215025,0.750481496622662,35.34550195397553,-6.665185559045661,-0.6172572970111061
2021-11-24,2021-11-25,RB2205,RB,0.0037744751120547537,0.0009980040748513695,0.002291276030863815,17.43583450599769,-16.307360508325367,-1.2024812069309991,17.409294458123817,-3.0520331057036554,1.62716129527666,4.302322671280155,31.984278726391896,27.36821137455546,-23.95762424038097,42.524706888903594,53.54721108299356
2021-11-25,2021-11-26,AG2206,AG,0.0022307848306630795,-0.0042669982449902895,-0.009354991415118079,2.377741973458642,40.63244732482596,30.20549185746838,5.658226130374604,30.372320651908524,26.314398826316197,10.179470736635905,15.485648082011224,9.481893070879572,-24.177404757550594,-5.59757403991715,-6.77138748259206
2021-11-25,2021-11-26,AU2206,AU,0.004557640750670222,-0.0024700651553463517,-0.004359281115362366,2.9795929193030606,20.548553447599037,21.850567993059787,3.8242102045360573,15.405538257422538,16.571295215822154,9.12337391138261,6.644983067963453,5.979364429774939,-3.6009706840130438,-14.249756704913063,-12.051068441427237
2021-11-25,2021-11-26,RB2201,RB,-0.02017484868863484,-0.006015390757721806,-0.0029686833768494685,9.927844348012076,-14.7782801554121,-9.83681338430617,7.597826859055406,-9.60447343711231,-12.66827104668295,13.361343170498353,-34.61282904599215,-21.32722325849994,-9.646862679123007,-90.06119624613915,-67.10201586384858
2021-11-26,2021-11-29,AG2206,AG,-0.008908685968819552,-0.0020259326216238854,-0.003625677389324739,9.636689288317427,40.71427230818375,38.72973955120936,9.973123477781861,28.276176355606438,28.742823634552245,26.643863502445615,9.914912313655318,13.833449471987572,25.114006766266932,-22.404497420066527,10.532199469322677
2021-11-26,2021-11-29,AU2206,AU,-0.005222488675726167,-0.0002680605832966431,-0.00029347973938532697,5.441351729823299,10.760573732552084,12.295131014621932,3.502964375938282,9.765346259364327,9.688199825964492,11.410053370479156,3.758934457479774,7.526389730427275,11.440455323781968,-12.197431728802442,-4.557753666518469
2021-11-26,2021-11-29,RB2205,RB,0.022194821208384674,-0.0016464780856997507,-0.003629298019199381,13.416422219805145,-1.2244302027643972,11.249223326845255,12.526684481323702,1.88879255535735,8.456551857341623,19.863218237591095,-2.76032212113516,5.062274897282616,42.5256440373329,-15.007237973054188,-5.844141389090599
2021-11-29,2021-11-30,AG2206,AG,-0.01702564102564108,-0.000607226007930595,-0.001821678023791785,15.104193995458761,59.083129071354534,65.70275664582985,10.36383999656806,39.93064817339214,42.0961580133831,18.1474093474738,19.11010573574846,19.45918647790539,27.14626460757098,8.810478198929287,23.72839047643872
2021-11-29,2021-11-30,AU2206,AU,-0.002517272775962698,0.0016000003413334314,0.002963215680260883,7.350117284283073,12.250491738617804,15.967747534642339,4.277418692731618,11.080560281017394,12.619964976968024,11.154071404076364,8.33284397461165,11.927998184886032,12.06356991232921,4.51617910230609,4.796124800750538
2021-11-29,2021-11-30,RB2205,RB,0.0007211538461537881,-0.012011420301092174,-0.020662960155551087,-9.663686520313016,-0.3805668001669389,-11.640098814071903,1.1869111441989508,2.8030579139669953,-7.639618059028813,-20.15293451923874,20.69939026197195,2.3270930440666815,-44.38354025672454,45.14116596684074,3.7836033798284276
2021-11-30,2021-12-01,AG2206,AG,0.0,-0.004094171532663226,-0.012282514597989676,-3.6652087613969773,59.80379170111429,42.28910057414092,4.045570452276949,44.11932154725669,39.582349609572994,11.967914646346886,25.49973710212764,13.059026156290079,17.122898114940696,15.999595240927468,11.838172695655272
2021-11-30,2021-12-01,AU2206,AU,-0.002366227480505523,0.00021425893273892033,0.00033481584509573414,4.367082817927404,14.976211318629073,15.423204764161062,3.4271502085668217,11.910780410691768,12.47734956546033,10.74339076475257,5.051388968971922,9.773937892821419,9.840699678725647,-12.797765315935347,-4.882113373338476
2021-11-30,2021-12-01,RB2205,RB,0.0338535414165666,0.0036122856859135658,0.005910878081966441,6.852379621326545,7.5193816387217485,5.698134510349934,14.465583627653086,6.639758413293732,8.721230860482954,12.067831437262887,13.82099352518269,12.794997796748719,0.8963603719121513,-13.151291150898377,-21.46311477873344
2021-12-01,2021-12-02,AG2206,AG,-0.01567398119122254,-0.00041744939032435625,-0.0012523481709730687,13.96800492119682,61.47230691099525,70.8304335535955,9.4083102375196,42.62376970208013,45.11858714686856,16.317278757541683,19.983869423465393,17.60217688519553,13.464728828714403,21.916900285695704,29.24627133675009
2021-12-01,2021-12-02,AU2206,AU,-0.0030770891816023216,-0.001558344171994113,-0.003693082222822972,-0.08106160067040591,11.308691224967372,8.205538199206867,1.0144113782584983,11.26605786674748,9.962933184658873,18.319892783305182,10.284280158716978,14.322500206871421,28.65385873675658,-2.087808541876216,0.46640963746927694
2021-12-01,2021-12-02,RB2205,RB,-0.006257242178447253,0.0004803074059676455,0.000823152382809045,15.554776179606925,-2.5368198022888375,-1.9705505634661034,16.13573238433406,1.278327938023109,0.7862962510399436,5.623590467443489,12.46231956084783,12.016672295128725,-11.514984285204447,11.792795120202085,-21.793581396158167
2021-12-02,2021-12-03,AG2206,AG,-0.0014833651197287967,-0.0010443865179062734,-0.0031331595537188203,8.960803226847666,41.00698157126868,42.56989445320979,7.759972114234916,30.597724733063387,32.297602569151195,21.29201299588248,26.42143814972564,23.98579520855918,24.729105040989488,21.698925739585565,31.245615715004515
2021-12-02,2021-12-03,AU2206,AU,-0.0034635783093409644,-0.0014565073377304759,-0.002013771878377905,0.6410396744554205,4.969903467757161,3.4421183920429694,0.8548021938814951,6.6521571797721615,5.956227113726818,12.976411201485277,4.785970680164554,7.801122599608158,2.993429460837973,-4.792760084368176,0.6450452293522883
2021-12-02,2021-12-03,RB2205,RB,0.021911421911421813,0.0020879255932200794,0.0036390256388300463,17.848947697266155,10.867034521961566,16.711035857396205,16.557507402599096,9.481950560160461,13.592573982766766,19.357007936844123,21.30096107122957,22.310974373754657,33.98718121729796,49.89753510036736,41.41246263794214
2021-12-03,2021-12-06,AG2206,AG,0.0036016949152541944,0.0019090047159241931,0.004388123130362793,10.640058381003277,37.47860005867318,41.66255206455209,8.82379165512109,25.90512588799544,28.613425438369426,12.146982617008623,11.911836820666549,16.104739208822146,14.45019458196913,0.26463417136934897,-4.119793584481371
2021-12-03,2021-12-06,AU2206,AU,0.005476035567121951,0.0005954797848179427,0.0007404626786205231,3.3350906058601346,5.562724488376725,6.648005256596063,2.0388463505049375,6.319722287246618,6.495427310558081,9.383129943288054,6.473898252048994,6.984047476475906,5.312331817986063,-1.1108086366965697,1.0847165088372566
2021-12-03,2021-12-06,RB2205,RB,-0.011116152450090788,0.0004663091714246367,0.0007227854529344818,13.417712201714252,13.381040771554442,9.353490134326018,14.499286686646375,10.34970543098224,8.539289756684767,6.32905443566354,9.88162320925834,11.4491262431487,-9.10952436866083,0.2673430120909893,-16.601588196180113
2021-12-06,2021-12-07,AG2206,AG,0.002540220152413175,0.0016963532481783338,0.005038336132667825,4.72782258043019,40.09258742825713,39.633566112384585,6.822861602217648,29.03468955462617,29.56288228716826,9.383066272822868,23.953644324608536,21.736939458201604,17.060801502748696,40.68291913930128,17.018442086973206
2021-12-06,2021-12-07,AU2206,AU,-0.001295196977873725,0.0016278694788051443,0.002147685949039242,3.4972456692605403,6.552629088100774,7.115469156841006,1.887816225758419,6.433775229572333,5.46752045531147,8.778990291991422,2.342036264458426,6.151783078675526,9.03513399412715,2.448229869590208,-0.27870720213231526
2021-12-06,2021-12-07,RB2205,RB,0.015054744525547337,0.005459522204898974,0.007105353478691337,-4.317331403827517,-2.087027392955891,-13.599882455300916,10.597971988040747,-0.37290217224016153,0.647830892175981,25.523065522089848,-14.22680726656635,-6.480557490954957,47.44392995132435,-19.430571247947093,-10.200561285216795
2021-12-07,2021-12-08,AG2206,AG,-0.004425711275026334,-0.00274812560649889,-0.0045008944646747736,-1.3643480208504908,30.550041473778712,25.427153810990525,3.7664610582716285,22.115880952767256,21.101412740314327,24.654237385385958,16.252606047184354,18.712183725901788,49.368167354997354,24.41549515701885,49.65583604231346
2021-12-07,2021-12-08,AU2206,AU,0.0010264721772015317,-0.0008091706442856015,-0.0005271743706980595,3.7055507274734243,-0.6702326639931702,2.0442335324853804,1.6852414535670608,2.4115099689720516,3.2486114556689554,13.273750394713526,5.199484135885352,9.74247896118726,11.91101108640541,1.6520797678750312,1.7442437595559768
2021-12-07,2021-12-08,RB2205,RB,-0.025537634408602128,0.0057188763894589715,0.007688022973452186,28.244468218691324,-2.662486426506163,19.00216024645467,21.711844303175198,0.018697044885536585,10.844456677268724,10.425249906133986,-12.289751098243514,-6.556024335195651,21.85948414725008,-73.45689512788253,-56.5189124453672
2021-12-08,2021-12-09,AG2206,AG,-0.007215619694397324,0.0018985344801867312,0.003035119902336909,8.110997829844763,21.754129519438408,27.44085431402131,5.630531623557033,17.003263666214643,19.16817829904537,13.847859666504352,21.92480762548475,21.020228790987037,16.902776950943693,46.06114305885561,33.35082202920061
2021-12-08,2021-12-09,AU2206,AU,-0.00210936232354364,0.00021612275856764998,0.00022864674352221775,1.6987303118276245,2.4763213401363355,4.845854306016461,1.960619180612193,3.1125420657617706,4.0683894313197095,10.660728581258015,3.806455901597785,8.002961032895442,11.571957466397318,-17.53427009865434,-0.2786975669631405
2021-12-08,2021-12-09,RB2205,RB,-0.010373443983402453,0.0031411289008610567,0.004305323575823791,14.469930381547687,-0.6380831660603903,3.1931363556132677,10.751388601745408,1.3297152597130157,3.11781466639773,16.01587818394241,-15.75689795309969,-8.560831500981902,45.29550330929476,-39.812167695481826,-41.06608168973032
2021-12-09,2021-12-10,AG2206,AG,-0.012875536480686733,-0.0025434519858302555,-0.003525905376839759,4.354629840329681,21.621977468038708,24.490415149479567,3.375235183974435,18.506944053846944,19.495257874228074,17.619755304025123,10.391101903408435,9.316625442613285,5.262242125696172,5.279269702431868,21.523177265637607
2021-12-09,2021-12-10,AU2206,AU,-0.0017906560312550557,-0.0021611116520618206,-0.002083947632503951,-6.285449635311142,2.2918864964323937,-4.189403901302763,-1.0489877386157653,4.14458855156701,2.6529525028020684,4.389134564259555,4.58009843342133,2.330325459708993,-16.46093145087535,-11.168732701995536,-9.803386126381262
2021-12-09,2021-12-10,RB2205,RB,0.010049076887123087,-0.0027624326959100726,-0.0038614586634068797,24.249045099938463,9.249571394342857,20.931974248772875,11.05119510403378,8.194694725609093,8.358243849522836,23.82759155141682,4.259356437831945,11.882062257422318,53.41916419743455,24.840544620538562,26.930543537753
2021-12-10,2021-12-13,AG2206,AG,0.019930675909878737,-0.0038552200244328133,-0.0075917262824851915,5.772012845156128,25.193514652418514,28.860683408102574,5.344502925971249,22.27696053729769,25.414059209753297,6.141874104488999,21.848379404912585,12.986409492400686,-10.163244642879368,41.662271894671996,15.977432351462918
2021-12-10,2021-12-13,AU2206,AU,0.0056491037479631245,-0.001138859636636219,-0.0013294895098283732,0.5693343692161719,-0.7496273379603213,1.6625160336343328,1.3639702663216333,3.721212536152607,5.247053278167759,7.336499744221019,6.922798719727375,5.469938794449177,-9.444114165246468,10.194994001276589,-0.8189372246535879
2021-12-10,2021-12-13,RB2205,RB,0.021517815826006537,-0.003266451807743733,-0.0034810431337001947,8.049842761489344,13.847707308396519,15.563828572134803,9.109567446659035,10.561787213004221,9.02393166945977,16.10953708124447,-7.196708014289483,3.611881717416307,35.17108438052979,-31.559575740662265,-8.849542108310683
2021-12-13,2021-12-14,AG2206,AG,0.0014830508474577009,0.003472225710749057,0.00612349129203665,24.597594854546116,12.605978485560758,36.8634838839249,12.3129657569931,10.867295366244608,18.16510152129769,11.135158964596146,22.37985930558868,17.895039672248053,-4.096464449999081,61.123736093959394,45.079793217909945
2021-12-13,2021-12-14,AU2206,AU,-0.001455054968743319,0.000760745567309132,0.001022564978402869,8.024583554047096,1.6325176543123918,10.772346530968637,3.6578476438298804,3.798370449458173,6.283436388090018,5.32189740882605,4.888894318275579,5.248427604525893,-6.622701935456191,3.863697820882002,-0.3549110360759472
2021-12-13,2021-12-14,RB2210,RB,-0.0030696576151121313,0.00024064492956937518,0.00027654522589319386,15.645104667877433,9.60230413071573,5.121611262446809,14.393380125240146,9.54778414337172,6.531769810665449,8.908660600766192,3.6738166101146508,6.677542615664241,9.155086197331325,-22.862762065043604,-9.896229603206608
2021-12-14,2021-12-15,AG2206,AG,-0.008719693747341606,0.002545610199433818,0.00276368565901672,11.484016855399776,15.930573882820664,27.528148693289744,8.235312477280115,13.412932244529253,19.161466910137182,9.460036473320356,18.87931452843732,17.39810788316336,6.982762040512204,10.101371170888374,19.404280508118823
2021-12-14,2021-12-15,AU2206,AU,-0.009244242620823795,0.0022659842444779075,0.002222338309997367,8.01329301994811,1.9920734850821464,8.730658997213137,1.093877485016601,3.927038901486773,3.9748439854528117,11.031011066413196,5.193662312003067,8.74820153210958,7.7223342050974075,-8.032320321062006,0.029456719751735916
2021-12-14,2021-12-15,RB2205,RB,0.013232945471138402,-0.00045310376851314234,-0.00037220683989641455,18.990634424166803,9.178769842185234,8.471015051168736,13.5401622663897,6.528258427705227,4.7475775673139164,12.518758901624551,-2.703163867460645,7.455498378060311,15.640452792724796,-6.5911987530865765,13.259714196046012
2021-12-15,2021-12-16,AG2206,AG,0.017596566523605084,-0.005302801693221538,-0.007719799686366816,2.8169221296441957,17.739812377228635,18.220248741764596,2.158875162620026,15.044431244308498,15.043198563564268,0.2528186383099519,12.796815730123262,7.117743482113271,-5.025829780305777,30.235280408813146,13.466452142446224
2021-12-15,2021-12-16,AU2206,AU,0.008173050727401598,-0.0016744541682092596,-0.0019977629544716165,-8.002027689600157,0.16279178306525743,-5.5824525776574365,-0.6625756464736829,4.81696831161516,5.04340841989723,6.4517368285055925,1.5939523148300798,5.1364564568755275,-6.455411857856251,-10.071792339228464,-4.829455994316047
2021-12-15,2021-12-16,RB2205,RB,0.02096483318304787,0.00022818026339724222,0.00021255948455897394,16.772868853858064,13.889387524676973,5.1716795336594386,14.50986727695472,12.334706928654299,8.05748691390514,9.834021307476037,2.6555034705002774,8.340610933885337,10.71249727690898,4.206254063847607,12.923796272863687
2021-12-16,2021-12-17,AG2206,AG,0.012650221378874171,-0.00021456925304942485,-0.00033349379355047704,7.593834430565121,8.478646170077804,17.420567941950885,7.271486862282184,8.88419373036645,12.000161013220445,13.839339878489433,21.007866438023473,19.503192318718973,13.75155633133453,56.47793358790436,31.868789312373206
2021-12-16,2021-12-17,AU2206,AU,0.013250405624661843,0.001417666540595461,0.0016852940302516217,2.702674762819388,4.340388487184239,6.264248668883142,1.3625909225600674,5.771929122842918,5.365443051209478,8.369144729261924,6.420609306108669,7.011405555007418,2.5093987987744577,7.944136166770077,3.8180876988770844
2021-12-16,2021-12-17,RB2205,RB,-0.0052991830426142306,-0.0011265068218446182,-0.0008933659785072693,13.220525034734793,0.7388178543268991,-9.532922068449137,14.25730538032732,1.9895150554023653,-2.5481643923558623,13.27561058615489,-6.825092858681923,4.585843798860674,13.698329808579434,-23.07059782750841,-8.324821252017244
2021-12-17,2021-12-20,AG2206,AG,-0.009102192800993003,0.0002108592522308418,0.0003018956630208355,2.029851622048154,9.60890667375958,13.00344355229215,6.29580219242151,9.644696704524783,12.546750996195303,11.467630362931688,17.256990779850113,14.789378356323832,9.8176093956549,11.839929162121441,18.925784243252536
2021-12-17,2021-12-20,AU2206,AU,-0.0045224793828145815,-0.0007028357005455829,-0.0011767326921519976,-1.9530737857345528,4.491815770683486,4.505578967002498,0.6940954184675423,5.7559290848595595,5.157237117270142,10.337539617957072,4.277472872025343,9.095206624577024,10.030374692111307,8.01249458231026,-3.9166831679257106
2021-12-17,2021-12-20,RB2210,RB,-0.005336426914153147,0.0013844026207396765,0.0015369281792673283,14.081806262118434,6.135596339734185,-2.6833434835315106,13.893892584970827,5.714387236865575,3.3406589594503515,10.777232115359325,18.649443690859727,14.257296908611604,4.4220758805439075,70.75023037444137,64.47219373403419
2021-12-20,2021-12-21,AG2206,AG,0.004609260423213968,0.006433559598603914,0.006772357812103249,10.793058131977116,-2.363333326496191,8.304594196602425,6.369953630688348,-0.18435518083630953,4.318675152555941,17.225106284648653,10.896391562021062,12.319218009977636,39.84192789690206,11.115158721974518,34.71162590848049
2021-12-20,2021-12-21,AU2206,AU,-0.004979919678714917,0.0031974447704905596,0.003357686059540649,-19.774691936250825,-4.23130275923358,-21.38418436396271,-8.410636527160015,0.5650623799802723,-7.092308370154364,14.029649675585246,8.050922894390112,9.04894083256019,15.561188883262396,-9.450645518725738,-1.8378854963754607
2021-12-20,2021-12-21,RB2205,RB,-0.0026755852842809125,-0.0015550375231772702,-0.0014922704456891815,16.582916584797175,-6.212021869165861,-9.425897227088592,13.564180942531697,-0.5060964184217616,-2.101789590489992,11.771207129845232,-0.31017456382607783,4.8562697498038325,15.467232317919384,-2.4785704403153908,-0.49529592082476703
2021-12-21,2021-12-22,AG2206,AG,-0.009053497942386857,-0.0035553733990643316,-0.0030134607654740903,0.3659451366228401,5.779319916120061,6.138650793807082,3.6708442982243787,6.160803845237939,6.646649681982936,10.414102444574391,16.34346312097352,11.904700885278373,-13.276885911078395,36.04190115050511,25.32879223454619
2021-12-21,2021-12-22,AU2206,AU,-0.0059517426273458796,-0.0018724092671171745,-0.0018312658550183668,-4.641180615910978,-3.6834698682629092,-6.26354002524989,-1.427429565510045,0.9260564804859257,0.16912037352274378,5.250385663626683,5.171579466360542,5.157680617107328,-14.66321794461912,2.6532525741695148,-3.135669695385305
2021-12-21,2021-12-22,RB2205,RB,-0.009375000000000022,0.002232143783940856,0.002042757856280959,19.26434546244341,9.256050204118319,7.906804099358675,16.507208901204788,7.700912262406203,8.620774524350448,10.937761991814371,11.379810984311638,13.801160303894752,5.7521318301812085,26.470384562642582,23.877291577553844
2021-12-22,2021-12-23,AG2206,AG,0.005156765676567643,0.013464729577000949,0.011543997527042493,7.768100260895251,4.701159534125477,9.422363001126973,1.0969252380177563,5.3180863844386685,3.342704295994479,6.809622043618893,5.472357990708381,6.333957138137585,17.171310503036153,18.530016785356086,14.989955402907812
2021-12-22,2021-12-23,AU2206,AU,0.007205850720584994,0.0036527758707037877,0.0032242554562583485,5.283054364735046,-4.222333104704022,-1.552933792762948,-1.1087944985755316,1.6503917202282148,-0.1092376540989255,18.93540498118458,0.38455258332658465,8.080271008315068,26.420402884516704,3.7416259008256065,5.727553145266205
2021-12-22,2021-12-23,RB2205,RB,0.011289230074508882,0.0015637219761827589,0.0012651063022883614,17.595536997069328,6.705250067739046,5.133537347372007,14.900409637130974,6.201898577273436,6.7097757730711,9.139877338221227,8.435242822035764,10.60996567353178,-2.349163843719095,8.489551626075412,8.96915089526441
2021-12-23,2021-12-24,AG2206,AG,0.0016443987667009718,0.006622540760493457,0.005441494835045727,10.310137235817534,2.89310991967392,11.329772611472455,2.5993985757957896,2.734986423384873,2.3504373710119433,-2.76547999006474,1.8028085756013388,1.8601403970190282,9.133656723398241,-12.205283652900233,-13.379684353661673
2021-12-23,2021-12-24,AU2206,AU,0.0026716537536735085,0.0030698825778831085,0.003225269340889795,10.871652947275498,-3.997397366010267,4.937080285653197,1.2508219001260548,-0.5829839850369876,-1.4527730993353325,14.541591094131721,3.4409494485943317,7.674087570686556,14.655521890674736,0.8314576945814285,8.484698739509644
2021-12-23,2021-12-24,RB2205,RB,0.008480249944208929,-0.00202999956934099,-0.0017062934670198581,14.360492906525483,12.818572251899647,10.096691601380787,13.162627233147411,11.298669030872894,9.774879667097029,16.406686034049475,5.710192077177046,10.587888558932393,11.107306035667968,-2.738544307520683,-5.451840279417385
2021-12-24,2021-12-27,AG2206,AG,-0.004731536720839369,-0.0016430482234007814,-0.0011479253865373533,-3.2059181738693177,1.3464403548942672,-0.9677441870026993,-2.6753688517524763,1.8197531841331003,-1.8559088684990632,5.992757918564029,4.371497343614255,8.162109428170444,49.522111146704496,12.209199321092294,22.720920940349508
2021-12-24,2021-12-27,AU2206,AU,0.00042693990820796834,-0.0008011750996048313,-0.0008336181865661128,-0.8515966192930255,0.6203932517250621,0.30854415363795873,0.03882113853040714,1.7685325269854975,1.2087400230550456,14.971859557023466,5.352443955434605,8.817066575572172,15.146335973313903,-4.619339150381404,12.583097832916637
2021-12-24,2021-12-27,RB2205,RB,-0.04501108647450114,0.00044642857884294435,0.00034655513301403844,13.039437306321652,15.928024998082316,11.162096761942081,12.803809757453504,13.702649547430216,11.72741767179673,7.377237302693173,9.21334640400305,7.916082146949527,-6.208948367290834,11.064817785445971,-5.128924673504987
2021-12-27,2021-12-28,AG2206,AG,0.008474576271186418,-0.002465585798050745,-0.0015434303842510684,7.710197171006422,-2.7089166721493996,3.4754951286476174,0.5144421683252753,2.067683391603606,0.6432873092356131,8.800406930001458,4.666634802232144,6.449276075779878,-27.253303420188658,11.245002898124774,18.70151919073844
2021-12-27,2021-12-28,AU2206,AU,0.0035760034158838216,-0.0014398850579876432,-0.0009159630276472169,1.8462967461953248,-3.962451211690194,-1.8861187089827052,1.5907275384558535,0.8897668646053178,2.159833147657751,8.162928019317203,6.508253787801855,6.847206292193434,-3.4891757662250606,11.25506691199233,-1.6594346948228065
2021-12-27,2021-12-28,RB2205,RB,0.0013895321908290459,-0.0019935769145556764,-0.0021917566599824662,14.595663268271544,-3.717818960370842,-6.660745702537479,12.796932924056177,2.7362823298421866,2.867738061291882,12.383867582058881,6.391612319344321,7.768386321278878,2.727902005392631,-12.35285221521489,15.552273776569333
2021-12-28,2021-12-29,AU2206,AU,-0.005367772108843538,-0.0005335894689324904,-0.0006484137447980109,-1.0694401181486128,6.499387418585176,4.244186318729984,1.1960548690084707,6.020562859296257,5.222324268726258,10.071783994812868,6.474694699304487,8.445147783933603,10.218591030160214,-8.829982686319855,-3.828871290322802
2021-12-28,2021-12-29,RB2205,RB,-0.000926140310256951,0.002550726020641973,0.001977610950757218,16.087823586969066,23.338830029215423,23.287189326884324,16.286902843598625,17.803819933127578,20.32917996971974,8.681280417693293,7.6155015726250666,8.21961674036458,5.138944409321039,27.714626466232815,10.307811787221915
2021-12-29,2021-12-30,AG2206,AG,-0.0035379812695108814,0.001433692001848616,0.001504553156395754,8.685698312566068,4.1949664156057285,7.7097564315760945,6.0761124676940526,4.818207116252786,6.150872492161664,11.760336871547072,6.083780187513331,9.395457842997473,5.018009110426069,3.4874223489145324,2.8189052807939436
2021-12-29,2021-12-30,AU2206,AU,0.0013978494623656523,0.0006911401428788691,0.0009221234729879066,1.2862918569772237,-1.010942027414682,-0.232121700767971,0.6224397742300445,2.3363116742182584,2.12200826569123,8.6614610909234,7.989480784465084,7.7727771306835844,2.0807879956590707,3.5698936862567066,2.215180599502188
2021-12-29,2021-12-30,RB2205,RB,-0.01157139551029851,-0.0011570057983977754,-0.0009910934763154066,18.323524218302133,22.010210463478227,23.303092388194827,12.978236214136075,17.310814644486655,16.256021842832183,14.63411878835808,8.089659920225959,10.656179717395549,23.225295298876713,22.62679685940786,17.8906688430863
2021-12-30,2021-12-31,AG2206,AG,0.012658227848101333,-0.01179283347167578,-0.011368751119887856,10.513617553043373,10.686708580751734,22.70323646522281,16.094846901789634,10.013147144088002,23.093806663800788,-30.955289747277416,10.384728119151205,-18.47922559777607,-20.340846316154355,22.92139033522286,20.466014882924203
2021-12-30,2021-12-31,AU2206,AU,0.006470588235294228,-0.006163760637236781,-0.008736490026881824,19.085836843873338,2.107371570198934,21.442332565573075,15.363900418292424,3.8578168559549555,18.22305666497463,-8.821299902048201,5.367241756172528,-3.0802668570979344,-41.64346568568095,-0.949451615023063,-7.916334481922035
2021-12-30,2021-12-31,RB2205,RB,0.007706679121905591,0.001389532414404769,0.0012705100374292358,17.02166387332755,15.993962508785392,19.192602714881637,14.543371655243986,15.852002130387618,18.926123265412013,10.268006563490797,-7.917207763956642,5.265500968210934,2.7068685207699454,-53.00079113951376,-40.91071113672314
2021-12-31,2022-01-04,AG2206,AG,-0.012820512820512775,0.006453649962468907,0.006551371697508135,25.307409249913608,-1.6633092187386165,21.87576550863493,14.865298405912359,-0.9252999383786249,11.335763833069613,-5.202758579558537,0.3853475133151376,-2.6565408036583085,-29.09603700675458,9.82265165209265,-9.673056036431428
2021-12-31,2022-01-04,AU2206,AU,-0.0016576653654885032,0.003965069761074914,0.006629009660396644,16.670649632959265,3.91314409887795,19.24143104429912,6.120583883502583,2.4320327780911075,6.572482546775195,9.147734637340413,3.124700772074878,5.5152004748836365,1.651926214737704,-10.258645571436313,2.4144615105570866
2021-12-31,2022-01-04,RB2205,RB,0.021617852161785134,0.002572198308161685,0.0019032690797978094,3.124194326484529,14.26788836246773,4.9899016216956955,7.101580535130816,10.630692068695737,7.881677593814828,1.388981322034495,0.20974992112417568,0.6316203704923072,4.129561501572252,-9.324690959965281,-12.819647243736233
2022-01-04,2022-01-05,AG2206,AG,0.002520478890989386,-0.009057287112509568,-0.005016009708014129,-3.3774936891761613,-12.87639257219346,-16.063244729140457,4.547111353071683,-3.2400042906237476,0.23463418386281987,-40.55807929778298,4.833136834268829,-24.63614309764477,-31.263107020229075,6.226706136008894,-42.85080011707706
2022-01-04,2022-01-05,AU2206,AU,0.003857693956279551,-0.006396269341844179,-0.006868245065121692,-15.8092024540021,-1.9073975218446897,-12.028192922474634,3.785833142606555,1.6311793451036847,6.295343943777648,-40.00549914078106,3.135421857322616,-24.248697219371373,-49.87473925785448,-6.083467631401218,-41.246428552010094
2022-01-04,2022-01-05,RB2205,RB,0.010000000000000009,-0.003017293689852974,-0.0018713648178941297,2.907170081061246,3.862421840322772,-6.62596447731546,4.599919667718823,4.960972842910813,-1.4444572429076996,4.163888281702809,-6.729568809804125,-1.4472967783948354,-11.113359766609417,-41.970757845254106,-21.399819715897237
2022-01-05,2022-01-06,AG2206,AG,-0.02187955824130028,-0.0027267977042566534,-0.0026769351557171597,3.3184408873637024,-2.3980974283384224,1.0850842274941437,6.071400418104719,1.5520925850541771,5.862141115792279,8.624204433234008,2.309934792974974,4.32385615098587,17.128501801167047,-5.594053570345668,-0.1546641202612452
2022-01-05,2022-01-06,AU2206,AU,-0.010009050737369019,-0.00032142283450243046,-0.0005404005930712321,6.12736611921304,5.258944669115488,9.16939917977932,2.7686783914524398,4.026286089812424,5.175669563223188,4.894659962758361,2.89876809029309,2.4492942394114765,4.4306310813666725,-11.268856721018809,-5.119943632016161
2022-01-05,2022-01-06,RB2205,RB,0.009433962264151052,0.001137009787075102,0.0007792567912521413,10.655280276227792,10.517203203677914,12.663882769644637,9.673213561596818,6.519155548808884,7.798578714681616,-3.6767895043963175,-0.2894877834649327,-0.3247583500262364,-15.272987391231345,2.585730218774442,-23.26831826553444
2022-01-06,2022-01-07,AG2206,AG,-0.001731227007141345,0.005432524852348949,0.006559511424685665,18.216045838727474,-6.64388689173595,6.745641151557237,10.253101931275758,0.7178704771679385,8.69343794766622,19.845195604090506,0.2894026229739857,10.667279132903346,29.72701898597007,-11.684060912490464,7.209232853432583
2022-01-06,2022-01-07,AU2206,AU,-0.0008108108108108025,0.0025053985759214956,0.006836212680928207,10.041523102643538,8.642778741167604,15.659338738998544,3.6071075807261095,9.333270573173365,11.143630209302408,14.832743783284037,5.662482098033173,12.464087399731644,34.91477928425213,14.109612642204615,33.42237764802554
2022-01-06,2022-01-07,RB2205,RB,0.006896551724137945,0.0017985616359148977,0.001409359603402598,2.4326541093184693,7.68709231957057,2.2823892559318817,6.773502740401558,5.640116666271742,4.261952289612733,1.1858291455152057,0.010745630273314622,1.0531852029744142,-1.843240979410122,-2.3332262091024143,-16.46805943154111
2022-01-07,2022-01-10,AG2206,AG,0.001298420255356092,-0.015673965540702463,-0.019102466348294826,-6.693190987611411,3.162342436483562,-11.430769835948073,0.2514953136431535,5.549668589340802,-0.38361940584252485,-35.244919823276526,1.6559726773512988,-25.540497195656158,19.039592995853994,-10.153854897484775,-42.77506653373536
2022-01-07,2022-01-10,AU2206,AU,0.0011360562618338843,-0.005121995292754196,-0.010716023648317056,7.217884544599778,10.37450287480617,19.745373816162644,9.458162405580207,8.916694739959135,17.97568254786722,-34.28285086075178,4.016989260130594,-20.67707455536396,-46.683900590250346,-10.337940017459562,-38.36601325627783
2022-01-07,2022-01-10,RB2205,RB,-0.007292817679558028,0.00022249416044609716,0.00016198245652791437,8.569206648789399,6.868791206061157,5.514538215744317,8.240640049705029,4.014414332227172,3.314199894630956,3.9770722535078136,4.570220281571352,5.177866889879604,0.4843912584479858,-12.451098046214716,-17.0846885035604
2022-01-10,2022-01-11,AG2206,AG,0.012939400474444751,0.001732727312445951,0.00218058675934586,4.100950427199908,6.638509964930128,7.508109994416149,5.553650775570283,6.474079854988428,9.305794973833812,2.0672906950649215,1.0763744042234453,3.531636465850812,-20.393226149851685,-11.547849498706464,-22.308959520234662
2022-01-10,2022-01-11,RB2205,RB,0.019777777777777672,-0.0002209700594561821,-0.00014709718171918528,11.994573040580324,3.9832953230370527,7.695511241370051,8.630093939272545,3.995589799091245,4.933563359841035,6.3973337714381895,2.4282837501698125,-1.2337755890524833,5.277633025225631,17.297258742631094,11.380012813516666
2022-01-11,2022-01-12,AG2206,AG,0.004237288135593209,0.0021588954844611336,0.002206226115414647,1.3498696420722327,-0.8552654886145339,-3.710356760707968,7.160703505744901,0.6709287505167092,3.825980660787631,8.539335850831419,-11.083503691153588,-3.1330131250619973,12.06202538838874,-20.06809705498277,-12.955049330169807
2022-01-11,2022-01-12,AU2206,AU,0.004066128083034526,-0.0014600516315500657,-0.002434479795563984,-3.2231997054032253,4.274661316840081,-0.773600255627048,2.147556487123353,2.563258792903077,2.6077271790713783,3.944465241949035,1.5561585113068854,1.3704161200457625,0.02706552583956351,-13.89248982776659,-9.043968680136324
2022-01-11,2022-01-12,RB2205,RB,0.009150326797385588,0.0017793599000773578,0.0016975459554349995,7.991501094531465,-3.6332770702382042,-5.801940349342864,9.905538912516338,-0.19241768409394933,-0.09394475403697733,2.3621614863077816,-0.21048162581036162,0.5040007491666562,-5.389460318003038,-5.043221213837717,-3.227075007699634
2022-01-12,2022-01-13,AG2206,AG,0.010341916420430586,0.00488479255260595,0.004115902183337664,-0.05235534639127737,4.89756442855104,-0.11739407949802061,3.7287849666093105,2.280399199025665,3.471827238400693,-10.65012314206038,-0.24263124612032327,-3.522304076735849,-27.47312176373594,-4.1144580060722085,-12.548147220432092
2022-01-12,2022-01-13,AU2206,AU,0.0021308331557639004,0.001338437440485708,0.0019303968279992827,1.0986453148312672,2.426430742907624,2.5266688342371317,2.1066325040766487,1.293787511165402,2.002673269872045,0.32107664840721317,0.7428885750295997,1.4481416651554868,-6.19230771974303,-5.7175129789011425,-13.055747539926337
2022-01-12,2022-01-13,RB2205,RB,0.00021588946459405456,0.00021788865975724494,0.00014282808951142793,7.626012123926037,7.311005061356891,4.952830380859286,7.99075066205682,3.985550896073694,2.941051911090673,4.794381537446694,-4.866385530137804,-0.9746568222558024,5.277633025225631,-20.289919931653817,-22.83478044266282
2022-01-13,2022-01-14,AG2206,AG,-0.0010414496979795906,-0.0004220299703914473,-0.00043897935511494666,5.979696765428352,-6.219960672390335,-2.4168917184985808,3.641203214588493,-1.935380420256077,-0.7416134224789643,6.679699395622926,-3.38776707615207,2.758848782372562,17.568640007412636,-27.29977998753103,5.8865441738805515
2022-01-13,2022-01-14,AU2206,AU,-0.0003190980162740553,0.00026638962303581875,0.00040279445693401004,3.538665058154243,7.160679327709566,9.26968021977049,2.087866484856775,4.147124334297479,5.018648740712087,2.1057553735108434,5.519036225725454,4.393642721408039,4.284445123634957,7.117789735189696,8.63041357300296
2022-01-14,2022-01-17,AG2206,AG,0.002527379949452291,0.0029203191384312875,0.0023270205189314993,-5.527431895827956,0.29317363200130275,-5.362902178324978,3.136044363909788,0.4220669976251372,2.6610773890259702,16.419006464394222,6.486039812671805,6.522737247717792,50.14550451987698,19.06371143829245,22.124268188552193
2022-01-14,2022-01-17,AU2206,AU,-0.0007476635514017671,-0.00047853250946401144,-0.0007553926374803401,0.1296858009359334,4.83452138037344,2.877335743616819,1.2314807520726272,2.824434592141073,2.7663184779913554,6.455086126216556,6.5519819551957115,6.219161567900903,6.865020905074292,5.7509122767389265,7.737565180759827
2022-01-14,2022-01-17,RB2205,RB,-0.025053533190578126,-0.0017282354701228422,-0.0012692805935650532,11.121390225575277,6.556538546092568,8.571233238006366,9.600011779012554,4.5021362953078405,5.190948937858435,6.318359799351886,3.632708506384554,5.810994999469407,-2.1303589241495358,7.007074549271897,6.19699641186398
2022-01-17,2022-01-18,AG2206,AG,-0.0002099076406381073,-0.010058760417846238,-0.010006427401837844,-9.150770285960272,-5.755257684050334,-5.5882351185472565,3.5444193965583937,-1.8503009879231018,4.569698424871984,-14.295231665727378,5.511293304312395,-7.0030258605228255,-31.533354843068043,9.330249578905162,-18.98872210877826
2022-01-17,2022-01-18,AU2206,AU,-0.002723776970732894,-0.003837753231175176,-0.00596601132649572,-2.8707811480600465,0.39731286275393396,1.5915179482452366,2.840942552344228,1.8460589325814902,5.2487812151450415,7.748819917209051,4.651902510104199,4.400775811279993,2.5212577109373866,-2.3479956531471915,-0.23197884138163263
2022-01-17,2022-01-18,RB2205,RB,0.01143611172201453,0.0012856226326146837,0.001482673553612613,12.769487834764982,-0.4753327297166692,3.538293929169917,9.992089074332423,3.5894453995903626,6.1192557551338815,2.7593529392005003,5.722040181643848,7.073596555538701,-1.1113379436348725,46.082946506630556,18.535494274279383
2022-01-18,2022-01-19,AG2206,AG,0.030843474611833788,0.0008399832497250321,0.0005660883482487312,3.101007018063213,-3.3506044992563755,1.8983083129784522,2.7061538809155437,-1.2032545673241182,1.4275870434041789,0.8956323213902372,2.377819800031162,2.377395265136166,0.5084032987105366,0.4866883743495898,-2.8357725649131345
2022-01-18,2022-01-19,AU2206,AU,-0.0011780455153949099,0.000694537225728805,0.00075062628248769,1.6401819644267417,-1.8846312582503328,1.290909183366467,1.0742272327954323,0.9151772412268477,2.1948143383095147,3.430525571785529,2.3788858397529826,3.041448538686623,2.308127281228002,-2.0786407942857696,-3.123545946797016
2022-01-18,2022-01-19,RB2205,RB,0.01792656587473007,-0.0013186815097715626,-0.0009045987535403347,9.862021446610898,5.191752548040107,6.659772529100875,8.859194821005332,4.513520132310177,4.602286858114901,5.858263135563034,1.174100360602545,4.422704434421944,4.352851160887176,-5.260071343338024,5.8265497910051876
2022-01-19,2022-01-20,AG2206,AG,0.011979695431472148,0.000629656857826962,0.0010211517906868583,5.145845421597684,-25.203159696099704,-22.67697900670608,3.592794275146757,-11.38544529239298,-11.954338143748446,-2.8372745625272078,-2.4496620141398924,-1.926808596878559,-4.976070623197253,-5.270564856906871,-20.76038928201736
2022-01-19,2022-01-20,AU2206,AU,0.012522744300545785,0.00010710078193811837,0.00027795866056890163,2.66472163482013,15.302366050977128,17.58809836109978,1.461615365177312,10.44164679270722,11.04694916442791,4.36770432540885,5.165788885378343,4.531293081459743,3.4915479938893195,1.2205019833597812,-8.608378809991754
2022-01-19,2022-01-20,RB2205,RB,-0.001059771089444661,0.006717979540355996,0.007205951581938964,8.520805374007171,0.7406055871634964,3.3049642309358247,13.00882993965159,3.4823927300377204,7.909989660317027,12.255672588551871,-2.315112267217083,-1.8043172575206468,34.02984681624363,-32.456189336449945,-17.657377736348902
2022-01-20,2022-01-21,AG2206,AG,0.018644747393744998,0.0024395214375409094,0.0031181874217599314,-4.3725705193287645,-11.608811971017705,-14.733449291481683,3.545464972845318,-5.534295532648999,-3.694171414397648,10.308981296749113,2.507325898715483,5.47353722474677,25.07414761746269,-5.772949911160562,8.474740401423588
2022-01-20,2022-01-21,AU2206,AU,-0.0005285132921092339,0.0017675893083382982,0.0051693107648746505,10.669545078237055,12.621944782052239,19.718366255061024,3.274142677780204,8.619956119290418,8.924187172003718,2.9111229306365334,8.110233190890243,9.61334218059859,-4.269960577715278,14.05711775537594,6.777157076772671
2022-01-20,2022-01-21,RB2205,RB,-0.0004243581582855649,0.0010603330438895867,0.000831654832511414,11.70486091477816,12.877813755578003,12.879676330140702,8.772801650523629,8.543822709006298,8.400682924509788,5.239132906458792,9.334073778826223,6.245168853823403,13.824476944352892,29.884374772367444,17.3864906436126
2022-01-21,2022-01-24,AG2206,AG,-0.014627396718719154,0.0008022463326380473,0.0011046538428694564,3.984301340761874,-19.95485792424898,-17.392784975207597,4.099499428164046,-9.944570389180495,-8.896616316202314,-3.042268219560693,-1.7246784665842336,0.9761432749017458,-18.289195473871917,-25.0145390896739,-10.524425714551613
2022-01-21,2022-01-24,AU2206,AU,0.00015909211433418058,5.2852725891757674e-05,0.00010696786442363454,1.1557783931149919,8.227343964281436,8.517935420860628,1.0406723006581364,6.662749184108703,6.805345196334889,5.683733849197554,7.925667005592606,7.4208467800518,5.277633025225631,15.38045166214265,4.471244747459909
2022-01-24,2022-01-25,AG2206,AG,-0.006654567453115545,-0.00433925730179582,-0.005314808749213394,-1.6962834789437946,-11.355254481781063,-10.329349571797877,1.2315043016507308,-4.561784314823612,-3.1474117876293524,-23.088656780173853,-1.351935207557266,-21.193003414772132,-35.27701478414859,17.809395101418595,-51.190562305876185
2022-01-24,2022-01-25,AU2206,AU,0.0012717253073337709,-0.0028595656003504097,-0.00519559109295802,3.456620054853948,5.151090923903379,10.534864851132037,4.378341880208486,4.830819574822291,9.788750294683716,4.368923975043029,4.162293224504798,3.046437057113249,8.520250173455821,10.088662636382866,21.451752226907576
2022-01-24,2022-01-25,RB2205,RB,0.013304721030042987,0.0019085998795599463,0.0020823051871141428,14.133428021355959,3.5314374978418956,6.839787462103354,9.47546198088572,6.180737482839,7.30472822245186,5.073305345567005,4.896420909426517,7.162577207380967,-9.164286249646658,3.4403372614383634,12.2266666002504
2022-01-25,2022-01-26,AG2206,AG,-0.0016289961311342083,-0.005229295906804806,-0.005171672862158562,10.414296262344351,-4.952493887788891,7.707485639225567,5.243846007858162,-2.5802822357646797,2.85214479694473,16.453181086497555,-0.3691552256366692,2.611596049650049,48.80521687581209,9.523337497885361,30.348029803418825
2022-01-25,2022-01-26,AU2206,AU,0.002329891448239252,0.0006360649000624606,0.0011942548072617384,2.3066180985523985,9.27486665859136,11.256858486165903,1.412866592315094,5.018469020342993,5.55038198246051,-0.54985521691473,3.1829286467980458,2.1298933033893985,-9.979289483385255,-11.676939245313683,-12.82268044794934
2022-01-25,2022-01-26,RB2205,RB,-0.005929690808979204,-0.0010723861617525938,-0.0009025450008187972,6.440198544790719,4.139336888532885,1.2668421561765868,6.556400637243252,2.7403351045099997,0.18424924938635812,6.182882834483919,2.830940425914004,5.532220550783844,-2.9524781886809106,7.677435105652307,10.522912842787468
2022-01-26,2022-01-27,AG2206,AG,-0.032408345148875806,-0.003049712641238592,-0.0028732558524911314,3.36080319647757,-9.987461788188256,-2.159738144330842,3.9414451800420065,-2.5538257835215217,1.3575633013019317,-19.100396056731334,3.6817135317148524,-16.556380640289056,-22.991827637086775,8.300369408615284,-41.681802261139204
2022-01-26,2022-01-27,AU2206,AU,-0.018282694848084535,-0.0005823032905863904,-0.0010462367960395208,-0.21214834889062972,3.1480718916620845,4.22397896875238,1.1761028160961797,3.537252852239242,4.43266552771002,4.787843985653948,4.161840723919117,3.564035469748258,3.4915479938893195,1.643899019707392,-3.3403509405950027
2022-01-26,2022-01-27,RB2210,RB,-0.00574585635359115,0.00022028857892808515,0.0002194559238122522,6.919781638595507,6.637586183028397,-1.785646468201231,7.575923451619408,5.049162974150281,1.9012821211698794,8.54902097476763,9.524472036289971,7.992999337422225,23.323864322369555,6.9564451004071834,3.4972893078834377
2022-01-27,2022-01-28,AG2206,AG,-0.011351692243010247,0.0069105966076296,0.007647526825210027,24.491726876097953,-11.089501115501417,10.856330707668112,12.526041535585243,-2.973061273875117,8.830617339049137,7.281239936563212,-8.928910489695447,4.961527953144045,-0.5128164905077338,-41.22275638687518,-18.027945593905823
2022-01-27,2022-01-28,AU2206,AU,-0.004358119014311823,-0.00021133830056993555,-0.00046254071417350934,2.4101225850010555,1.6281845291038501,5.951824895399147,1.3918786471548796,3.5946132521967464,5.5385564460562815,5.035138428526863,1.4437632877538422,6.463101461762762,4.352851160887176,-24.37064230529454,-6.847317982914247
2022-01-27,2022-01-28,RB2205,RB,0.029418034534214543,0.0006389096160262712,0.0006172265180564247,12.21158807843998,4.4396060924706955,1.5081343769251419,9.059336389125832,6.54805039725842,5.017860102500725,3.605931659702452,10.567202707475587,6.562037474097564,-1.1113379436348725,26.243948070031273,9.243685466230689
2022-01-28,2022-02-07,AG2206,AG,0.004665959703075373,-0.004195516957680345,-0.0044034161016621165,6.0592837661101715,5.534006288542987,7.130285814335206,-0.6816532018145027,6.024577137722487,3.0733159756239803,-24.08170165126848,-6.817516012057268,-21.446851854253396,16.37858485950708,-33.4956317310129,-37.076073557946515
2022-01-28,2022-02-07,AU2206,AU,-0.0016632685910505929,0.0003766985111140262,0.0005762549516907505,2.273904504432896,5.2243504913237775,7.366598190466609,1.2745870921319824,5.176916822785847,6.035853452795053,3.987399104461356,2.144636359448464,3.311962085334382,3.3596632592965023,-14.535458154851847,-3.9726161719050146
2022-01-28,2022-02-07,RB2205,RB,-0.005743589743589794,0.0038445156280319664,0.003439916884658417,23.28613952071959,-10.841647741977951,-4.326135077493166,14.483074386027415,-3.7105283678567633,-2.1122318548580687,3.819389950410702,0.5337342915724306,-0.3106111155106811,13.55934539649536,-12.068431173994238,2.3955468361528305
2022-02-07,2022-02-08,AG2206,AG,0.0010501995379121887,0.0025483131225099336,0.0010291737212216442,-4.370044242082484,4.54428449767802,-3.7725623743601875,2.0621516682867655,4.785262970619657,4.273417330645711,2.5302494737549,-14.766635760449086,-6.3842688534669385,19.51668366977651,-28.368235816264324,-24.38532038995484
2022-02-07,2022-02-08,AU2206,AU,0.005310873880156608,0.007161541525344434,0.003812060536009404,6.524616962583684,-3.3216865712916857,-0.42896221500914544,-2.962430814634696,0.5575590148690965,-4.5201740523495495,2.8240124581145443,1.6006764291701205,2.493977435327791,1.2544815451119857,-11.24117138244716,2.113808363744062
2022-02-07,2022-02-08,RB2205,RB,0.015085761520975405,0.009480697558405627,0.005341379985785955,-9.45412118370868,5.871246822699057,-17.45739843075055,5.9340426901732535,4.576901245335884,0.6708464405176304,12.356733350728163,13.35749939476568,11.800154193833231,4.874389873353377,30.05784072220945,31.773708642389995
2022-02-08,2022-02-09,AG2206,AG,0.014096360193561974,0.005053706270766938,0.003319683674032662,-3.9991133103706056,2.9255876814977713,-4.851589186794339,-1.8558612446618525,4.680986046747279,1.3219498817230835,8.51877267354049,-4.605275346325532,-2.210414733025388,1.9040449996580064,-8.625934448101967,-9.73237240994841
2022-02-08,2022-02-09,AU2206,AU,0.0055003738118124534,0.0018256018816042747,0.0017442084135340754,2.5385790613462937,0.3634088491553089,2.088964800068462,-1.1546468724602086,0.410106838959035,-1.391548470515993,-1.3635151011062108,-0.13830591516292023,0.14236868014167242,-10.668187705826044,-4.586332625202502,-9.070312211763328
2022-02-08,2022-02-09,RB2205,RB,-0.011632653061224518,-0.0016518690520574654,-0.0015227753379013183,6.308961572240694,-5.513314710291472,-13.44595647973313,6.119663814361422,-0.6760068591642567,-5.602199784707665,4.229467471326882,4.635745178949764,5.867608846422149,-7.758118022336336,4.041444204237756,16.440208157774443
2022-02-09,2022-02-10,AG2206,AG,0.0010349824052990897,-0.0027313810446780284,-0.00199524740683845,-8.220018620673928,-7.175698977866076,-18.129312425417957,-3.4699120039933007,-2.4347017503511448,-8.450685718382337,9.402522135180082,-2.735295534954858,3.2915672291862172,27.456770507097595,-16.713615873284045,10.92601483141018
2022-02-09,2022-02-10,AU2206,AU,0.0024436889077772417,-0.0007473442935787893,-0.0006533007495432244,-0.8463461342126162,-0.6130787711248376,-2.395596565231115,-0.857658632463906,-0.26331099013790116,-1.7431004961589962,5.12593412271645,1.1831052058105658,3.0322507169758603,-10.375441944960125,-1.786139739274334,4.860773621370637
2022-02-09,2022-02-10,RB2205,RB,0.021649484536082397,-0.002445985728260414,-0.0025169906256709176,11.89772722936866,1.4690657486829664,0.3823718354032053,6.739563280179868,4.3331836694183865,1.8070515384057833,26.6118577186185,11.162260349039999,13.454179567381336,74.73735063714302,20.29289204342846,33.09757919042282
2022-02-10,2022-02-11,AG2206,AG,-0.01798635517882985,0.0022795575097606714,0.0014980210652132335,8.05924708725293,4.914623164916722,10.687915041689934,3.9500211613840364,2.4999122380484073,5.2485071632514595,9.12926145179755,2.83076547181151,3.877125737781066,30.82967345472426,5.251598649504247,18.09424130752671
2022-02-10,2022-02-11,AU2206,AU,-0.0049851506151887826,-0.0002655830892299194,-0.0002544296650251589,-0.4761229821097275,-0.05096601800820899,-1.1167321502510696,-0.9785521233621477,0.6873361052425349,-0.6652665351301672,6.31399911733905,2.1938323964158686,4.17651391271458,6.865020905074292,-4.146480042589218,0.9465865402835625
2022-02-10,2022-02-11,RB2205,RB,-0.017034068136272507,0.0014443415282997386,0.0015624140982916405,7.066736505343931,-6.502469287511311,-13.267750262413898,8.087947005465335,-1.42623006088346,-4.6970054654015545,-1.370111207133239,1.7401222964279006,0.05631269274778632,-14.415432296461999,-6.640817583205701,-13.775923026416239
2022-02-11,2022-02-14,AG2206,AG,0.03002939941201177,0.0002067610882999947,0.00030268155727088196,-3.343583686572155,-13.285026268842334,-16.857801510122528,0.6140138521033975,-3.640068983918501,-3.6598539350531447,5.26075711667568,3.60832479871532,5.420527311311962,0.06221301001339544,21.6342829203352,-6.785965922659314
2022-02-11,2022-02-14,AU2206,AU,0.013865278368040634,-0.0007421937466288371,-0.0011978157181489536,0.30999964059562934,-1.4289094065923615,1.2459621787073534,-0.5230167455449672,2.131946139107586,2.4271299048752346,5.312315367749581,4.0423485364363785,3.804232640877187,-8.258054212659923,23.86820726325063,7.122478268648986
2022-02-11,2022-02-14,RB2205,RB,-0.016938775510204063,0.0070387419814760535,0.008036552463278867,9.343421844653163,-1.3953347471232638,-2.5263290275317085,8.328862934413213,3.0058914656994054,3.4948183882092745,27.859987349583456,-0.7179164295245601,6.651394632544817,62.13344667794456,25.26742426789429,30.095175960938462
2022-02-14,2022-02-15,AG2206,AG,0.00020337604230213913,0.0025231300181212226,0.0030231890995821133,8.578114271941995,-27.857530785414365,-20.60503563678882,4.877300167101442,-13.837782455991611,-12.221062145642817,6.122786712012138,-7.663269469109743,-2.3513896344905625,25.95861367023304,-18.499248610968383,4.609534023756626
2022-02-14,2022-02-15,AU2206,AU,0.00953029271613337,0.00329910372130211,0.005343274681186718,7.906968117191921,-13.897093848442008,-5.140128084428767,2.8534735929095607,-5.774276835205848,-4.339328213814937,10.674510299812528,6.682318656616092,10.548168008091663,13.039950630807015,8.174960092937589,26.346099785841464
2022-02-14,2022-02-15,RB2205,RB,-0.01602497398543179,-0.0010198879007455228,-0.0014741986364192414,18.041544116534492,12.885517585227788,17.48341974000852,8.211922208233734,10.255151670681377,9.345257791251976,7.113524526080894,15.571054849727188,11.540842466690025,19.119559216202767,28.595153828854226,15.809729461985045
2022-02-15,2022-02-16,AG2206,AG,-0.0020686801820438694,0.002443495412475845,0.0024580652627840902,5.216838107798781,-4.264188498342307,1.367397416566014,3.674294009584351,-1.4961146971045802,1.7444337017543556,7.746531301544247,8.770600558346706,6.937912791226057,26.822145883304362,7.900469016259937,8.062086162095957
2022-02-15,2022-02-16,AU2206,AU,0.0008959156785242062,0.000628568456083981,0.0010178648084199378,2.531686345938882,-3.0393993980040905,-2.340495200715409,0.9932459943110228,-1.6273340863314991,-2.3507069299849594,-1.4401573374014518,6.269289394876657,4.207339289643902,-4.586545771184698,6.10483728542976,7.017056721728634
2022-02-15,2022-02-16,RB2205,RB,0.018335089567966367,-0.00249428522582793,-0.003972131331974059,10.67489464347988,12.790468923787401,7.453749710830545,8.207435000006427,10.26154428513584,8.048590111361955,23.144140505726632,16.310525540895526,15.663615261610634,44.74980720836848,73.59166755727031,61.296124959357456
2022-02-16,2022-02-17,AG2206,AG,0.002072538860103723,-0.017227661512709578,-0.01584006300384006,42.66452068144467,2.881062671651245,53.67667575942114,26.20424114072382,0.21906542001992957,27.028981871230293,6.074066705863387,6.552002035642789,3.412295031478098,-1.9827585880780387,6.43174388246309,5.297239571012372
2022-02-16,2022-02-17,AU2206,AU,0.010645586297760357,-0.01589409733563806,-0.021856741779630318,9.141085320388324,4.517379833358564,20.217732321003204,15.01052426397013,0.886797346345054,20.189948442955874,2.8193310282499042,6.307432862778453,4.831590849110305,9.914553711033964,14.013670760664779,17.911303322914552
2022-02-16,2022-02-17,RB2205,RB,-0.030816959669079602,0.003589151958094129,0.003948881631257161,12.655455438536803,11.309353030068756,10.065914033169072,12.611872734690515,7.968751107252562,9.643037284767432,3.1505122054388157,-1.3250474209441445,-1.8045941394878564,-7.95974810902142,-7.799417622529641,-6.286933350505733
2022-02-17,2022-02-18,AG2206,AG,0.011733223548785476,0.00020727536606486002,0.00014690046697613313,4.16987536218306,-1.262095443260982,1.918322704478988,5.025940234528574,-0.13548836464791236,3.1182317230929284,9.954113427230178,4.5090404639341015,6.069112149106036,12.892896636518874,16.938199607418404,10.883351054069895
2022-02-17,2022-02-18,AU2206,AU,0.0026970954356846377,-0.0008955145856184816,-0.001008815891455268,7.7166964124945565,-7.429320848562555,-0.16853523181440266,4.309633137289617,-3.986302036003113,-1.3442224629105586,12.635253990160637,1.6192010488231805,6.094369427015891,24.71526621697572,1.308944819079456,1.6280931752316457
2022-02-17,2022-02-18,RB2205,RB,0.024217745392198786,0.0006206682727438068,0.0009571898736023033,6.87216724955913,12.78788343333639,8.197642581525441,7.252220950055143,12.01685121682523,11.356625006754747,5.500330546091766,8.598363716168537,11.004474750216177,-3.4840063285795155,27.6412346158418,14.671286690287662
2022-02-18,2022-02-21,AG2206,AG,-0.006114961271911912,0.0047457016747232015,0.004441061247708592,8.605930779527299,-5.095617877361499,5.054800841016734,9.238144704737381,-2.0169344874713224,5.576560024660122,8.450240235695292,-0.6892085817942726,0.12902000041458733,-25.037062444821736,-14.06445471604416,0.47503915481844355
2022-02-18,2022-02-21,AU2206,AU,-0.002274607113316729,0.0053566448910210875,0.008665713333957015,-17.36990761292394,1.7880615322830609,-10.97008959793952,-1.7812691861482666,2.6296505152772305,0.9304523938439364,13.781367059440946,6.2840198817613695,6.897875455838405,-2.6226745899438253,4.636923428555276,9.900756299034441
2022-02-18,2022-02-21,RB2205,RB,0.012539184952978122,-0.00427716648636571,-0.004750529462267227,22.526179290957973,5.528680032416647,14.935513687610637,12.085357433922773,6.030093589612994,6.583247650699564,8.948034585997116,-16.364496948958138,-6.175286777358595,20.242217687837236,-30.724476887671642,-12.451987581926991
2022-02-21,2022-02-22,AG2206,AG,0.01737885912901249,-0.0018328077628323393,-0.0015190476888762843,7.134583482474298,-7.30209247666255,1.2977474714023485,4.4123017103334785,-2.469364513523003,1.5181198264657279,17.530860748257034,7.070137596058841,11.328572337824856,24.38740152114754,15.997986268168864,23.783009233737285
2022-02-21,2022-02-22,AU2206,AU,0.007997523347608615,0.0006205398895992767,0.0008345060031741432,6.339800938008699,-4.753519726012871,2.5044678021941014,3.6329421407423115,-0.39431317764575047,2.949947006133903,7.155321453412851,2.6767517424731917,6.142186519104859,-1.5285195845880069,3.361449796643244,15.741193629906222
2022-02-21,2022-02-22,RB2205,RB,-0.022910216718266208,0.001254705308896434,0.0014159151614892992,10.197811346235243,16.36744779285628,12.269146099709308,10.516567573110896,10.494531781511125,10.053320857795516,-4.198141553570657,0.4388174668322289,-0.9344238370747843,-19.26275791885465,3.150831238418285,-21.988394364440666
2022-02-22,2022-02-23,AG2206,AG,0.0032349373230893264,0.0030715699381950417,0.0026794896133316166,9.755609222258025,-13.176478489366069,-6.135728553785851,8.061667694728719,-6.180105032687514,-1.547654550749329,13.695387697821204,-3.2510530959711557,1.470767710739458,46.25940576268877,-30.358472338284262,-12.26404396383219
2022-02-22,2022-02-23,AU2206,AU,-0.0008249548852796718,0.004188108807770707,0.004200370135647579,10.589346770100276,-7.515668539818422,3.119866998205346,7.438685922369146,-4.144301676411748,1.9736194977099402,3.866105420376268,3.5088235444646867,0.5749336944621923,-3.374568881725813,4.014163779760872,3.4077923524252767
2022-02-22,2022-02-23,RB2210,RB,0.008582746478873249,0.0021542446935175407,0.0027409931506912027,8.604549434077807,8.627305169183106,5.2907301615951745,10.598143690954053,8.83223653882874,10.448214798487887,11.285989075479913,10.639653538663776,13.525478896368027,19.828625318051113,23.790258315589686,41.898888290122386
2022-02-23,2022-02-24,AG2206,AG,0.03143260124924452,-0.006047186337653825,-0.00450651137158177,-10.718466977734147,-2.571126667923153,-10.175120839475145,1.7529198955757688,-1.0539329797468153,0.4801937731817345,1.7614052828439222,5.2522787262965975,3.2498232565455965,-1.2256273552871035,18.4098251235188,9.428079332127286
2022-02-23,2022-02-24,AU2206,AU,0.024100124120810973,-0.007243616476418554,-0.0074150264138468395,-16.966799322205574,-2.631715237865028,-14.83079404040074,2.9973110327984918,-0.5469599206636242,2.9502278518451197,5.333795554878454,5.417195497307547,4.039093087462733,-1.8903820808897653,7.200576027795696,-2.531995683562461
2022-02-23,2022-02-24,RB2205,RB,-0.03153717627401842,0.00021121554624945724,0.0002166048285137164,12.216260981430434,11.193090667380872,11.638433625533006,9.296377797197106,8.21906119721368,7.65517486706024,4.71912326307426,0.35786730234215947,3.8271686168574686,5.277633025225631,-15.89610454422559,4.011699804320956
2022-02-24,2022-02-25,AG2206,AG,-0.037258687258687306,0.00020151133569448046,0.0002685298852019421,1.484642784845521,-34.89501767349571,-35.00392654741997,2.3070494193981057,-16.437993286036473,-17.840975942550298,3.514999525917163,-11.715880741230045,-6.490922340714931,3.4915479938893195,-8.12727502787258,-9.760147116452545
2022-02-24,2022-02-25,AU2206,AU,-0.022036777933239993,-0.002221362142930421,-0.0035457643206690216,-2.269947155112383,-21.99766465450436,-24.730830242404295,1.4065514026098014,-11.042453581924287,-12.080967899607321,3.10742411990281,2.1824472322542907,1.95790991595437,4.096683597186032,-14.103385914720224,-17.86836094087425
2022-02-24,2022-02-25,RB2205,RB,-0.003883495145631022,0.00041779820954523407,0.0006444448956640452,11.575844613448325,9.983823163343965,10.474892726973007,9.52623035169671,10.723459115417574,12.270280936636482,5.144691006966414,4.31813131736514,8.427211644474989,0.9869948743518521,25.773811745485705,14.050927356208819
2022-02-25,2022-02-28,AG2206,AG,0.006490872210953347,0.01184594879594544,0.022318534121442194,26.7348959131801,-13.384119507940998,15.762633271332614,14.466438214838039,-5.98340007321586,9.921197949966093,13.029348481867471,-13.978053360037611,-3.0380208682331005,27.341568562080255,-46.845167984536175,18.641999616597833
2022-02-25,2022-02-28,AU2206,AU,0.00516769159216568,0.010549150925635737,0.025955756203944795,-3.4405899262670343,-3.033159405611862,-6.273651236759319,-0.2387811602195109,-0.024153763985720555,-0.7284322941095938,10.495548133980327,13.418626713033984,14.036152995342714,2.2252483417229154,10.424220389617622,12.937567945989658
2022-02-25,2022-02-28,RB2205,RB,0.016460905349794164,-0.0004314063915052892,-0.0006123770127028884,7.477377304775476,13.351282517542984,10.45251405227871,7.804041130756959,10.05479525999187,9.079901333195657,6.719508071496757,2.666985416418583,5.212058447492667,6.865020905074292,12.80272175716214,9.698968533347847
2022-02-28,2022-03-01,AG2206,AG,0.0042338709677418596,-0.011495538509386772,-0.013243126611988346,-9.760997644255399,-6.07315028198214,-14.052432104965881,-8.482194803140114,-3.1149642016529433,-11.767840282072823,5.594145768098211,-3.2455826212422285,1.8072669400067611,-7.795261601419552,-25.307022243738103,-6.084859403099565
2022-02-28,2022-03-01,AU2206,AU,0.00030846743098034146,-0.011304780995821917,-0.019236014624398022,23.34754469750193,-5.887944116218379,23.978088884747134,11.090042541870663,-3.1341558007017087,9.865276013085486,3.1736850361824613,5.096213309002405,3.959038713438001,-20.255427904764744,4.532396117450593,-8.964217702792856
2022-03-01,2022-03-02,AG2206,AG,0.012797440511897573,-0.00040314453277313065,-0.0003560342838330791,3.8209214200711408,-2.6219816713212936,2.4606812689344575,2.984283326811846,-0.9681124727658417,1.3141246206222128,5.3140114735776445,-0.7641407802511643,4.11064222207935,5.291934248364529,5.204945962607759,-3.8160987152440984
2022-03-01,2022-03-02,RB2205,RB,0.0020618556701030855,0.0036158712160457933,0.003691831169369958,18.516867059532633,4.133733017917146,10.998331174511847,13.627535232307945,3.993632761109319,6.992601897953296,1.1103069096450229,-3.8680764570213872,-3.228769437523378,-12.752989875799068,-15.926536528391162,-22.102490605890168
2022-03-02,2022-03-03,AG2206,AG,0.008313539192398967,0.004007218345620275,0.006419583888198463,-1.653422974043584,-7.919916523000446,-6.340350004718637,5.508476290260745,-2.5579815195786018,1.6680735177789567,12.470262078891388,3.2504437883283597,6.08782044936974,-10.879907530405282,2.8573533834411537,9.98619752559936
2022-03-02,2022-03-03,AU2206,AU,0.0015282730514518672,0.004512596755679196,0.007369169168897537,8.880051408797462,2.8490023524735806,10.708684522431607,6.93450435684397,1.091360189544019,6.179092875674402,3.894267380955911,4.724035741543769,4.8108367676306845,-30.081977879450093,13.35209015908956,10.803840937415368
2022-03-02,2022-03-03,RB2205,RB,0.003908660769389005,0.002684011108545761,0.0025116605938669883,4.590543658436748,12.638955492735196,10.568144530897811,9.296659832257053,8.038732100046772,9.940013609931318,7.079363332646269,8.783108543881829,4.971974976331837,28.052196744757147,6.232021291692877,-1.5095720642289978
2022-03-03,2022-03-04,AG2206,AG,-0.0064769381746810906,-0.0025699332124020638,-0.0028530382751648362,-1.5602513875698798,0.7601130592677685,0.8592221936062767,1.3896665718364174,-0.148778816983425,0.2964368187668116,6.933406255606681,-0.21198704202984597,5.0548595193887556,8.45592946815612,2.921679020448735,11.873929000518682
2022-03-03,2022-03-04,AU2206,AU,0.002642276422764045,-0.004827858443568158,-0.006604906370828692,-0.8359766178361192,1.6231527433623048,2.83663985620357,0.7979269026987592,0.42270317135002067,1.5704110747660907,6.649891189444513,4.114969981300592,5.353366382372292,26.814346782458426,5.739758173113515,15.75254295430888
2022-03-03,2022-03-04,RB2205,RB,0.0030699959066722293,0.00020574015091605674,0.00024085215293256551,5.312160505338523,9.431175795416271,4.782676151637496,7.286027212946873,7.47351252083855,5.87483272844934,6.834343512180873,5.054799765355549,6.679237127395754,19.288666048874948,0.11408448146720784,10.941797403961415
2022-03-04,2022-03-07,AG2206,AG,0.018156700217091037,0.00019629011742294664,0.00021980935405757702,11.403946064358209,-1.9417043149743254,4.214677213837014,4.74910743967228,0.204608890637485,2.074737852919103,6.985417370141181,6.688854757128629,6.9112945411456685,3.6708442383955675,6.073981662514315,12.921548724327089
2022-03-04,2022-03-07,AU2206,AU,0.01792024230186784,0.001016776905087033,0.0013708593463347863,8.696313429095,-1.274981520584407,3.2653623374971485,3.76335519069216,0.19349140884615723,1.3662653221715062,0.1078922418187794,5.58898501641393,3.818916061724239,-10.532413691088623,3.766855416036484,1.234840169638252
2022-03-04,2022-03-07,RB2205,RB,0.03916768665850667,0.0012287529704929014,0.0012597913526631707,7.889545224757988,11.906358415896143,12.622465218080116,8.45140742857242,6.567442631261972,7.356022272050751,-0.648312320504208,-0.010254837812691124,-4.390483925909411,2.7732439059125666,23.231398572134875,-5.870302904704102
2022-03-07,2022-03-08,AG2206,AG,0.03062609032758279,0.000987264370840341,0.0018013540144205277,-8.080148224858648,-25.31272838872615,-38.234183013832926,2.197871646036882,-10.892419447175268,-13.58107441641587,-3.7985752634685612,-1.262434894670941,-0.7866383214484532,-16.197769255569806,-12.628995814463316,-23.783356812926307
2022-03-07,2022-03-08,AU2206,AU,0.023845007451564815,0.003945177338967809,0.0071510467384005615,0.3380596051279112,-17.51364996633757,-19.036761926957006,4.376693974463886,-8.285630427023758,-7.142271449340322,13.632710599550926,6.077026085874241,9.743745976087771,15.660538538637374,-0.8519792396060051,12.973457920416454
2022-03-07,2022-03-08,RB2205,RB,-0.027090694935217874,0.0002040191785103631,0.0002396068344217685,4.193995785503898,-23.784460450476544,-27.73221768052468,7.035144880947239,-11.481195203504232,-14.95985058238238,5.3714653711202045,-23.634928219627245,-16.210797633601373,5.277633025225631,-57.83603199000728,-44.68927434470977
2022-03-08,2022-03-09,AU2206,AU,0.018705738705738773,-0.0017371886736312957,-0.0029574686552798976,-1.5056908738311399,-28.846379019269783,-33.862393265457705,0.48152388992465456,-15.7384093495935,-19.08775444646361,5.262856810995914,2.112027680035323,2.3812548351735288,-3.1418304256543914,-6.963193082382531,5.991452349298
2022-03-08,2022-03-09,RB2210,RB,0.0014802283780925851,0.0012264923859653045,0.002987466663196979,14.962352567396056,11.358891434338036,19.647840614774612,10.246844914177412,7.723018834227597,11.160717611451053,3.08350023175,-13.632746940701708,-14.418794883762834,-1.1113379436348725,-29.58312578626301,-44.37926054952862
2022-03-09,2022-03-10,AG2206,AG,-0.0268571428571428,-0.008878871968930509,-0.020862037904016705,-13.047196301952493,-23.02601682370118,-31.00201789807307,1.6209017112708044,-12.876538115333798,-13.637635301486128,-5.1712796183589935,-25.829061922470302,-26.05254142402058,-60.14826107028566,-91.00786587837997,-88.05813198443852
2022-03-09,2022-03-10,AU2206,AU,-0.010579937304075249,-0.006571765163234502,-0.014350362290333133,-8.86887568439533,-20.67633475425391,-25.43029763547708,1.3412216238491164,-11.788865630496955,-12.012574653326405,-6.705191752404349,-6.642520506642045,-10.44801145486173,-32.802096421208425,-39.256032871851914,-54.839053727604714
2022-03-09,2022-03-10,RB2205,RB,0.009484536082474238,-0.00627468914284382,-0.0053697802026170735,21.323599568837523,2.3258050638427665,18.647270883510707,10.30029645737107,3.3164602693544034,6.333937264192022,13.56271990592228,9.573292981714333,9.56984236478558,11.995022745423913,31.456113008850018,40.27306383362625
2022-03-10,2022-03-11,AG2206,AG,-0.00560494781600307,-0.022786034319789875,-0.03726062121106354,-12.12844055234443,-11.398795540079362,-23.944891415553446,1.4119523604611897,-6.407795985486963,-7.047854391789034,-22.660503777727698,-1.659963693453524,-16.730814203305524,-32.80353345255077,-5.360788233903054,-29.643953977507962
2022-03-10,2022-03-11,AU2206,AU,-0.006577332744318487,-0.021418660536641782,-0.03400528627754363,-19.503501975363577,-9.829490474825132,-21.346382692822335,5.933865891551331,-6.578175570848433,-0.509605282832267,12.01183381213699,5.134190894945382,6.360961575165052,-15.25964166886318,2.192136645338111,-9.663418446330468
2022-03-10,2022-03-11,RB2205,RB,0.001833740831295838,-0.011684052158374479,-0.010552337738726762,8.073963399435817,2.484067431823032,12.41034293029234,11.882529383027816,3.607796639208986,9.32004374311234,0.6333531623352853,0.5073134833087433,3.8994299505375434,-10.40478212268354,-13.341108329818896,-6.061539742201178
2022-03-11,2022-03-14,AG2206,AG,-0.0033307210031348067,0.012642393415176527,0.01203216374690858,44.06620631096956,3.342985762784557,48.584188040023804,28.04374392592812,2.2162110883502675,28.992255598791633,15.43574471953552,9.667622549527927,11.369465858778542,14.381429526887294,12.771007007006387,-9.426859818751694
2022-03-11,2022-03-14,AU2206,AU,0.0003479471120388933,0.008527890392604862,0.008906779619595472,21.795410400076207,-5.724041765690811,15.316186337344698,17.200934096041358,-2.818427278632177,13.216349332686722,15.033570998834085,9.302532451676525,10.160821740295301,19.01016324907453,11.840909771341384,4.373966790446803
2022-03-11,2022-03-14,RB2205,RB,-0.03633004926108374,0.0024479816386400372,0.0017445690153374412,7.411876025704469,11.885918229385211,11.012086484305652,12.11290162479482,7.693235567596469,11.273126540716042,8.046810875778386,7.039513248736582,3.969536908763415,16.753799274880286,7.029530357514433,-12.313544573501993
2022-03-14,2022-03-15,AG2206,AG,-0.011332007952286283,-0.00800082324352413,-0.007504398741009896,16.89338218914223,-7.865208204598365,8.947482319544578,9.520796044835027,-3.3772656897976954,3.0664600762529317,-5.758449854360978,9.753651188527524,-6.722531841974893,38.567217555982985,24.409601793342617,1.1358385714193346
2022-03-14,2022-03-15,AU2206,AU,-0.01453982212451288,-0.005996499371922031,-0.006375042920530432,17.96211634318829,-9.38811763305134,8.38875768745717,8.992917511024324,-5.243249532562951,2.4266181407489724,33.181771601457605,8.853874439773803,18.11545299974186,34.0487251404053,9.823428777659078,42.67086971148762
2022-03-14,2022-03-15,RB2205,RB,0.012569237324243643,-0.00919405802220637,-0.009322561493324865,22.065146368227346,-1.4149921886071235,13.737312176790667,12.78609844105576,4.081559866747624,9.294585425513365,-20.230896712088597,-8.740577102461613,-23.73938956142941,28.564356880361522,-37.16443266058583,-49.64735611970848
2022-03-15,2022-03-16,AG2206,AG,0.008646692137542766,-0.011268281728980131,-0.008854128704372728,15.247582511517487,0.18177219490584173,9.687891410175071,8.342831175463868,1.8120746210047805,5.572496303629608,-12.532448462144304,-3.407318131727965,-14.872555922107237,24.211850201053572,-13.020458379244134,-1.8109686828182725
2022-03-15,2022-03-16,AU2206,AU,-0.0057462496821764075,-0.005530794636362801,-0.005067114520646216,2.3841636323263886,-7.222324078558711,-9.220225547653058,4.9111235909531565,-3.0904865749695145,-1.1252676371411963,-9.29256936992534,9.500662360145116,-10.097255746840164,41.3699971987062,37.175635991725244,3.623533125655997
2022-03-15,2022-03-16,RB2205,RB,0.03678646934460894,-0.00021301523139451422,-0.0002100569108040899,28.837766793589104,12.319574684309089,26.505151957511284,14.042540635392726,10.53092135240523,13.240053853833974,15.811720693271825,-18.58161060094135,-0.34094291636286844,13.568924537479628,-42.47291603733144,-46.631757862891064
2022-03-16,2022-03-17,AU2206,AU,0.008775510204081627,-0.0029450615375934664,-0.002441856732753325,14.717172452468281,1.885549355398546,13.04712229211125,5.90236882229655,3.1161802108387957,6.72591271125963,5.74092894239766,-3.1859881441245057,-6.291543475831916,30.538691633396567,10.638222069236662,-13.272852809588583
2022-03-16,2022-03-17,RB2205,RB,-0.003658536585365857,-0.004850795128030796,-0.0037994236811768967,6.9805404989707736,-8.582933048251522,-13.595596002502063,12.606312251393287,-2.1889119998440623,-2.5955213034020965,19.138664564902868,-10.209990078564674,4.584850751077395,43.95265944797344,-34.29643843003847,-11.827615865018757
2022-03-17,2022-03-18,AG2206,AG,0.0009769441187963412,0.00199163579078092,0.0018554979649344208,-12.881643165298925,-8.757507668771964,-30.259270877948985,5.2719193721255095,-3.766452620575357,-4.427808048890968,3.171372382418494,-14.784232713299737,-7.892101249437386,0.7952796782934198,-25.636525754241283,-49.95670881226167
2022-03-17,2022-03-18,AU2206,AU,-0.0012109591805843367,0.0024519832472866244,0.00208973957610118,-12.114963453593354,-2.42027434516935,-20.757696853946015,4.070723739723488,-1.1633104571929427,-1.0846907933462817,6.640634492495552,-10.657914239920425,-5.419173613884412,5.086365183863905,-8.903646895622952,-12.62628340928009
2022-03-17,2022-03-18,RB2205,RB,0.01040391676866581,0.003257331870306505,0.0022621912694789203,5.3788452539358405,16.96047961729646,11.416160075681917,12.673461348984823,10.713806089660805,14.311888122579505,9.3254030781041,3.7808477857535605,7.3553787869179645,9.312095847598876,3.8053385972997007,19.552988349108077
2022-03-18,2022-03-21,AG2206,AG,-0.0037254901960784848,0.0039154317836734,0.0023059410819312944,17.095852060955387,-0.4448802224014452,13.84655228067625,8.089809398858984,0.7865915775730681,7.052707033306319,18.841566120020776,10.148530211597265,10.439909118907885,50.245910189856005,26.871135796466852,13.52673192939494
2022-03-18,2022-03-21,AU2206,AU,-0.0053416649868978094,0.0023742780974978462,0.0015516846034453345,10.264273445774096,-2.433047317352144,5.888375662287778,4.725084921404962,0.2886995445890679,3.7503697374086125,13.930303963523633,3.8209925455427554,7.854000136703303,36.09838047356055,-5.472370180714817,7.807566620152774
2022-03-18,2022-03-21,RB2210,RB,0.0,0.001454243530413843,0.0015907433328123145,13.621598594104508,20.460177899819342,20.58767716266203,12.582579883050965,10.956023504615558,13.081060117718364,-1.8930246999267293,5.251949003399792,2.201260747413085,-5.133978782397765,11.56826471132875,-9.583408886031352
2022-03-21,2022-03-22,AG2206,AG,0.01333333333333342,-0.004499665226785156,-0.002503047727372894,0.6118764048343368,4.924517158929299,2.6279184825119386,3.856940336947309,3.3219910383101374,5.014567812061483,22.840310549392488,5.585916272112744,11.605433757610177,68.16066586629181,1.625692676994423,29.761625137466147
2022-03-21,2022-03-22,AU2206,AU,0.005773905996758533,0.0024723138807084643,0.0015892028782852246,4.404236206249311,0.8882902922642342,2.701497586802552,3.8812242237631707,1.3884667802414268,4.2732787105037575,7.287209341474108,4.275852084830519,5.991542949518616,9.379393005064435,-3.575185712616035,11.480466252584415
2022-03-21,2022-03-22,RB2205,RB,0.0018333672845793902,-0.0060753528300370755,-0.00445435556176418,11.745180211344056,7.167573354553445,9.563535174676161,10.078518837949307,5.81890338797999,7.680015615346482,10.207365197634129,8.984016373970809,9.991352970812464,-0.39214044801916564,15.125545512794485,21.78102151160496
2022-03-22,2022-03-23,AG2206,AG,-0.0033326798666928337,0.0037324471186853084,0.0025037452478330457,-8.310237236410153,-15.410777904845975,-25.21320186267043,4.302609652493798,-7.713416095265792,-6.063374143589899,10.150639220635862,0.9628248323784011,-0.9095130985639145,5.683316105522633,-12.458342583093554,-7.143869379749298
2022-03-22,2022-03-23,AU2206,AU,-0.0035842293906810374,0.00030393597316180247,0.00016716329900737071,-3.3063919927502723,-4.689208771570903,-10.7982962379794,-0.11701957796312223,-2.865479958825507,-4.5487962121805285,4.329991877935115,3.547465050571713,3.9522238268078658,5.948337841109282,11.280010233940292,22.754058983648903
2022-03-22,2022-03-23,RB2205,RB,0.014861563517915233,-0.0028478457001481212,-0.0013669328430249692,8.949523478796495,9.070817195190386,15.318950579369302,10.24690936919286,5.890805369147358,9.689648246045806,8.45822554979088,1.8397163963569543,1.9932057507598806,8.56137458968021,26.033159363732963,10.931579749735748
2022-03-23,2022-03-24,AG2206,AG,0.003130502837018101,-0.013049167539511207,-0.007877339825749782,-2.380577467016374,0.7468927696717693,6.554100973255251,5.836787397749411,-1.365855573040736,5.4332636341591,3.599206041998435,9.84060176534013,7.8658123842700345,-5.518156001986002,17.06523888860098,11.599545016444129
2022-03-23,2022-03-24,AU2206,AU,0.0063556116015131,-0.002470568730858361,-0.0014223185044977716,2.051288749336119,-2.298112541344146,0.48324937025769543,1.2154270073326527,-1.61309934227739,0.2334803368117666,17.948895549306936,5.66918436328675,9.167023532431955,33.8751604330818,14.879862245917794,23.072049411646102
2022-03-23,2022-03-24,RB2205,RB,-0.008024072216649913,-0.0012207529491594458,-0.0008014932155715596,9.916276495245667,-0.23915900952171976,-0.12193970924484887,10.421101876403716,0.2349087033960524,0.8329960728490367,11.019858307798238,2.9471964630341834,7.806655465611644,12.779659381886637,0.5822870809844473,1.8320541479198684
2022-03-24,2022-03-25,AG2206,AG,0.012371931181132778,0.005296726458934952,0.0031581915881191613,3.781766361421585,-5.16789222693219,3.584171458081072,7.2874966117866835,-1.6932951004194883,6.148043268089182,5.481299567775942,9.407063549689303,3.1147569978443843,-34.29221237667631,23.386997458979657,-7.432340863641027
2022-03-24,2022-03-25,AU2206,AU,0.003447242206235046,0.0043980557710963306,0.0025911063002712,0.3444559364787714,-10.009030684115164,-3.9172951170777632,1.950408141880842,-5.23714148138264,-2.1920679828822265,7.918568701277976,3.796959650769501,1.9438845129587188,-17.692970807504224,11.918571104826746,10.882931926444686
2022-03-24,2022-03-25,RB2210,RB,0.01821903787103385,0.003867689299767908,0.006231605458071946,13.531709166353242,22.885707101716775,24.71029429163508,10.28170851605112,15.841102113977668,17.267895164100405,22.48635878374831,17.138129123850803,20.43331200707183,49.106808502864354,46.16480560569855,48.720390466532365
2022-03-25,2022-03-28,AG2206,AG,-0.01510227489963678,0.008932098219814603,0.007904208521671117,15.884754021478617,-5.5404398302683395,18.30131478882961,13.6808488092285,-2.3007452925261185,12.51490259276669,7.658532304105952,-1.3828217142636792,-1.0451553310145731,1.5028557136689158,-21.466144677520756,-13.103707822740297
2022-03-25,2022-03-28,AU2206,AU,-0.00951432129514318,0.003252686331631123,0.002296399804291354,1.7360825843377978,-6.773868700569417,0.391248899575539,1.2848478635293326,-2.9516871669096356,-0.34053507162855423,16.612554912231726,2.115845082621365,5.544794622899002,32.943444167459056,8.638432307147275,10.896779556107571
2022-03-25,2022-03-28,RB2210,RB,0.011457286432160707,0.001639008766830509,0.002606965974038646,12.441137963407616,13.160532690241919,9.253842643052927,11.21959860386927,7.981152916007607,6.942158111393628,2.5296384175668982,8.524270356865916,7.735564555733067,15.228431599923802,-3.032187494346183,16.3369475838858
2022-03-28,2022-03-29,AG2206,AG,-0.006599378881987583,-0.0011463509088765794,-0.0009372837260415871,-2.722319822585543,-2.728870405910822,-5.4916163363895905,0.7153396337828601,-1.1607113820558532,-0.7281736254872437,4.2721281379585205,12.36028904567969,9.075045622635695,-7.468996994099673,50.539916023737405,15.873477031561272
2022-03-28,2022-03-29,AU2206,AU,-0.00702917105989842,-0.0004980079784201616,-0.00037716606835326203,2.2895174572065127,-9.81964001766925,-5.364461334186904,-0.4273351644895387,-3.453106247090092,-2.820208404319946,6.2226553919491385,1.7275414364470776,5.711224954103074,-6.316971646291869,14.942237059019373,13.768631192032739
2022-03-28,2022-03-29,RB2210,RB,-0.003974562798092163,0.00020102522934321564,0.0003974638273892116,6.325471901235403,15.841701321194524,4.229456098779128,8.008812279259468,10.121766655207367,5.602106303171439,6.933012381031009,19.43530613735895,13.76506430695413,19.033226171495773,26.974942907105213,27.252166615813778
2022-03-29,2022-03-30,AU2206,AU,0.012153846153846182,0.0016582501727058425,0.000913850750625019,4.501416786289081,-8.097996866767279,-1.8106755323895611,1.421754688882102,-3.197760494304512,-0.8764185758027332,5.6677552415624355,5.316085740721208,6.030672693172791,0.48414873658723456,1.152449524902433,8.039794819021672
2022-03-29,2022-03-30,RB2205,RB,0.015455640305098273,-0.00574999105794566,-0.0019896817581415405,7.998435609270617,8.4695966315412,10.015096835343247,10.993846084183122,4.6333611866549065,7.497151203434056,3.7098340247383286,13.332669082078692,8.831743964767647,-21.540588277561085,27.483485021587093,12.192149094160392
2022-03-30,2022-03-31,AG2206,AG,-0.010466034755134301,-0.029142710625061487,-0.02530385808723048,26.52286017515448,-10.843699953645963,26.287695451681035,26.697732898290425,-5.640490205196249,22.17694460490453,7.61132355120799,-3.960571141836995,5.145459854043299,40.42920023861223,-36.02550840052756,-4.268881522518123
2022-03-30,2022-03-31,AU2206,AU,-0.0015697792181487147,-0.014105180770186807,-0.011510100523455549,39.218561420366704,-10.068456005633283,35.80922360848794,17.84985258577533,-6.145435540256663,12.689272858721733,0.30504648373122994,0.6161399080799242,2.178247717504702,-5.590429752484564,1.82657306315397,3.8536325471454065
2022-03-30,2022-03-31,RB2210,RB,-0.0017751479289941363,-0.0072086815969435005,-0.017175053021848793,3.5536883615870427,20.35490646967965,18.045072577944538,10.501266579988211,11.305327084613806,13.08564221570551,-3.731590202073416,16.00602328144777,3.8632302507111036,-37.242710630810485,7.6261770001733495,-10.826257294042733
2022-03-31,2022-04-01,AG2206,AG,0.0007945967421534306,0.0005925926099341213,0.0003885659262381054,8.074731025439892,-3.4807626718021503,5.21881018869281,6.930629169803317,0.0073712890845811785,6.075433085011737,13.133098424402641,3.3624734034805512,8.627540266249568,17.531449913130636,6.32622270739153,1.5601709869695917
2022-03-31,2022-04-01,AU2206,AU,0.0009598868343942968,0.0005571736246458714,0.00033218966835667116,6.783151231670718,-7.446540624501776,0.7733829795392384,3.555652450447574,-3.1219289041645255,0.40557443912365043,9.691255528232459,2.3854414096202885,3.906357479315318,6.218209937300515,-7.872211060423938,-4.61277491627367
2022-03-31,2022-04-01,RB2210,RB,0.01915860161959304,0.007125920889967664,0.01775237235296829,3.9124490214367555,23.966262894551175,18.49554596352674,10.609196668325065,15.131059647786001,15.752452089361373,22.97119722925437,22.381313566791697,20.208185899314763,29.25370777412562,44.14900118824331,34.32781728529578
2022-04-01,2022-04-06,AG2206,AG,0.00728155339805836,0.0045794007355365925,0.00261120251707331,12.969957282957566,3.5003220550116567,13.961591838540922,7.290828538319244,2.9624068711265363,8.305927768644342,17.65302425793325,-0.04540588324443689,8.723100249083387,24.660213069881102,-8.88055167876167,-6.117081573229944
2022-04-01,2022-04-06,AU2206,AU,0.0010149708195887897,0.003897653690368708,0.0024999478793936666,13.829782691235142,-3.332542341409006,11.98364413218779,6.633397717923756,-0.6846037966450127,5.92508320724533,3.5584217072455173,1.7247885332309734,2.052948685448979,-4.979270841666678,-10.988769248105875,-9.909156009730207
2022-04-01,2022-04-06,RB2210,RB,-0.007173322993408338,0.00039510075583117885,0.0007390581283741908,11.102216379852845,10.655348670903608,7.272807866738221,9.01917288858242,7.100535080461624,4.539683813882273,-1.3897627838249345,15.749974124872443,5.479690870235662,-6.5983049612214995,19.83517849995862,11.180176915067834
2022-04-06,2022-04-07,AG2206,AG,-0.0012079726192872897,-0.018834457775028783,-0.005801494952739617,2.9801891098636566,-2.3176859552547278,-14.39032553440661,1.02709255728332,-0.6530823587627395,-5.794003072529209,22.361991670371637,-0.5215736749361558,10.061609035511408,53.79369977722147,-2.955024989038039,41.055437714487034
2022-04-06,2022-04-07,AU2206,AU,-0.0006073181841186326,-0.005465877265154714,-0.0015561101531926542,6.566883071268455,-4.466992872051265,2.588795802567737,5.878912557367949,-1.8341861168824516,4.1005114331656936,7.236031178444098,1.8805557854247252,3.861744712581034,0.3787820232027985,-8.227497875470622,9.977944099077163
2022-04-06,2022-04-07,RB2210,RB,-0.010152284263959421,-0.0003876720343183757,-0.000564043840862572,10.88698496224023,12.915812461796019,10.594171312908147,8.647337320233227,9.091535851843469,7.986926189993525,6.996471150438327,16.178528258565443,11.321542139062286,20.876053928723607,18.76640888114599,35.14224791037545
2022-04-07,2022-04-08,AG2206,AG,0.013908486192300007,-0.0026138549113480887,-0.0016141445679297302,26.673958363212783,2.770050505176542,27.221951822148345,9.46330304459682,4.475519754241351,11.600970411790499,39.36105344412775,1.0354592893242491,16.77291093470276,76.974386117217,8.965086144961552,57.52907411371175
2022-04-07,2022-04-08,AU2206,AU,0.0018719959524411411,0.0017222170197425477,0.0009795218206886116,3.768191801050116,-0.5562149926383224,3.002436345891894,3.0531952785562484,0.09133248468957156,2.4491497810714873,5.120981384413269,1.4713828118174632,3.7815201045496445,4.7574319581757685,-10.058798401710664,-4.779924033329556
2022-04-07,2022-04-08,RB2210,RB,-0.0065320665083135054,0.00019525529692028407,0.00038453819434679015,10.169310484017636,20.37535916201329,18.975174814844983,8.738104997183154,14.403642648366166,14.077434227415212,5.849773056206753,15.62597826683034,9.690602973786039,0.9869948743518521,44.58778089506315,19.385615891625125
2022-04-08,2022-04-11,AU2206,AU,0.007259528130671544,0.0009111156734763059,0.0006004666713529849,-9.99305757376826,-3.395420047801035,-8.681793754623959,-0.44404951308618124,-0.08102798820209811,0.6150164282125834,-0.5203623901448498,3.752787518649255,1.8042920492279484,-5.635075440226783,3.999723403870967,0.8782003422865408
2022-04-08,2022-04-11,RB2210,RB,-0.030091669988043024,-0.0035566131148471155,-0.007869546589346885,9.47920797272368,15.891159724291171,11.692848399111115,8.075939041381304,11.681063902137879,9.599441370964959,18.30600855516654,16.632615464270433,14.256504076768627,18.793154413552887,17.239434023090343,33.4343823757987
2022-04-11,2022-04-12,AG2206,AG,0.0011598685482312465,-0.005982071677547429,-0.00528496646925307,-9.962578863202944,-7.4329597269652234,-15.427646179624322,-1.1736344960972147,-3.0584436396765446,-6.106147570150588,5.136651749036283,0.2814586583403506,5.239547517508679,-12.371846468224973,-21.371883359517707,-11.134896840657385
2022-04-11,2022-04-12,AU2206,AU,-0.004114614316874987,0.0017155259265644563,0.0016720154709108663,1.9164090902339053,-2.2478954785775906,3.1394149955357893,-0.10077509629283865,-0.62931353544406,0.049825425516518695,3.8760373800041816,3.710626451715484,4.802902432460811,4.8002663174559,8.272752603407762,7.6705830345960395
2022-04-11,2022-04-12,RB2210,RB,0.03176229508196715,-0.0001992627285661063,-0.0004018795406554344,15.090182117986414,14.993323169438085,16.727313270461984,9.373465499051662,12.951307750728649,13.221229221950784,5.204825614831718,6.8529627415935055,7.225217018766428,3.3013151828186804,39.54858956582683,15.393353803900201
2022-04-12,2022-04-13,AG2206,AG,0.0005763688760807018,0.017551152556612586,0.02024511781353028,0.12148379947604093,0.3754665307513245,-11.375750909721518,-6.732725913685058,0.44683228134687525,-8.253749182201876,-0.11276876718185665,2.1601975214562956,-0.3910419095506623,4.146171440730725,2.661720424909849,-1.8916190278693823
2022-04-12,2022-04-13,AU2206,AU,-0.0015828263342730908,0.009563730994071236,0.009570233102157197,-38.317989783821204,-4.563191782769331,-44.24038349005256,-20.069059166562436,-1.752778539809507,-23.286268072475842,9.368106307893143,3.051134655097965,3.549531617869686,2.4410649680320873,-1.8923913756420396,-4.985758644708513
2022-04-12,2022-04-13,RB2210,RB,-0.024027005559968284,0.0026674890137385284,0.004894779082283265,19.444935784616458,5.892066012874631,8.567607272395804,13.446349794563115,6.215651953434294,6.434966874190469,8.772587618808982,5.385172506086206,7.7801570601739805,-0.24752610736600178,-6.286073248471706,-0.7046767824958974
2022-04-13,2022-04-14,AG2206,AG,0.0009531071292412374,0.005007714625177716,0.005364506335657879,-22.08976013851695,-0.3139167610456082,-19.038197550936548,-0.8759451905234181,0.42539287037824725,0.2626204449957079,2.583524207837833,3.2889537428536837,2.354063576396887,-19.764860125227315,-3.847812600463078,-2.4054788349575267
2022-04-13,2022-04-14,AU2206,AU,-0.00340152822282469,0.006351433052177324,0.006971955821621149,-4.221005296614241,-0.19955341070534915,-4.493559222139343,-8.513871336256624,0.7196269030117581,-8.13113743774214,7.276045469453941,2.356109665711349,4.174490811122924,19.127160621328994,-2.755327841150941,-0.3785641533567585
2022-04-13,2022-04-14,RB2210,RB,0.012955465587044523,0.00019859001157516325,0.00038229946249841647,9.538721878819556,26.635545984644335,22.18502321501651,8.680402579516677,18.73075691756642,18.11375957810776,6.051743542891689,14.35642300665728,14.32951173803572,0.9869948743518521,3.1126563387496824,18.276750708112942
2022-04-14,2022-04-15,AG2206,AG,0.004991361105778358,0.007269976538413899,0.007224548441412363,6.350274950063117,-2.9773534914286977,7.465175536740457,1.823007619771232,-1.4115154590091321,2.3947236822637823,-14.898474644091893,0.49394913802332024,-3.8950616060127103,-27.22734099118743,6.0511650055117165,-0.3557060561566675
2022-04-14,2022-04-15,AU2206,AU,0.0021236665349664285,0.00494194235350637,0.003998326726001496,3.9668784350159747,-7.056045019456367,2.0844930565100057,-4.485552653394053,-1.8445333472160947,-4.19300942886121,-5.5713343615104565,2.7773850309656627,3.396176304813446,-15.951377557270291,2.4305116448387847,-3.6406941762355105
2022-04-14,2022-04-15,RB2210,RB,0.009800000000000031,0.005073577600701183,0.008124244126465344,21.370439333173916,19.471676203995656,25.621736382097065,15.435720106208375,13.06660164926803,16.904686392393206,0.47609463864215634,6.722802772826426,4.940941019860741,0.20871647626991785,1.479389270351839,15.188807690729552
2022-04-15,2022-04-18,AG2206,AG,0.006679389312977069,-0.008030635892667714,-0.007288582366551343,-18.366786685208854,-4.089513014489482,-14.987781679376674,-2.093382508428249,-3.727369417361467,-3.8866913159811927,4.572989204243903,-8.052993309508514,-5.177956138410514,22.218665838413564,-31.101177347096524,-17.66725131377225
2022-04-15,2022-04-18,AU2206,AU,0.00542112266522099,0.0015816531569297812,0.001551570775829988,-10.46725208523254,-5.238508527055671,-14.396398600469837,-3.407380405103895,-3.2309641033974494,-6.366053842155891,-6.445069728673862,5.8025255530438224,1.9463846641601852,-12.008207009862144,8.314564875979347,-2.1356162321156007
2022-04-15,2022-04-18,RB2210,RB,0.008565737051792865,-0.0007996801705642901,-0.0010484653709823151,6.090907251385561,16.742909429728456,7.516719305563457,6.942856276460102,11.330817492880488,7.151449766250955,8.78774787636574,2.1964603789755177,6.694089359379611,24.911252202218215,4.992337047454024,17.471011659013143
2022-04-18,2022-04-19,AG2206,AG,-0.01369349090226979,0.000954654010450542,0.0008995299897380085,-14.650969535139648,-16.72914669624001,-28.997906900183658,-2.2985018615459953,-7.418742393257887,-10.215692930238042,-3.3388523391907996,1.660834253628825,2.005580757641598,-22.229671909531177,-1.1307512509331303,-0.21582940504829917
2022-04-18,2022-04-19,RB2210,RB,-0.013582677165354329,-0.005760270173140825,-0.00889680132736134,4.138395532619719,10.403834230776788,7.477243591192101,8.92450864399405,7.731475687526562,7.912183159171523,-1.41145072044067,5.7263365310170755,1.3269818816496524,-18.60209045190704,15.461315065496732,-11.148635951460372
2022-04-19,2022-04-20,AG2206,AG,-0.02241215574548905,0.010560158478493844,0.010210767034357908,40.98706895325397,-6.312716425215199,36.31563026528702,13.207496790011625,-1.1851207512033528,13.505021141012227,10.734974113506116,4.640423371572113,10.070927842427995,-3.127138540745972,8.985013991322775,15.086840545278115
2022-04-19,2022-04-20,AU2206,AU,-0.010878702467487456,0.0011757214894744911,0.0011439747171564576,-1.6927181169399774,-10.434753571984661,-10.438153954900281,-1.3831673429172486,-3.4804709462505756,-4.175513305721429,4.642146063786555,0.9907062458432946,5.070778422855642,-0.18655607929641466,-4.964175317752998,6.1099811003837035
2022-04-19,2022-04-20,RB2210,RB,0.01692889862577185,0.003352068602618373,0.0062827448552744015,19.6760592332548,12.390489639983691,22.428735487106415,12.42961277711619,10.712871825965644,15.029794498311668,20.74317172674502,16.820471379982912,18.2354060453819,36.6266085639323,34.67377840309962,38.02706886483109
2022-04-20,2022-04-21,AG2206,AG,0.002130544257214817,0.0013304192782493415,0.0018579065497480213,1.3343468721867509,-2.4586015836502177,-0.6488563466189796,1.1502785219087341,0.8394566397985956,2.321660004027329,-0.7129896472676217,3.83854457538719,8.822066265959087,-20.406116403036165,4.995744884729866,13.862320239783063
2022-04-20,2022-04-21,AU2206,AU,0.00651028724778846,-0.0015811061152425337,-0.0023503050010728597,4.774289212611844,-3.4907562412672863,3.1016949153372364,0.21211799256065733,-0.07946059292743879,0.8576912200360303,9.771652294493194,2.8870028614045995,6.917991141812119,8.003630435240758,-9.669400804943226,6.9457497739889655
2022-04-20,2022-04-21,RB2210,RB,-0.011530193472737982,0.001993621074980886,0.0026643050281439534,12.471708050386395,4.328014599679957,4.629770028918566,10.029733704657332,5.630556580712039,5.059385076199062,6.577155565711941,-2.3806076090553154,2.062067761681334,15.381301635252866,-28.10892082924596,-13.684960269909523
2022-04-21,2022-04-22,AG2206,AG,-0.006237816764132598,0.0031037852268944862,0.002342504282935264,10.975023638778918,4.382216841506535,15.251715928767995,3.737581985688485,3.340304939215821,6.575004534695061,-1.1941372864570403,3.4632983557307155,2.1153951887261364,-16.122576752635283,18.102362466511536,2.5955512012189246
2022-04-21,2022-04-22,AU2206,AU,0.0065320665083135054,0.005931481564743085,0.005532790597152719,29.347368917477947,-1.5736404164660875,27.608322347666437,8.543650947653543,-1.3653627710963065,6.584365217735895,-0.6187753502837166,2.269747263515133,-0.8878944387404338,-5.150126658043598,11.003796188360024,12.998695450563307
2022-04-21,2022-04-22,RB2210,RB,-0.019940769990128282,0.0021520110036627182,0.0027266758163751945,19.10165427027437,11.850753157140236,20.67501488394914,11.552853412142444,8.640576518869196,12.020436840666159,9.117158204880091,13.446100300560326,10.659407734599355,26.120873281828963,7.105915461123357,13.207187513208865
2022-04-22,2022-04-25,AG2206,AG,-0.01598894591393607,-0.0085404245811592,-0.010536083853854019,13.904606682746968,7.1945343342247865,20.32157642058045,7.624131519804722,6.288228590264238,13.179268604951385,-29.83282378870236,2.287485603464884,-21.055910117815873,-16.834810269529218,-8.48904138256726,-34.31291109109608
2022-04-22,2022-04-25,AU2206,AU,-0.003056747029532181,-0.0022243651197077787,-0.002524881934508281,-1.4126817815154218,-3.9223694909876077,-5.067922807299309,0.9948471529475782,-1.9415132251946274,-1.5977141187262878,4.170730689214816,3.224973523774507,4.381408797162464,12.702426476944446,4.36767828936032,10.613738016746343
2022-04-22,2022-04-25,RB2210,RB,-0.03669354838709682,0.0013829894528733118,0.0015322400148471043,12.462607113045301,11.73903130345873,13.945942128779278,9.821990902027563,10.405171254725559,12.451770137141185,5.830778123863295,5.110988987974745,10.179558483293915,17.859675217847496,-9.795287406956007,7.175138309043756
2022-04-25,2022-04-26,AG2206,AG,0.00444534249343298,-0.006296754374440275,-0.00808919563362731,3.520426716608804,-0.41140934110912486,1.679662873428243,1.8734174543251851,3.018059180536111,3.678533113381683,-34.743211185180925,-6.588496200838819,-25.800888680920796,-47.056621712746455,-35.08150674900194,-74.31652237632215
2022-04-25,2022-04-26,AU2206,AU,0.003551065319595814,-0.002806293843763294,-0.004589312765743623,1.1611642686294754,0.9360963820989467,2.2835972900811603,0.8577425828900109,2.116700454561801,2.5710807730722194,19.58258794471772,6.878688132595949,11.690015451712732,60.114308123162274,3.722905542808923,36.906187383451616
2022-04-25,2022-04-26,RB2210,RB,0.006041666666666723,-0.0008061266055246638,-0.001446338035605006,6.643142139519892,9.420650571959396,5.396674070484398,6.834488129176677,10.220176746139588,9.357491333235718,7.728046786666461,-12.228964013399382,-2.949821317717401,3.7304398627657096,-41.81206248923606,-12.178158615833889
2022-04-26,2022-04-27,AG2206,AG,-0.0020197939810139287,-0.0072478674440526894,-0.0075068421712555745,8.51416766615069,5.138859169070435,9.850763041671442,0.47309970708434834,5.64091764660332,3.384114772377742,5.041069368913605,-14.164243502660375,-6.690322865929016,-24.89291621709055,-20.135501718135803,-34.256743508052644
2022-04-26,2022-04-27,AU2206,AU,-0.00024937655860357566,-0.01128943980860368,-0.015174330794565588,36.69377981219443,2.5537749871611997,41.62258830572399,21.829046655958702,1.885445538921603,24.474986114117296,6.498304406646343,3.420245113825239,5.22687563420289,-15.733669345185547,15.152938428507927,3.04085680574275
2022-04-26,2022-04-27,RB2210,RB,0.00309342132398438,0.004593869010227475,0.005327871125822979,1.1345249234144466,15.22204882338928,3.9078447984489233,5.972399187235811,11.83798008357534,8.120347469586786,-0.11767554450289053,-16.82436084607518,-10.930383085638255,7.941503450783239,-36.60560748248104,-46.02254395379751
2022-04-27,2022-04-28,AG2206,AG,-0.009491114701130843,-0.004031450733249534,-0.003790008729573422,-1.0487579076228024,2.3100149034496846,-0.6999255996458387,1.6830626467260636,6.264536933505692,5.428541360419502,-17.35280886854281,-13.782236686735995,-19.52067019786984,16.972952921462547,-8.081240181352381,-1.2890950431877997
2022-04-27,2022-04-28,AU2206,AU,4.990019960082748e-05,-0.000747849966301861,-0.0008317085941989429,4.555765782848448,-1.6809504151057224,4.842767223796745,2.2281418258404746,1.1172532141050633,3.087337434060424,12.047928885870341,-2.4237049101749353,4.431416183238548,2.359515041976743,-2.6565074147856387,-6.369926993234558
2022-04-27,2022-04-28,RB2210,RB,-0.002057613168724326,0.004133091231810399,0.004843424826558475,-1.4878894427972038,20.897429755751347,9.108930204585251,3.7618648985769267,14.769592500520755,10.127383824600512,10.352870386678262,2.5442420381999806,1.3146231338593808,15.107714693012307,-6.803793132492518,-14.255347162924583
2022-04-28,2022-04-29,AG2206,AG,0.012053115423901861,0.0022237955186820515,0.002814625555328328,10.728357407511524,1.7791683948781232,8.30745211624748,7.517133981056334,3.84409036594849,8.593633686403212,13.157042864068238,3.4079724512576264,7.95387439280232,7.059762313120676,-9.994184078320192,-2.339140155671861
2022-04-28,2022-04-29,AU2206,AU,0.010709304642358974,-0.000249469877806097,-0.0003308198842790019,13.971311132012287,4.485107365813052,16.67633252354517,4.90663663255118,1.4780398796959968,4.86233110357483,10.338706436947597,1.8845571211012213,4.653885151984905,6.420189350763772,-2.5668937197004276,-7.004271258524641
2022-04-28,2022-04-29,RB2210,RB,0.012371134020618513,-0.0008227067514635084,-0.0009268977194794673,11.139330601021536,26.245314109692504,25.55959092705323,5.787512793750017,16.705828460331638,13.980097005228195,6.391928442930656,1.3625478991493505,3.539679978440981,14.706853665481681,-12.417422714433505,-3.761691385752049
2022-04-29,2022-05-05,AG2212,AG,-0.002005615724027243,-0.005459522204898982,-0.009327212454851715,-16.61456754274968,9.281845053265954,-11.191162662697295,-1.4936377556911653,7.2573662330977795,1.8479411232793639,-2.1673406573985172,-4.510738953325683,-6.514516803556734,-37.87574742327427,-0.4546266309599696,-13.058867659907136
2022-04-29,2022-05-05,RB2301,RB,0.004805683242791403,-0.0008417508914523092,-0.0010473778892226982,5.136633632549156,19.079050328121973,12.284297799257129,6.396570513639901,13.094654329588105,9.715193304157594,5.952267153680191,-3.794966802076587,2.609205881202608,0.4843912584479858,-22.952271874458738,2.5714594933545167
2022-05-05,2022-05-06,AG2212,AG,-0.027172827172827207,-0.005001510876221438,-0.007802391675812808,-6.11751509636918,6.196119131505371,-4.12475721363789,-0.654777182217547,8.121295991240602,4.360441941747598,-23.272483286966292,4.837593777303963,-17.522512449472423,-43.98769082952736,0.20661938089724224,-57.30472309846024
2022-05-05,2022-05-06,RB2210,RB,-0.038391224862888484,0.0040650462481695935,0.0025643013055591532,6.682232252040361,14.716550875882472,10.879483320625436,6.152305786162734,10.113618721043528,8.09805560962411,2.620723840967836,3.5239858721216564,2.8904123954698764,-1.5272124782767214,-15.71501764116691,-11.776957842612156
2022-05-06,2022-05-09,AG2212,AG,-0.0008215239268843932,0.005811057330305516,0.017433171990916548,13.717690050256083,35.963302099312614,39.10369407535645,3.253524766059795,25.83915857180694,24.837720733457118,17.981312437341252,3.093023763012971,13.318489877187481,24.932616719490465,-9.079525767085286,10.866974107188073
2022-05-06,2022-05-09,RB2301,RB,-0.013807982740021596,0.00020792182214419356,0.00035273750550014857,10.110800902613581,8.675194582982037,13.847576770479597,8.500233843048656,10.315213722813663,13.58520727787593,4.7357140191029865,0.6343623283691571,3.6927479008337762,-0.9893229680551022,-36.11382718014827,-40.06370873943358
2022-05-09,2022-05-10,RB2301,RB,-0.008752735229759279,0.0028086871656294882,0.007962577577927036,17.19425503676639,38.05263042088584,45.350341276633785,8.846205695342976,27.00590755433443,28.30858879569897,15.281740448190288,36.20876967752191,26.76037632721446,38.61259026057275,94.15748804246371,42.78933787562397
2022-05-10,2022-05-11,AG2212,AG,-0.01240438288195167,-0.008255980847019149,-0.024767942541057446,13.512816732969853,26.76162200769768,33.88449563550204,3.6169948360405937,18.567546706340558,19.55369255573672,4.441013363283599,8.196140022555648,5.064260603951314,-0.19258283749726257,2.134876354756307,-15.11809384284648
2022-05-10,2022-05-11,AU2212,AU,-0.00912003943800832,-0.0024079227340003994,-0.005278154809404418,0.5814977411569155,5.412692820525136,6.051585563626615,1.3911836721422444,6.881335418406865,7.999192380552229,18.18928813465127,6.926347748167497,12.3842905440408,41.97663535424819,4.329936206505968,56.21601289634602
2022-05-10,2022-05-11,RB2210,RB,0.01452102297355884,-0.005170196781957269,-0.005814465399423535,19.02341548998165,18.434598760943803,25.561087965949906,4.974136495844259,14.011755765029193,10.695259236360284,15.592195262540526,11.7179307910677,14.602066845839829,-0.4072715478710007,30.594597283035068,23.566622794054897
2022-05-11,2022-05-12,AG2212,AG,0.002105263157894832,-0.0008266171167111981,-0.0024798513501335944,4.218102123247187,18.493284574704937,20.812596344316987,3.017585939538124,14.340712408778161,15.769206423186303,7.073076433237038,9.761322484250952,8.289570480790173,0.6968583674996374,-1.4125708683730935,13.037463088225946
2022-05-11,2022-05-12,AU2212,AU,0.013316708229426322,0.003258940273246742,0.005962516412917363,13.98053574132631,0.944227427891621,12.827311403099355,4.350575431141977,2.560345240525055,5.84224048021711,17.55877593872805,9.369793391980192,13.80947424679844,35.45769790089463,32.29481826315846,28.61313588210441
2022-05-11,2022-05-12,RB2210,RB,-0.012419700214132745,0.0015182737977820788,0.0012810869542873445,9.367307253400144,13.803987694882558,16.60958196506546,8.696878063844114,11.102871380245997,11.994656260171608,-2.9554167692163658,1.4539851247753128,0.4690105490626746,-12.77830403070693,-8.396250528224316,-29.783311928713438
2022-05-12,2022-05-13,AG2212,AG,-0.009541984732824416,-0.0056681163612749864,-0.01478430419046057,-21.215170840105433,15.644603992470756,-6.9311589992683995,-5.72166027721589,14.628475290012787,7.052552655951839,-33.42312200340643,16.127299954752342,-12.644735072256811,-56.174251366045254,42.51026840318677,-10.118446236042066
2022-05-12,2022-05-13,RB2210,RB,0.018538713195201728,-0.0023526906371276234,-0.0024633371240522796,14.208979680918198,13.241300729994343,18.27748068732473,7.066579921968188,12.42408984839286,11.775189665703808,19.451621460518115,15.418789399452468,18.44521421395745,8.506766077976156,64.60943784782731,43.446768429477956
2022-05-13,2022-05-16,AG2212,AG,0.010535368737905726,-0.00928668556820411,-0.0266027832873785,-3.165295843407795,25.328814356217293,14.124193265309234,-1.5427066312143367,19.38688344213183,14.267778394151568,-25.68768631438092,19.185524617100697,-8.56416054602857,5.456899312928545,47.59465151152282,37.74537031865147
2022-05-13,2022-05-16,AU2212,AU,-0.0038557836755132024,-0.0021680225294166784,-0.0048584677679063114,4.47761894894375,7.354572680386507,11.802687923585848,1.3416864156037862,7.639761094335274,8.744090011575384,12.570128970432332,5.005615914298427,7.1694373248206045,34.694490636059946,1.3488636750066911,32.08357690193253
2022-05-13,2022-05-16,RB2210,RB,0.002786112301757404,-0.005871496698384426,-0.005516116271992083,-3.0000242387489435,9.349283888423525,-5.484821312743474,2.355985066237772,8.362848932312627,-0.2989965887245365,3.4042643763807705,-15.7933133221424,-6.293536203657396,-19.449879634818814,-30.23102521782984,-13.57113300700142
2022-05-16,2022-05-17,AG2212,AG,0.027682403433476388,-0.0042909312780109845,-0.01210656466457508,-4.369644692562527,10.427365003195732,7.152951563448644,4.180703384536351,10.532772981291691,12.431620549692923,25.619114878071727,18.116679579958983,23.244369259741692,37.61082254813941,45.2027676312571,40.286434776302556
2022-05-16,2022-05-17,AU2212,AU,0.007143935201489038,-0.0061901156123987024,-0.018570346837196106,9.022396774487856,25.139077449288088,29.05658647541315,5.1014775120399865,16.66491734766163,19.46933002379638,-27.16478473358455,5.224559377998334,-18.90775708799144,-18.27892500464907,-10.301710101621897,-28.569233110248575
2022-05-16,2022-05-17,RB2210,RB,-0.0064102564102563875,-0.0008568980815677237,-0.0009466067840067611,14.819647708258861,13.557743959009386,21.71038821265856,10.450608196826554,10.384731652996033,13.083378465082848,7.31270027365384,8.936327839326514,7.999437003494533,-5.381255311095035,25.438001572388632,0.5471811954829939
2022-05-17,2022-05-18,AG2212,AG,-0.010425354462051728,-0.008547060578458408,-0.01892128331112035,-28.486970200193525,-3.564095435213197,-29.442715063356474,-2.8087782508725523,1.63417208808769,-4.434922198195062,13.042599924626954,14.777005601996613,16.848582707045104,8.128482489083892,13.502557984230357,16.88057175717675
2022-05-17,2022-05-18,AU2212,AU,-0.009362170822068694,-0.0008046266463782425,-0.0017131198679040816,1.791650201668448,13.817523444090046,13.142226021000688,1.7898865154754255,8.290898337726802,8.071707535994998,5.1517161165398395,3.0857961350248186,3.0115981704972214,-6.168363898846605,-7.08536881882268,-8.34529976033451
2022-05-17,2022-05-18,RB2210,RB,-0.02746781115879826,0.00021369804547606179,0.00016610464614960583,7.24131925912804,15.905348744707517,18.559004984707585,10.137751680803262,12.172816733463089,15.915303014872467,4.827206466079446,9.71894056446999,7.79645932584144,1.9203592453542346,33.49216199169411,22.56408211990694
2022-05-18,2022-05-19,AG2212,AG,-0.00021070375052678614,0.001460615804795598,0.002355598651267984,6.502785535460067,10.347072696157754,20.232864825694545,7.716567699415292,10.757547615957247,18.909374226840015,23.147627558612992,12.707279472383672,18.59492705584455,25.84853962216048,17.232729410978177,49.24457318951908
2022-05-18,2022-05-19,AU2212,AU,0.004298356510745949,-0.0022503947686361887,-0.005703522818870269,-3.883423652246876,14.923595691501525,10.062121855445026,0.16028958814038097,12.271671509738386,11.635392442916565,18.010326276024195,1.9331158016452252,7.404132604138437,35.3801134140597,-17.553456722151697,12.096328447058156
2022-05-18,2022-05-19,RB2210,RB,0.01193370165745855,0.002148228538289605,0.002231017852933876,12.265851995099293,8.150960099576086,15.412234247743932,9.811306302096853,10.831922906298255,15.398497887372589,8.862712262620473,14.831300433135084,15.149167277290125,15.262403084113972,39.68558171376853,49.92202282658863
2022-05-19,2022-05-20,AU2212,AU,-0.002297587533090284,-0.0006066427565854024,-0.001008361507370982,7.204533493078168,7.019401925320983,14.233357054377791,3.0745927834330704,5.933805864948952,8.282330597252182,5.957163964879749,1.652414943734312,2.4200038562408563,-4.974561080874128,-12.1254844373402,-7.196186292360615
2022-05-19,2022-05-20,RB2210,RB,0.012884909368857889,-0.001545766013870447,-0.0017260471933022957,8.100411120938086,11.882224259798082,13.54901986002464,8.58441910386724,9.280992485415187,9.763347027120473,9.7469908345177,5.149837843834475,9.568414252946864,21.276197351213586,7.568694437733313,14.200687135492444
2022-05-20,2022-05-23,AG2212,AG,0.0023012552301255873,0.01110773235561164,0.021289234459554673,2.2935775811576358,18.679867895844446,18.51903231783188,-3.0056212550783776,11.868877218443433,8.41505729471936,-3.1016132044100617,15.504782775728266,12.737903942684927,5.897509385330735,16.547489733611705,20.54065243452668
2022-05-20,2022-05-23,AU2212,AU,0.001806322127446025,0.00807406407253598,0.02070726811258668,-4.372479572977227,21.729423054337342,12.21153360196097,-8.675844151140424,14.948483891888044,2.836844418466591,20.92896318495674,3.8746273760274024,15.171246697333666,33.060561098709,-14.628637603629665,38.04741942277672
2022-05-20,2022-05-23,RB2301,RB,-0.0008851515822084766,-0.0015591939900063587,-0.0012842893033722647,-1.989109710326161,9.45474305863107,4.983540040125698,3.668138183249292,8.25455048498333,5.7548272732328485,8.244715137559483,7.4634123107797015,9.9722044635971,-2.9524781886809106,7.0753085962039055,11.864468973269478
2022-05-23,2022-05-24,AG2212,AG,-0.0033472803347280866,-0.007918357689315009,-0.019662411416569686,-28.877824328742633,17.580859698370656,-5.363985349171543,-6.39659230489583,11.706556515097269,7.541367459535222,2.8958427667480353,20.593823921138625,16.249951650871203,2.220294715860445,34.813148214639035,11.59111416003138
2022-05-23,2022-05-24,AU2212,AU,0.0029573934837092697,-0.0022553574276350102,-0.005505578029315434,-7.597101377985162,13.094310695222983,5.576760257789983,-1.2440542497129057,9.15890481544819,7.4459326533188435,9.610564402579238,3.9169578813255583,11.348691960134916,35.35795375795826,-10.301710101621897,35.44105704506696
2022-05-23,2022-05-24,RB2210,RB,-0.032900432900432874,-0.0019423767842064576,-0.002312942086649345,10.482319634954147,8.224028129201871,12.906189651741697,6.712123070417165,9.356825012596438,9.307844284000593,14.981364746636764,14.58080668630256,14.334304102269085,14.603321507280297,43.15790845397521,36.7066487228781
2022-05-24,2022-05-25,AG2212,AG,0.002515723270440251,-0.002298611397620455,-0.004361922705742635,-3.3443946597768233,9.526027934358918,10.374117573240655,-0.015233318043210708,8.015864261759768,9.275000538785623,19.636214374317174,17.37713111904329,18.801678044444618,39.97905003985024,22.789779727444053,39.0596000810127
2022-05-24,2022-05-25,AU2212,AU,0.001098901098901095,-0.0008016835783609839,-0.0014400120271234457,-2.680183593696911,8.975770962407953,6.395162930013152,-0.49737254176110746,5.380212646675702,4.44852121407494,7.372932222514749,3.644382725268507,8.2160078918133,7.114578694525212,-9.523026250227597,20.407572482186307
2022-05-24,2022-05-25,RB2210,RB,0.016338406445837172,0.00346921423401132,0.003547413687966853,11.716178191123209,8.697559585953336,14.048258060615694,7.3616391335134965,11.14208424441545,13.243058723111561,14.681753365779398,6.865245544511297,11.101398954015988,27.86823841413615,33.92606477721559,19.35872306907808
2022-05-25,2022-05-26,AG2212,AG,0.0006290626965821389,0.0012586534071961062,0.003094472347829828,1.9652247590523264,17.292199442924712,25.5133148954387,1.2349658027918746,13.917194285147874,16.471237376465442,-0.4032237590748783,19.063746618746794,10.913209174097817,-3.455642559374129,22.434492912397367,7.478292484333576
2022-05-25,2022-05-26,AU2212,AU,0.003491271820448727,0.0005496015527186049,0.0010776449262798532,-1.154165308484711,8.045520924229674,9.205773404469218,-0.6795099492846761,7.606618804076065,7.353728583434643,-1.035494346891676,3.329546490790533,3.470828000217582,-4.225636576276853,-9.982653202412877,-8.083551589969371
2022-05-25,2022-05-26,RB2301,RB,-0.004494382022471877,0.004318679288720556,0.0035653180675661237,7.855154766792639,14.88803751206163,17.160864909032796,9.061653871101964,11.220351116054095,13.507893161440366,-1.3828025215987079,8.09796869854736,4.312978359033079,8.310964868983406,15.789466084228867,-5.950274790101536
2022-05-26,2022-05-27,AG2212,AG,0.013411567476948827,-0.0027222297200457067,-0.005667083631417784,-3.4019760479932244,18.152014633553218,19.245358786756245,-0.2605532163830966,11.96522250673531,13.055852245575732,3.2959535719842377,14.78986460050085,10.281673779425294,3.9298499644414844,21.38336385563348,16.807591678295015
2022-05-26,2022-05-27,AU2212,AU,0.006019601014874976,0.00039908211644111964,0.0010040004443407976,-2.0483816062529177,17.427344773761405,15.906773793429966,-0.6402910289649215,10.01730885240818,9.010594734329135,-0.7829119284678152,5.881500617135223,5.369397290764162,-3.3008547119383906,-9.00321199190449,0.855952148923838
2022-05-26,2022-05-27,RB2210,RB,0.014634146341463428,-0.009069855339540023,-0.01261047961473389,-15.684937823718645,20.49033116366525,-1.9489270477571483,-1.6272171088147172,13.638147492106528,5.720932776111949,1.14056862529706,14.090372200978187,9.760387252376269,-21.902562339211126,37.966936177060326,17.730408576570433
2022-05-27,2022-05-30,AU2212,AU,-0.00506002579621001,-0.0009447801602794153,-0.0023305729465713213,2.8664003928601107,16.220412550676592,18.917578439137944,0.6945662113274054,8.986074295094118,8.946328446762394,5.752237445595724,4.31872521627386,5.981211962854234,0.6139717685585557,-5.817249432954114,-3.0504034012013834
2022-05-27,2022-05-30,RB2210,RB,0.007192676547515209,0.0011092624542857557,0.001187912715296251,8.80752466588303,9.80669433504457,11.242807249613104,9.992135863106363,8.07854419329417,9.389429321003561,-3.229899188364435,4.256334299747736,2.8501881926313613,-15.643773991442941,11.840474395640175,-4.017035564510958
2022-05-30,2022-05-31,AG2212,AG,-0.013801756587201952,0.0002067610882999947,0.0006202832648999841,-3.0390226788056096,24.377670177644674,23.37763585631026,2.757901754837764,16.99358213941747,19.506489596170542,4.431380709657304,5.790740006113995,6.841019566772978,0.06221301001339544,-1.77513159769037,-3.930892883386463
2022-05-30,2022-05-31,AU2212,AU,-0.0008487269096356664,-0.003169888736521043,-0.006408633635055726,-6.665002242861883,7.718875024245931,3.60201334806974,2.1319194451727546,6.883381394173693,9.735167430804916,3.4941383710746377,4.824173326794596,3.636629244606192,-16.459551055453748,1.184272067522112,1.093415855074738
2022-05-30,2022-05-31,RB2210,RB,0.013633412681237855,0.0026189451896275733,0.002324778975392741,7.8285810291088485,16.465927743975715,17.622533730685408,9.096445875896384,11.729165140540124,13.099375530346038,-0.8778378548457516,4.163343569290747,2.33002061193278,-5.9040687829502385,23.279183952587886,-15.824780817319029
2022-05-31,2022-06-01,AG2212,AG,-0.0046858359957401285,-0.0027148392992685073,-0.008144517897805521,-6.648171739712437,19.62316052873621,12.003783659075989,0.09129531389822132,14.718209179758421,14.19316460601783,17.700679083241422,14.546470010950152,15.871995779262104,38.14658996633669,29.40218795339163,38.779092916959584
2022-05-31,2022-06-01,AU2212,AU,-0.005355355355355473,-0.0012972111782653041,-0.002263902350009167,1.7375189535914903,6.287701895595518,7.991900031870868,1.8598525874510576,5.343181593996649,6.845332415143146,6.273767532841214,3.3306071939533552,3.359023830631203,-5.828133917176397,-9.523026250227597,-2.611515337386034
2022-06-01,2022-06-02,AG2212,AG,0.007648183556405286,-0.004462870014898317,-0.011050272100635533,-0.23039479140950503,16.94782144642002,14.572618055944979,-1.1606115944742825,13.167577269353828,10.554399962274154,-19.845231168938685,13.14409485646677,-7.598292078361707,-50.96063193141626,20.611730142596553,-5.23301312610986
2022-06-01,2022-06-02,AU2212,AU,0.0038125815190126477,-0.001650289175080495,-0.003497102884889717,-0.6592348223581417,8.443596684672016,8.117128215297154,0.9173422029066236,7.354430988834968,8.094320525084335,10.43212261012796,5.3411575395171615,6.438645404207801,18.39111006985685,1.184272067522112,7.487173551373061
2022-06-01,2022-06-02,RB2210,RB,0.01591343093570985,0.0012801367227170215,0.0009862614600583608,7.991345175273388,8.162923163178228,11.881772470763886,9.510256825154421,5.684048257859388,8.49713701638822,-2.6776756182632018,-7.957899560514928,-7.641347054449157,-15.595227955077625,-31.150388326020867,-48.558224756066835
2022-06-02,2022-06-06,AG2212,AG,0.015578947368421137,0.007249498700716194,0.01789983432636547,17.84938167471152,23.6657086082512,40.678736957621446,5.9046755453072635,13.445594705800968,17.650777484942747,-1.1790689517724773,12.932139884328441,6.93468242648867,11.214050249784137,27.223484744672188,4.997383702877917
2022-06-02,2022-06-06,AU2212,AU,0.001706398996235814,0.0030647899991170105,0.005299986312443771,5.936467170653334,8.398167093246409,13.719384487341895,0.5982855521199175,5.395407621336155,4.699671589605895,4.913397957958095,1.7559851167367944,6.209324755785997,8.286428790396279,-8.116886421205322,11.227298793253633
2022-06-02,2022-06-06,RB2210,RB,-0.01000416840350149,0.00021220159230831337,0.0001945319418459315,2.5531490693531094,1.971322954422515,-0.49796005749876704,7.3094380513815995,2.302696442518785,1.9489653342897943,5.101519577181938,-0.3558221809925853,3.2180139532810186,5.277633025225631,-20.0594468687271,2.9290173131710495
2022-06-06,2022-06-07,AG2212,AG,-0.014645214521452177,0.0014747711511051004,0.002119790011214372,1.1635057299356029,-2.9745872300742517,-1.5826358331193986,2.0113298074025714,-0.5474912740219859,-0.16504369320627088,1.7670139310042885,1.603011147709645,3.2124134590843885,20.968844550271665,8.530847069001075,14.697950979984242
2022-06-06,2022-06-07,AU2212,AU,-0.0030613269095652873,-0.004256923919363258,-0.0028957044991115115,-12.602211578339308,-2.751198333662212,-15.733641284572219,-1.6804592047377698,-0.22390609760857805,-1.9882172077345746,1.341536053343065,2.5561123711549785,1.3442918480882238,-9.428038713607695,10.596997398315763,-3.3861345912596703
2022-06-06,2022-06-07,RB2210,RB,-0.006526315789473713,0.0020863767217761437,0.0010951327497013869,8.77565071575708,7.10287275830934,13.471384328598074,6.739037665741359,6.667791719073854,8.748604322797846,4.488022063945672,-5.783154724830569,-6.94688936512408,-4.693285046715285,24.982262312205364,8.382601940615212
2022-06-07,2022-06-08,AG2212,AG,0.006906655504395065,0.004962789342129097,0.00966336880449961,-3.6708893055632568,9.392275416042521,0.14822492474222004,-4.222436661910281,8.132931606131084,1.926343241907372,10.320452010725,8.517988481420918,13.302560539913843,13.581134190046756,26.516986057526896,26.112421003628913
2022-06-07,2022-06-08,AU2212,AU,0.0028630267718117164,-0.001654757805195716,-0.0024913291456226676,-2.6753625856096206,7.560943657235796,3.5703703332988455,0.7925329523953568,6.133636790835945,6.301884186268229,10.849393889547095,2.419487423063451,5.519952568267532,18.145724505642896,-0.1023419501751981,-0.9615936229555561
2022-06-07,2022-06-08,RB2301,RB,0.016351118760757233,0.001067805760830137,0.000603444234737057,10.311853933686873,3.1570407068686643,7.456736642558433,8.13581984468362,5.497448831158038,7.232860451579637,4.212056631083278,10.178822402300883,7.536647967455185,6.421760639044992,15.156162563030842,15.638498841786701
2022-06-08,2022-06-09,AG2212,AG,-0.004375911648260011,0.00020931449579306884,0.00032729385378933734,-5.495664907007743,12.617290922252561,6.330505701702261,-0.15116747608445813,6.91732090252902,5.474083041467675,5.748363014179497,2.2384003558142744,5.7990444986361815,12.3389187690615,-10.50613718449476,22.862679420438102
2022-06-08,2022-06-09,AU2212,AU,-0.000999050901643428,0.002212501531097222,0.00279287004731654,0.9841480253557573,4.831033672984657,6.54253340792391,-0.09640855865731712,3.7864546348290555,3.0587425475804566,2.2601066106499097,1.0148405697935912,1.5506256471900934,-5.812544265683988,-6.533620157746217,-3.0876566269215715
2022-06-08,2022-06-09,RB2210,RB,-0.0008342022940562854,-0.0027586224390797514,-0.0026614330271504416,10.779950291327042,-0.798960521694144,2.258284744629457,10.217171856721858,1.6827590492820375,2.8559847749826686,4.865778695875275,-2.711498379136038,1.995758551644769,16.007204057739465,-28.376305754747612,-7.063984828582263
2022-06-09,2022-06-10,AG2212,AG,-0.012591815320041944,-0.0024973998412082333,-0.004029071420164497,-4.136345879232879,6.031254764715494,3.0871490449524486,-2.8774969044355414,5.745482086363059,3.157155932111541,23.821025338834065,4.700139727990576,10.64465651532654,47.5149687096615,0.7194290801742909,13.590366268969289
2022-06-09,2022-06-10,AU2212,AU,-0.001202103681442579,0.0026509956753457075,0.003197193219478849,-1.592311462669405,-1.3497028760522474,-2.233958053062271,-3.2821333254606353,2.7693863965070578,-0.8967209570978016,8.008200911676314,-1.5691342676559104,4.320608036640173,4.3567192366899485,-7.62107839130738,-6.697429901364477
2022-06-10,2022-06-13,AG2212,AG,0.00744205826068467,-0.002724511797452409,-0.0057914670901481535,8.482224949248753,5.420341524440558,15.843040191225157,2.4512877467979757,6.297254888722064,9.229282181430422,19.99724339139659,9.129100477945919,12.009229739648939,30.86260010919899,15.7053476026386,21.174643217013497
2022-06-10,2022-06-13,AU2212,AU,0.013850692534626674,-0.0017015317887646958,-0.0020280784757523034,12.911487545064784,-1.150811571815864,12.33910419209461,4.364547315445359,1.7546949109475123,6.400838250712839,10.244274830659888,2.1068052516609916,5.325215055857337,13.366353133077089,-1.928621291479708,12.95116186293179
2022-06-10,2022-06-13,RB2210,RB,-0.021281034842478563,-0.0031357818106840566,-0.003042244093226837,8.022265527220867,6.0935792522593335,7.288525034056043,10.239880552234055,6.436244752211593,8.584404151942392,0.6934957906318354,4.720310691627371,3.1424215931464774,-30.932545562460938,-0.1275982246980799,-8.166357409271939
2022-06-13,2022-06-14,AG2212,AG,-0.01102863202545068,-0.00042517007443202966,-0.001201261455230294,0.6603439161760596,7.960063130439152,7.199343855204564,1.553062715908745,6.600000848096755,5.654170758328151,3.2238895292003065,1.187013196304275,3.8155596285734132,3.3013151828186804,-17.87586750557204,-13.735869071193187
2022-06-13,2022-06-14,AU2212,AU,-0.01049281416281278,0.002904358576394876,0.008713075729184628,-0.4201778605711577,5.567662826998043,2.4200629565224365,-1.702042982133892,5.605295569272206,0.7342765607865949,10.76288962316611,4.968140431386599,13.717273003999948,21.774851683280616,-13.21178889053954,38.62508894333121
2022-06-13,2022-06-14,RB2301,RB,-0.010378378378378406,-0.00042363906585717796,-0.0005333367274638588,11.258562036037837,11.784436418020906,11.041378049606822,8.801737866169194,10.384297785817166,10.404111669134146,5.111259741474014,10.457435868721323,8.92190815395625,4.352851160887176,17.536247311536524,10.547927709250049
2022-06-14,2022-06-15,AG2212,AG,-0.0034312674244049157,-0.004866189651172899,-0.01173887306767469,6.257440304871668,13.484392157485232,14.764343922118993,4.651561740762527,10.70207636246754,12.862310582515029,13.836461324535733,12.330628109760003,10.138984239047128,-1.8794553465219632,16.668892996520803,20.10229175948613
2022-06-14,2022-06-15,AU2212,AU,-0.0028232921603226213,-0.008270444566172564,-0.02086364041551754,-23.373945302436034,10.158821029292694,-8.258343789544789,-1.8388481654717923,7.634466536551628,7.4413300888920375,-45.7712688938138,1.1851563734794779,-25.301479032816886,-68.9040141323415,-24.860511857509444,-50.891118711542745
2022-06-14,2022-06-15,RB2210,RB,-0.013665943600867703,-0.0023476694167656564,-0.002337455319713044,12.833542851511696,7.92021276149755,10.722930601192648,9.538613606143926,9.146922175925654,10.082102895125976,24.05904374713984,-0.6451991704772935,9.146441108507878,41.63498123978475,-12.639775257025585,-1.425884467185552
2022-06-15,2022-06-16,AU2212,AU,-0.001006745192791647,-0.003171170200874464,-0.005291476740187646,14.18367302314951,7.646889295801471,22.964117166365114,7.160667996946478,5.567042081087163,12.894784541542036,16.586605677524698,2.2462346524698336,6.412433123929527,35.13249883934377,-12.732440273502482,15.046772602890343
2022-06-15,2022-06-16,RB2210,RB,-0.01075740944017567,-0.001517286516294696,-0.0016706163919036384,7.345255130555527,15.78382018358327,12.901598739484701,7.425630638578123,13.811518753364144,12.89183534792451,11.648441739479562,-1.271465092728907,4.886790415665788,5.17717804691263,-14.759891985112457,-15.786824944937921
2022-06-16,2022-06-17,AG2212,AG,0.011430990685859399,0.011340658613171564,0.02083914482830022,-4.90338167877524,13.347312014966256,0.5970699495329588,-5.3164256755541865,8.45487911203666,-0.19871379527161048,-1.1640045700022807,2.644747987643758,4.405033595664168,28.705498304496825,-4.686069794998129,28.318165805987032
2022-06-16,2022-06-17,AU2212,AU,0.006599163770087069,0.004388958993892042,0.00600874310281866,1.4557964733562287,4.557713763593264,2.516279212731864,0.036496002926599935,3.285035552081695,0.9948472660214223,8.732739259269595,0.838953721551953,3.305997450816333,5.404346695976481,-6.533620157746217,-2.822615937989401
2022-06-16,2022-06-17,RB2210,RB,-0.03007351303185568,0.001757855869048138,0.0017007514940536011,11.455900542321029,14.10934704622025,12.400507273520917,9.284990923425251,13.550760044247648,13.56447557474193,5.082757537837957,-12.959108432530714,-1.5701962319519203,3.3596632592965023,-33.33338274556967,-33.343465096628
2022-06-17,2022-06-20,AU2212,AU,-0.00945414738518191,0.00025190820598216537,0.00035215973706033334,0.967150722791537,3.757957584789607,2.520027514414086,1.906146297881561,1.7173207179107393,1.7986763953300495,1.9305163441813704,0.2937077814564967,2.5815718806375205,0.9869948743518521,-3.862794130875972,1.0041733202496115
2022-06-17,2022-06-20,RB2210,RB,-0.04532903819604239,-0.003779882210257591,-0.0055039903930168286,0.5592860671299698,20.769939596570794,5.385520807084102,4.304261519938413,17.537840841456468,11.94296582519571,-29.324459898853537,-5.571921700611406,-25.228898044066682,-29.499450345968754,0.9566381949351801,-44.65728064249985
2022-06-20,2022-06-21,AG2212,AG,-0.008494372478233148,0.0010459157945420432,0.0015213252274619113,2.9345826266875537,-2.734654600795566,0.33908320185782914,1.8738467884490173,0.4396379779015418,2.147767314273254,-0.896647792825511,4.189312379971647,6.290042603458234,-20.406116403036165,-14.23374722912067,-3.598538903974239
2022-06-20,2022-06-21,AU2212,AU,-0.0011061946902655162,0.005738681883413307,0.0074457140011781105,-20.410666129499184,-1.977598223839105,-21.36143071146936,-6.147218333319127,1.947642401551167,-4.1053698762577095,15.600117110809549,0.22198943083609038,8.085031745221277,26.229780168870494,-12.526259995968353,-5.4682703907487875
2022-06-20,2022-06-21,RB2210,RB,0.019059107358262883,-0.0018390809781177512,-0.0035403476415314813,15.593089731607868,5.401436371798966,4.4610011347343175,9.620421361846649,10.19896687237842,9.944578101413132,17.813227145647318,-6.138145959850004,1.243642088205128,34.9130111514445,3.6980728957176923,22.36662582856127
2022-06-21,2022-06-22,AG2212,AG,-0.013997879109225897,-0.001273344824003271,-0.0011572813094874658,-4.120630748288891,-2.1936429707105063,-4.174754988393003,-2.0999063915370098,2.618670891381271,1.1865996492549198,10.374431324230274,-2.861438194382021,3.3754306512450047,-6.583496586754882,-9.65110316411714,-13.655145036375652
2022-06-21,2022-06-22,AU2212,AU,-0.0018597637597385086,-0.0009548939034410896,-0.0007562412395770241,-4.15908317792333,-2.202184973199553,-6.4045274411421484,-1.258201591602143,1.6523685027961705,0.3813624816828871,9.107461089392087,2.307641135862015,4.958943159969743,3.1549315613173934,1.776362109161395,10.464706527576963
2022-06-21,2022-06-22,RB2210,RB,-0.023189777567439673,-0.0009645527634725842,-0.0012700504095844013,8.235318395649154,13.695253350457964,9.580879333796993,8.449387799731916,12.767534999070381,10.472463079368556,4.560786667591406,-12.027234560798883,-2.8885096054276516,-3.1240252784987432,-28.28354463771694,-25.078858017805608
2022-06-22,2022-06-23,AG2212,AG,-0.0066239316239316,0.009804000096620835,0.01326613746535114,4.697070761269522,-5.796255151613491,-7.208533145216226,-3.70170680942594,1.0156911140185656,-3.8279011776942755,18.51643979390948,-0.8845655295915305,8.97995051900326,30.444023100653915,-33.40014213923716,-5.904979855844167
2022-06-22,2022-06-23,AU2212,AU,-0.007980447902638632,0.00145871608572775,0.0015414681157497993,-1.0220132466083682,-1.5733162705966963,-2.6572220222111596,-2.5773345723614547,1.1559261952843634,-1.423625457946247,7.206269890091618,2.1018656735720653,4.788647009705046,0.9199516660240006,-3.2833455304779426,2.2417796653728024
2022-06-22,2022-06-23,RB2210,RB,0.021220159151193574,0.00047337278990462083,0.0005632934744829238,9.492170621083133,15.852645460942213,15.380183425142413,9.408020201627476,14.786756802290437,16.49008240775289,4.03934194605597,1.0404618413872897,4.466671015293326,0.06221301001339544,51.00456983918323,-6.771947704030631
2022-06-23,2022-06-24,AG2212,AG,-0.025204653166738478,0.006645967221107734,0.00743237649543414,10.19947914477681,1.543004334677026,7.545497564426061,-2.242986767371497,3.199383970139146,0.4021927260793601,12.000707141294878,3.2546316800467046,6.195889600805566,20.62618887512725,-3.847812600463078,6.619325910910125
2022-06-23,2022-06-24,AU2212,AU,-0.007544133179097745,0.00957232858564041,0.011640845823162688,-9.981355797565335,-1.8264664219812126,-14.478436319267928,-16.261434365474784,1.6761571614113127,-15.603747602202446,-0.4341126849293697,-2.7640492954368288,3.10684692802622,-3.6381372202047695,-15.87366938177365,-18.02367297579268
2022-06-23,2022-06-24,RB2210,RB,-0.01666666666666672,0.004592153084982709,0.00572292713073276,8.25297820106813,13.516347036707899,7.603171595872658,10.453613999520469,11.587525201026196,11.095947569631933,-1.6113783931062666,-9.575893297032898,-5.666443313854267,18.030258468074184,-35.233479536488254,-32.23849431204442
2022-06-24,2022-06-27,AG2212,AG,0.026362428001772242,-0.0015068348562024293,-0.0028945758596878456,-0.9706633417927351,-5.219422310980129,-7.490798314009741,-3.046528751665667,1.9633959679556399,-1.0555120927716923,9.465814839033056,4.3832337953583025,7.696206493629262,2.6149055865587973,7.255889690385641,30.72941834165862
2022-06-24,2022-06-27,AU2212,AU,0.0076045627376426506,-0.000301719805165231,-0.0004975323198218038,-1.3372612674546622,-1.5740625687704695,-0.33373178953906857,-3.000708338160135,2.5283880630213162,0.8848776477609501,4.860426138548655,1.2487525303731482,4.586088890127532,17.140745017579995,-6.094981788397327,-6.635879539912535
2022-06-24,2022-06-27,RB2210,RB,0.01956106870229002,0.00588583217726135,0.006394503174140724,2.143453275200337,24.634425122388244,12.81291312808072,3.607810422609794,18.840856069348504,14.20744850145673,15.771094925695804,-7.223452842409557,4.926134636966542,21.201584430167728,-31.638478547239302,-8.249524029187013
2022-06-27,2022-06-28,AG2212,AG,-0.0038918918918918743,-0.002433898756545536,-0.00397096124857168,-7.2369770870185555,-17.1525560885429,-26.490500807995318,-4.147115922933087,-6.98751772144867,-14.546979291173379,10.247812505999441,-9.890924177415915,-2.114811141315961,30.032559542585975,-6.53350685737046,-0.429154193506687
2022-06-27,2022-06-28,AU2212,AU,-0.004083484573502716,-0.0004054944553509779,-0.0004931793711035762,2.702180826189839,1.338981565916881,3.2465597133060986,-1.627156752098034,0.7377613606434834,-1.4276785627020936,4.346769410150453,0.2984057192550125,3.1473372989985324,-1.6370478903680348,-1.5369387184745302,-0.2198495905121061
2022-06-27,2022-06-28,RB2210,RB,0.01612149532710272,0.0007159050538433237,0.000757268661188981,3.097543964723578,1.605031031853465,-3.8957762654192254,6.14942158633441,4.434100640612915,1.715034575705526,-3.3977753871206655,-4.5606452388573775,-4.232032417248573,-23.088137178509445,-29.56786146584895,-37.93399580036196
2022-06-28,2022-06-29,AG2212,AG,-0.015013054830287254,-0.0017282354701228422,-0.0018126475590324724,0.9806190863928381,-0.36496333769884526,1.0828267838021852,-2.0035434653610933,1.616148632483832,-0.4997778849104555,14.232978316018318,2.499325580648556,6.464868721791201,21.024420035109074,-13.34423362762484,2.1908086665136803
2022-06-28,2022-06-29,AU2212,AU,-0.002175012645422303,-0.0019641919135081243,-0.0019650974781295,-5.3498769265379025,-2.0492350616443664,-5.887495201126997,-3.5333297767525975,1.0883686674140978,-1.5601888438229445,10.534732044525148,2.027785095525485,4.7876479774103915,14.004622111473815,-5.523962059766729,4.1549397610620105
2022-06-28,2022-06-29,RB2210,RB,0.0022988505747125743,0.0014028526967496337,0.0012972125324203754,2.7309118146208413,4.854598606377419,4.1430674357297175,5.857815325341328,4.190091886525736,3.6635330393558743,-3.12250515138436,0.7074456192337902,1.0792733370563856,-6.127820660542041,-20.707040517811432,-20.779775776938788
2022-06-29,2022-06-30,AG2212,AG,-0.008333333333333304,-0.002390525967270733,-0.0026465489170523597,8.429327147902436,-2.0971985498044825,6.732249904785824,-0.37522404679270327,2.9068570155785234,2.7445831136243863,20.529118888256406,6.089141056878307,10.279478810588941,21.064571253773106,17.13541253889727,30.14029102420416
2022-06-29,2022-06-30,AU2212,AU,-0.007657430730478643,0.0007590133191713016,0.0006874502490431075,-1.4992867293806689,-4.07368144520633,-3.131091046790918,-1.3575535436938582,0.8914671852039189,0.42167572951906607,3.867261286043503,-4.209569568880448,2.692370443859028,3.3596632592965023,-9.006327622189673,-10.326720289227568
2022-06-29,2022-06-30,RB2210,RB,-0.0009128251939753973,0.00022991148509141472,0.00023800653642149102,-0.7572356686357131,9.757352650733317,8.28512217629953,5.47649213223092,8.946379745797984,9.453334955764866,4.866091421195931,11.23838680674166,9.163206403851108,5.277633025225631,11.689012383375223,18.646110684933728
2022-06-30,2022-07-01,AG2212,AG,-0.03246608850344679,0.007263155072473156,0.007982269559194035,12.516420985539751,2.856493772368024,4.969457624456276,1.9003661432961834,5.386206004387084,4.153033219484624,16.021469061623055,0.5289512792431778,4.446352497690659,28.4081168194136,-16.845826240941165,-0.36165196073824557
2022-06-30,2022-07-01,AU2212,AU,-0.011845102505694816,0.006215751371467515,0.008127390591871423,4.707427007520158,2.4334019396265956,-1.5653181482786116,-3.7488058776401187,5.618900404093609,-2.1997933743342175,16.542273366041506,-2.3215873778694784,4.610868117463217,30.30181327264187,-32.484006199086934,-8.258728562492381
2022-06-30,2022-07-01,RB2210,RB,-0.019540229885057436,0.005033183812331897,0.0055875628695317685,6.352647342668439,8.990347558413223,14.98307768645063,5.493657212209893,6.2405802970923965,7.7532675560423,16.379467879731788,12.858306244066824,10.072460715876712,48.41840843017413,28.749561862419995,16.134466444063328
2022-07-01,2022-07-04,AG2212,AG,0.010037348272642355,-0.005543866067207728,-0.009288823439094976,-2.2726228020488564,0.0033671750652577437,-6.58927380241016,-5.104817220480082,7.3758245535682,0.42374617654686597,-32.5277760435019,1.7383494964172357,-26.008123402052092,-28.369761980393964,-8.039944125392557,-51.42624290808375
2022-07-01,2022-07-04,AU2212,AU,0.009831171505044312,0.002889516115843438,0.004145471453162421,5.309410136691422,2.429697100186386,3.970076631361728,-0.1764433635274325,5.593202557695851,3.099363078129418,3.938261726008313,-4.552981436135485,4.884773974700184,1.404698857247491,-36.749833555178036,-9.591635008808213
2022-07-01,2022-07-04,RB2210,RB,-0.023887587822014056,-0.00641615400007852,-0.007952675909408126,-4.126502484637943,12.506134981975787,4.121364737232568,-2.8958181717588873,11.810983541231442,3.5774514843877983,-36.81074395798753,16.368495904058854,-20.334665101429103,-103.86226872980359,24.015039165791112,-51.95426099699197
2022-07-04,2022-07-05,AG2212,AG,0.013179190751445136,-0.015518551153040723,-0.021068406486642693,0.7626518506841014,1.3209292961022823,3.974920631778817,-6.202298307594908,2.6414012987955826,-4.067668153218491,0.30292079269593014,9.47533939575381,8.006173618203885,-6.751858616467757,16.510487886746816,7.701717243991698
2022-07-04,2022-07-05,AU2212,AU,0.0011747280249247982,-0.004775484697458378,-0.0058779355029567265,8.444825401194542,-1.1129055339319471,6.959991260375534,2.379178530994241,-1.1366108600448648,0.042923639081625886,6.725004931428604,-2.0130541980910763,2.460995841016448,43.95838094106991,-8.425732788316125,4.690012306700415
2022-07-04,2022-07-05,RB2210,RB,0.013875598086124485,0.0011716462968907578,0.0011818475818001068,9.297097751721433,4.61883086190843,16.359506492080325,7.303464764343456,8.652393018507118,13.515038186960014,4.6376067226857165,19.369944491378735,27.684217180082772,6.187053379593406,28.200371779943477,54.70632504660538
2022-07-05,2022-07-06,AG2212,AG,-0.02692130694891859,-0.00046232085890513197,-0.00039133374303813883,9.22521579619863,-6.686965312052462,3.7776148164583954,4.730121457255272,-1.1684222731278977,2.2895857802495447,6.681790177264441,2.244235084724393,6.554552194802912,19.336110251855857,15.280676703673933,16.579125711447197
2022-07-05,2022-07-06,AU2212,AU,-0.018441890166028152,-0.0020409211635558336,-0.0012963099982245799,-3.0706119047997125,0.8964746997793522,-2.699949793704572,-0.866046862064759,2.0019272782928144,0.1305868785981925,2.787669437859073,1.7210875881290981,3.300634504167142,-10.672152114824817,-5.44623863915756,4.612142993127077
2022-07-05,2022-07-06,RB2210,RB,0.011195807527393908,0.00287494208559912,0.0028048208160861244,3.049130342151037,-0.10698045961916014,0.9882177296698802,6.278981225989442,2.5478231317243965,3.6672392843831094,1.0175823665452948,8.634732648673404,3.1419275030161264,-19.782642872900116,21.715954637539276,0.4769835490502168
2022-07-06,2022-07-07,AG2212,AG,-0.0007067137809186885,-0.008249359339036831,-0.014607690533314134,-9.390650803053159,3.6395957575509903,-14.821712891277977,-4.023146826217227,6.95601520859493,-0.19321224132258719,10.400059798356148,21.122804351790577,16.518741330349584,24.843355589413058,20.927708694514404,21.19756654089754
2022-07-06,2022-07-07,AU2212,AU,-0.013027618551328835,-0.001378359970121382,-0.0026158228033201568,-1.9560436876746388,5.053158416503955,2.901222307811482,-0.10324938108798465,7.3546296930717,6.287613198597674,5.832567715818819,3.170401421527489,4.749616925821135,-7.4379363604479884,-15.83131404023913,-10.407827470472688
2022-07-06,2022-07-07,RB2210,RB,-0.009647058823529453,-0.009483238447666088,-0.011479540478336426,-15.310447616941428,11.39563737564851,-4.151474157163625,-5.862694342518691,6.984005212316923,-4.470297349872693,-3.907013664478267,10.644620235626077,9.923652849774959,-42.57450282829156,18.611113003350088,0.4774410834134264
2022-07-07,2022-07-08,AG2212,AG,-0.0040000000000000036,0.0037762612729590962,0.005776236562051806,14.627729794185797,10.489515589759895,24.1538008441346,9.563458447537379,8.021840417045905,15.573925577953954,20.133425069609828,7.8870553232235325,19.18451214615492,15.559337189442399,-3.881781959850676,1.7059049039282366
2022-07-07,2022-07-08,AU2212,AU,0.0012169312169312274,-0.001249869967938146,-0.00220254267506249,6.072463007254992,6.691183646471713,11.518732442501898,2.215760860610824,7.806557556777467,8.663930372773688,7.374932437655516,3.4212218039570907,4.340928709475123,3.4812468727130277,-3.426946518432885,-2.99969616915797
2022-07-07,2022-07-08,RB2210,RB,-0.007803263182785569,0.0011771631730148311,0.0013161247532412594,13.135359728876296,21.47262660595188,31.878741278265892,9.45192046114088,16.63232947694986,21.345097223139543,3.3976667645480707,20.62900170716768,17.973319150443235,5.291790503037522,8.283348270154972,10.726880995124569
2022-07-08,2022-07-11,AG2212,AG,0.0028436018957345155,0.0018841267938347478,0.0016733311219547082,3.627369369559542,6.633879439648963,10.130505164963179,6.2332312301474335,7.828083443781148,12.984157478981304,2.4744019603825333,4.381047826061026,9.027037131832499,-2.6260746490052567,-8.138746910784056,-12.372891937646937
2022-07-08,2022-07-11,AU2212,AU,0.0024363116360361925,-0.0021141656923355256,-0.002061634103345712,4.56805408484024,6.66849148944318,10.199217846418088,2.704497888976187,5.955118143341331,7.11780265353201,4.323583596527358,3.783558677938143,4.585809282776826,-7.337435194033519,12.215895867718263,8.137788548603371
2022-07-08,2022-07-11,RB2210,RB,-0.03503336510962818,0.004740468701917945,0.004512900887175827,5.778291067948079,14.61787566064735,12.17725042248987,6.959345923199177,13.60983408393089,14.213389225153477,11.763499476143927,19.82709342046962,16.109943205358096,11.925233426426894,27.840601085942854,14.977347712142274
2022-07-11,2022-07-12,AG2212,AG,-0.008714083843617493,-0.0030758334908661724,-0.0030538952300870202,-13.250249773390212,1.6957563102454067,-5.645935473220044,-1.7336499464765351,3.3884433445785587,2.063450617379271,8.998316383039418,9.218306940048963,13.762727145051498,45.04853638289776,2.1682661908839727,29.237618490606344
2022-07-11,2022-07-12,AU2212,AU,-0.000845397865370412,-0.002221988005518184,-0.002970321225699511,-3.9153345577854366,5.521103358656536,2.2179494886695723,1.609063727657786,6.02429971619826,6.056607250285682,2.4482950790428104,3.896179989573496,4.385457579349717,-1.3041604848154118,8.933062847259405,25.613249994678064
2022-07-11,2022-07-12,RB2301,RB,-0.03474999999999995,-0.0036341651142195734,-0.005357123065455155,12.401596135672662,-1.077415491162654,7.454551287669832,2.4632807433154467,7.1798871905440755,5.349958085438414,27.365902367693906,21.314416206361628,26.341572551235718,31.169664899668295,15.523248298952774,61.341820387299926
2022-07-12,2022-07-13,AG2212,AG,0.0007158196134573469,0.0033026687250660718,0.003655914085061849,6.999054534604401,2.140874796202346,9.55146349471031,3.136606412799762,3.472514586065139,7.0635418509474786,3.810751052083628,11.984618025544211,10.695027612944797,0.5996340305153396,0.8779097584990699,6.974820322454555
2022-07-12,2022-07-13,AU2212,AU,-0.0058231868713605195,-5.283597074130056e-05,-8.95700657352387e-05,8.007321557125772,6.490011446928004,14.94381634989705,3.6845942519966717,6.901061852817093,9.332706830510109,3.604922422454421,9.722849438023912,7.817877355881739,4.174683946836638,20.561039026084586,3.3005131670339405
2022-07-12,2022-07-13,RB2301,RB,-0.002077922077922123,0.001000500333583622,0.0013736676276925057,13.130101952839642,18.155523964474185,33.003072661865254,7.6039635078189285,17.765709408955022,23.13278147650372,4.092295512865672,18.53872989726932,26.316139783386156,-1.7654732296966902,41.79506534877243,59.05281329192963
2022-07-13,2022-07-14,AG2212,AG,0.005507662835249061,-0.004285720845499074,-0.0037484287469276324,-9.87901146120613,7.33144259935748,-0.33643534549558174,-4.910248095956059,5.867793790154284,1.832527116700522,7.893160107915157,9.935296637165488,10.16133691914289,5.286379113835954,33.301026461050654,28.523861452561874
2022-07-13,2022-07-14,AU2212,AU,0.006422263848006482,-0.0010582011569478505,-0.0015635082088865193,3.291990463362542,7.1178365004993625,9.567585569684086,2.449078517282504,9.23552788057625,9.981281599277263,4.40465154319866,6.69135129299877,6.193559543618746,-4.650025987887837,24.96719741065051,17.4473391439257
2022-07-13,2022-07-14,RB2210,RB,-0.011603919546157804,-0.002560820861673704,-0.002786020694666686,-6.297104514638793,25.158197043445657,18.312311207400878,2.181842564953309,17.201342160291595,14.746071709392712,3.480625814437003,7.006221888184968,11.878467686954506,0.07729948678601253,-10.00507383669805,11.75612174079987
2022-07-14,2022-07-15,AG2212,AG,-0.019029031471090474,-0.0043010818993905854,-0.0061924110882987955,-10.298143768751086,-10.43802066526807,-12.44623092393603,-3.764830580753914,-1.825625152395773,-4.8129730033359674,3.8297306431519194,13.671059492404298,8.874855640554694,-35.635922438575705,17.188261078486622,8.366795501009214
2022-07-14,2022-07-15,AU2212,AU,-0.00426689423435922,-0.005071410842669707,-0.011859200257515263,2.8744932342396607,3.599539156729979,8.59872627537447,4.441164861682578,5.238055347664476,8.024743326832223,-2.948334354676525,7.157623844596853,2.310326941581712,-22.650575556867505,12.09749557436558,2.394399024124735
2022-07-14,2022-07-15,RB2210,RB,-0.055028962611901044,-0.008217817176814326,-0.009732995155231332,6.902580085651426,26.261916713406904,19.602624070070455,-3.6386041058820693,20.23086240770421,8.21436479474588,-40.2801009320513,14.521840809088816,-19.17886274157399,-102.46635114135584,28.489301398525182,-48.94567143860776
2022-07-15,2022-07-18,AG2212,AG,0.013427734375,-0.024103360179855666,-0.03266483481969618,-31.816604553100685,7.308703399149975,-42.38334964163823,-18.412855636593953,9.318502733941024,-18.958213577677473,-9.800550487475132,10.057245762214206,-5.530160267092419,36.5764634334321,24.700695180965276,54.163947015842595
2022-07-15,2022-07-18,AU2212,AU,0.0034252073856035903,-0.002982374261485982,-0.0057154025162333396,-3.04506605557559,9.609096027254395,3.7130897393678737,1.5999835932369662,8.35270131761619,7.816915160974386,10.615985373542465,8.715165402288614,5.986129730513195,13.830836745644234,15.960100081344518,8.45884718846292
2022-07-15,2022-07-18,RB2210,RB,0.046801440044309084,-0.009173174008323945,-0.01295917321264364,-4.8827474287117685,27.55351845959411,12.8714013431576,-2.584636736427588,24.648639669180056,14.885652531929653,-37.396906245958746,10.657115715992104,-21.342812114847714,-9.928232391503494,19.331369691102857,-23.063898017900087
2022-07-18,2022-07-19,AG2212,AG,-0.0048181161165984365,0.01848025982206974,0.01985061018638462,22.376889763806293,1.8269036931164335,28.325215631990453,10.498568874675057,1.7083821945421203,15.404930102513385,-0.49059936619353295,-2.141349949778642,-0.8117944659554206,2.448114945880993,-17.54659777994903,-15.924983006789239
2022-07-18,2022-07-19,AU2212,AU,-0.002933802741772129,0.0008566686822567224,0.0013709679281168681,1.8324278321251535,6.934716432865634,9.17915348682783,3.884189625283932,4.234572044500069,6.779803664020648,-1.1123597057487304,8.104643402629216,6.313545230687112,-2.030629792693678,15.426342271985904,0.47529402617802596
2022-07-18,2022-07-19,RB2210,RB,-0.003958828186856667,0.0061111301298503945,0.007274105708398613,15.885340217504666,-6.229692594139759,-0.22338817187798599,13.756631700129752,1.0746267258939692,5.22298555895807,-2.704911613097123,-21.88428937873572,-14.565694471826218,-26.728618747661084,-76.69676496771072,-32.98079847935898
2022-07-19,2022-07-20,AU2212,AU,-0.0006955963400930854,-0.00010667804575943136,-0.00012696178441443885,9.537161767762345,-0.0175651385618103,11.464650238880761,4.046500455376647,4.447391974857317,7.926231491297775,4.422424720480397,3.8144666010906887,4.660442484104713,4.574578245178916,11.812786708689496,12.11296320922023
2022-07-19,2022-07-20,RB2210,RB,0.016724183700557393,0.0023781224049674193,0.00273669089596266,13.165446531209234,18.36521110545924,22.063618113512703,10.431690720690806,15.481803740181201,18.15480876148608,8.66343726589163,19.351539505794257,15.98923306529165,23.909238768495257,56.724689445871554,24.780382425450522
2022-07-20,2022-07-21,AG2212,AG,-0.007462686567164201,0.0029006546806373116,0.001757016469430408,2.0935555781260464,8.763135924777059,14.608200867777763,3.267425598541131,5.752768025542009,10.442171383634843,-12.036070522825725,11.001036650120229,6.538799976188629,-12.298092019205356,7.746317905451011,10.910757995726144
2022-07-20,2022-07-21,AU2212,AU,-0.010051325919589349,-0.00016050935001421708,-0.00016157672679329859,9.01680090850274,-0.5847744831716595,10.633774089706359,3.818957060278739,4.306386861384882,7.44997394367695,8.747785486497456,1.2622355371051224,6.269117785455408,11.614274999407641,1.2093298417450618,22.605186926345926
2022-07-20,2022-07-21,RB2210,RB,0.0020925974365682,-0.001856518236454405,-0.0020939266593246408,8.176067110377543,-3.3521369862079187,-0.542778675311395,7.222958034622486,1.218006616776607,0.9773138007861268,10.274296691243482,-9.337614571930237,1.0050567875015433,32.144724571246485,-2.935887147294586,15.547837676292863
2022-07-21,2022-07-22,AG2212,AG,0.009413468501086264,0.0024102204967385954,0.0022886538123306137,0.7184215239887877,-6.994442764158721,-1.8398750325477677,1.68511336267136,1.4514829925100399,4.179908351361416,9.859235896750157,8.116675041386767,14.007735503012405,17.790648496127066,32.499546803705314,49.628679771506576
2022-07-21,2022-07-22,AU2212,AU,0.006101150655606125,0.0014981276210219918,0.0019461747280485886,1.729265357720282,-2.9970024015578733,-0.09199814655672656,1.7188477525038899,4.237139808891223,5.142527964419818,5.376883784647357,3.6450520512988867,7.0865418629432675,8.248344326330253,23.001978479660316,20.384703594526062
2022-07-21,2022-07-22,RB2210,RB,0.016578947368421026,-0.0018293484782788572,-0.0019828927714328538,1.319995911129376,20.30425135184956,17.75517880012257,5.723131819189819,12.47212254782658,12.305152710904038,4.30830726626985,11.156283344110554,8.852412658785632,-5.239047873996544,15.721579215286035,8.168218943317529
2022-07-22,2022-07-25,AG2212,AG,-0.0074198180947822046,0.004839109370501813,0.00453971609681705,-22.853863613947627,1.7014404310351596,-11.418449725454813,-5.374015937552156,1.537095835664838,-0.9078471349340802,-10.017921628621165,7.500708377626541,3.6845994405859823,-30.87774530466124,10.816539600685681,-4.745909800916156
2022-07-22,2022-07-25,AU2212,AU,0.0013805554080603688,0.009085839768423013,0.01670586138938604,22.777023951028365,7.940027002221918,29.674327820652625,0.9150674923827129,3.8297075220750942,4.403176021519325,-2.8807226962290255,13.492692165921637,13.044127300707453,7.885212062772856,48.31565939570426,21.38570504084313
2022-07-22,2022-07-25,RB2210,RB,-0.0015523932729625267,-0.008124798986171857,-0.0071387033519924965,-18.000624744051148,0.5065769217187275,-16.7008385556271,-4.803523034840111,1.3331168492224648,-9.162768615568902,0.9403296628602915,-8.061964679431245,-4.370608871960322,7.919655284303217,-28.006207300563933,1.1869267553550524
2022-07-25,2022-07-26,AG2212,AG,0.0021723388848660097,-0.0009569378720678076,-0.0009670450353032575,13.076541447351634,-9.392291375142417,11.788086535108462,-1.2133411881499168,-2.942556777099197,-0.7070266775907186,10.12070468195895,11.444692424081458,11.978220773753945,28.887035143023287,6.465319308488602,26.568174760929622
2022-07-25,2022-07-26,AU2212,AU,0.0013795298986576388,0.0018069732807857782,0.0023469572016462923,-2.4413270583679636,-2.770894918617789,-0.8686577566525728,-2.1145653339429398,1.6910152333731248,-0.2807833219532103,-0.5529359335918493,2.6754567310693145,3.475848342242466,-2.1240417019858553,3.567809559518994,1.882101055914564
2022-07-25,2022-07-26,RB2210,RB,0.005950840879689556,0.0005175983552410421,0.00041100225569101116,13.258420619963584,8.842084987602718,24.37867134417154,9.53987754070948,6.728164702260454,13.152913080594532,5.609640700610785,-19.50002168482108,-12.460771613950737,10.036695194475724,-18.438681233818265,-27.48841039340125
2022-07-26,2022-07-27,AG2212,AG,0.0050675675675675436,-0.0009650181689795453,-0.0006816837339736302,-2.892269047672118,1.6887259253288185,6.468321700615741,-1.814392842558341,0.9035362816022205,1.7678132976623995,6.133777291620748,8.1896331574859,12.092153186331565,9.818032662867019,7.445857045242843,12.935659847304382
2022-07-26,2022-07-27,AU2212,AU,0.0006376195536663687,-0.0006365034957374429,-0.000572623894715777,-0.27173423081207737,0.9838525708146646,3.407240928236253,-1.2034474491067613,0.5888872930369757,-0.08919134364665293,4.041832768746392,3.7829892501409828,5.705282381560656,9.225749704113952,4.790068388008247,13.97529849300974
2022-07-26,2022-07-27,RB2210,RB,0.0053915275994864675,0.001553599483903593,0.0014443980107481686,8.142241740083563,5.718614484247551,13.370024159339128,9.774051548384964,4.047395429238008,9.261900464441926,-1.0906414459510645,3.2161491716952058,0.8048521069625638,-12.217516484815127,-16.657796175582003,-14.28906880846492
2022-07-27,2022-07-28,AG2212,AG,0.033508855911919655,-0.001928640906405597,-0.0013186032742571094,-3.5161501396447092,-2.241609704647561,3.6929330448857134,-1.666271051186512,-0.03445978881947864,0.938613346231508,2.759076035663411,9.006547218678367,8.815494414048969,-8.069926165141421,15.449710125895681,9.34733975744216
2022-07-27,2022-07-28,AU2212,AU,0.012283967030045195,-0.0028121950987687254,-0.0021913439424973763,-7.1470658836815915,-0.0203980987747876,-4.23575737580266,-2.4726441310821228,1.2241844797849137,-0.2419019893216907,4.04251896888088,4.403234462553601,4.306510560540189,6.899267274213472,25.05610406560813,10.95538881585959
2022-07-27,2022-07-28,RB2210,RB,0.037586295065200614,0.0017987927245189702,0.0016287496217040347,6.091701766424531,5.193276046531805,11.954406434419408,9.112306832181922,3.744930474248965,8.873042091624392,2.186696584662281,4.051065983797032,4.1742908390705535,-4.709378804717439,-20.109464536767018,-3.1715726682473218
2022-07-28,2022-07-29,AG2212,AG,0.022222222222222143,0.0031163875155679247,0.0036273466979268787,-2.3407454014000595,-36.16315529478934,-35.27331866293425,1.3827161764577336,-18.939153429711084,-18.435742501975522,6.207193237587898,-15.564589394872174,-9.966544367256272,8.920568174264671,-30.90077995594659,-45.52777217564975
2022-07-28,2022-07-29,AU2212,AU,0.011527377521613813,-0.001434758595621088,-0.001743837567804135,-3.070985721412509,-8.225920141044284,-9.68117327583601,-0.8041819373340902,-4.867654112984917,-6.337240412862762,1.5935799498019783,-1.2487800865221304,0.37191518367895254,-8.410503972965284,6.227074010173449,-2.5903473230139373
2022-07-28,2022-07-29,RB2210,RB,-0.008436724565756837,-0.0012776288948868394,-0.0011844729164855892,6.1424041916897,-28.369665601060905,-26.615191648848594,7.091927919180244,-14.065090639302532,-14.661870898557165,7.84544875956945,-20.00009184929564,-8.546967736090988,20.51031366974906,-36.90825596113101,-9.6397694374217
2022-07-29,2022-08-01,AG2212,AG,0.0038409399005874256,0.010825857198949924,0.014757672888592225,-14.677423321679772,-21.653428175826697,-25.33222620226068,-3.5710865477670017,-12.817690401825821,-13.532328313565909,2.0387045092351594,-13.914233930844714,-9.848992587485618,17.69679841447444,-47.44712027697962,-40.00437639034945
2022-07-29,2022-08-01,AU2212,AU,0.004530542102796353,0.0025707629383289353,0.0038346961096656185,-2.488662468254294,-7.317718607762674,-7.636749269471794,-1.829358891989588,-4.502912778487673,-7.0931094889583655,2.9597210746186504,-0.5999860338800896,1.5780844048646239,-18.771121360633085,-4.72419294818733,1.4950326221123846
2022-07-29,2022-08-01,RB2210,RB,0.022483137646764906,-0.006923865445031416,-0.005202008949444975,-6.090000127568201,11.547967312910881,0.2777732889206326,-0.659656328705351,8.692933405527125,2.2611537135297466,-36.96193916273017,11.86286097089987,-24.084462648678524,-61.007983665012596,32.70271238164762,-30.868422189665438
2022-08-01,2022-08-02,AG2212,AG,-0.0024597495527728386,-0.008100854381482812,-0.009090371564956906,0.56053237027507,-7.803439536587351,2.5345309189675937,-0.32209803234201084,-5.206001646759111,-2.647074294476088,6.285808693918938,-23.466997143681244,-16.813924773298957,-25.68246658574141,-47.89490878755158,-37.060038486865345
2022-08-01,2022-08-02,AU2212,AU,0.0029896907216495627,-0.005297612888223749,-0.006091753311603511,-6.524780731532633,-1.6895162232868515,-4.942119582154984,-1.0337923511664107,-1.1384371277377792,-2.2343648476817224,1.6936905761153505,-0.9643481312747444,1.1028363503818783,6.731258383737976,-6.815399928303514,-2.2775844215646814
2022-08-01,2022-08-02,RB2210,RB,0.00835380835380839,0.001750219224129523,0.0017918939022485132,6.440878695323577,-8.601430747624462,-4.847876291830483,8.097913474590799,-3.3472074506719958,-1.5170229397653427,-2.5723346856203375,-6.820392568185228,-10.759179238049791,-10.65378858367186,-5.316294109882264,-25.79382261766974
2022-08-02,2022-08-03,AG2212,AG,-0.01805617476593846,0.0065059118990265456,0.0062758069566142905,5.876808935135138,-7.679165206067986,3.976012822037937,8.075809642026154,-4.527667667235958,4.2612201203206626,4.574030017903463,-23.49728796210768,-15.533048511507687,-8.724514497083895,-22.943466519335484,-24.952879709965124
2022-08-02,2022-08-03,AU2212,AU,-0.010475217169136353,0.005686239151644709,0.006076435949221477,-21.377855544761573,-6.877664826450162,-24.921213166367394,-6.967670384637221,-1.7930258336735694,-9.910861865468641,8.065907786625893,1.3838809015068951,1.9979867780284537,22.95394306000463,-3.2790532839984996,-7.394913464796799
2022-08-02,2022-08-03,RB2210,RB,-0.0068442923490589225,-0.005635198055762378,-0.0050534718077305165,-3.143437462443772,3.985267135122165,0.9582442342157633,2.3471864999296215,0.7546385542266609,-2.051823951173982,5.850904592189747,-24.829593102594906,-16.133519105203174,16.81494672373268,-50.37871869482889,-29.358310190231418
2022-08-03,2022-08-04,AG2212,AG,-0.005620503597122295,0.005588479951888863,0.0063342103181787445,8.230703737940082,-7.605343200928725,4.723215854290487,5.3588097777456305,-3.2685997325277816,4.2195335422700735,8.68228048503821,-21.42983082916997,-13.860939130558178,3.9804908304277977,-13.236334533956192,-7.207689814214038
2022-08-03,2022-08-04,AU2212,AU,-0.0006698268755154224,0.005739484854748876,0.008591663583438004,-0.5762142676104545,-2.219697220075348,-7.303379292090051,-1.3294075918626715,0.9849442793409136,-2.828344162081949,17.378807278437908,3.3690464678387064,7.603925843608917,28.285400183638668,-5.019237554220728,9.33271175804009
2022-08-03,2022-08-04,RB2210,RB,-0.0233128834355828,-0.003172668921206876,-0.003055512242999144,14.140418614958842,4.633004634358379,12.671685913270862,7.611272337617429,4.896700062199974,6.16316080689012,20.010861297478815,2.466758394729935,7.99800061033099,43.742529025544954,-1.0224832120555152,-7.51789125525728
2022-08-04,2022-08-05,AG2212,AG,0.006076975016880537,0.009714297560138526,0.007346746800091497,8.641180341360782,-4.484551320595343,7.473459729267015,7.30165140780878,-2.5909037481451245,5.565657495105803,-3.5133530363280907,8.399008244647007,3.5745453548149415,-4.798460593438052,27.082332168878562,21.99014645511117
2022-08-04,2022-08-05,AU2212,AU,0.003695529435918443,0.0022180392349787654,0.0021583193979953508,7.331603775347589,-2.2914026620686023,4.637536639794653,2.9914884419456946,-2.1785972028986933,-0.013941427369538406,1.2807299058267236,2.117687498764117,3.5949396532763256,-7.451699013160567,-4.725858292773833,-2.5813239377551818
2022-08-04,2022-08-05,RB2210,RB,0.014580191050779234,0.002949129687236435,0.002779571990120119,11.516218017453388,15.769809185626972,24.095322251919715,11.116614741363273,12.341551902425323,18.832714350083812,4.665951427206423,5.879205068204418,15.74978424338962,5.87558824633285,-13.263319186926436,9.711614920608392
2022-08-05,2022-08-08,AG2212,AG,0.010574712643678152,0.004511625067581662,0.003403939366361722,0.8856602672172365,-4.9750384059180055,1.8540759282111074,2.0340367935167887,-3.7193134544257767,-0.20532743782106833,-4.345476468866687,5.334246959489798,1.1262089590053046,-16.21487059556754,8.784430050960852,-2.362303548173039
2022-08-05,2022-08-08,AU2212,AU,0.004185181357858836,0.004526989571819771,0.004095712938420406,-4.61265847344286,-6.632565678255992,-7.93552397891359,-2.0004442574258343,-3.5712018315111154,-5.557209490720748,4.137897503256341,2.829148699289624,3.6392349909340753,-3.1850535053921143,-3.044148645966509,9.293104724062532
2022-08-05,2022-08-08,RB2210,RB,0.023762376237623783,-0.0005026388645658936,-0.00039606613210202706,9.538280434871767,3.0801230377715094,5.711488668113421,7.687555511038695,3.7927307081666597,4.05149842522031,4.439278857761718,1.06015618353513,0.4352024932503542,15.776719655023774,33.76630300781203,17.783259737898895
2022-08-08,2022-08-09,AG2212,AG,0.01460017969451921,-0.0272125635248847,-0.029211294235762367,-3.173339954560625,-1.1997987482308083,12.93549094520716,10.612377926562068,-3.028488642765912,14.281635526508909,2.3777729083544608,-0.995978831956204,1.9357340349224041,-21.34776483462159,-24.71435930072993,-16.920710846134
2022-08-08,2022-08-09,AU2212,AU,0.0018987991378425217,-0.010331891748726774,-0.008047016649410465,-8.978116314154107,-5.481190773667151,-6.977954348676686,5.727178529160183,-2.8926965874143225,4.9962270243740585,4.294821448188554,4.217664396075011,4.773657743426434,12.020262470587788,11.85888435052975,10.419094382973924
2022-08-08,2022-08-09,RB2210,RB,-0.009927360774818372,0.0009905894816960882,0.0007904264893357994,10.24973774104646,-6.077728395808008,-3.447287923313626,9.056226279819118,-3.005059943425082,-1.8621753603035822,-0.5355799424103664,-13.720066956426985,-12.6800618879887,-4.120780284528488,-21.840220824119957,-21.636281811714486
2022-08-09,2022-08-10,AG2212,AG,-0.0070796460176991705,0.012658396871923465,0.012623265537950056,-15.032848308495872,-8.680713582290736,-12.60563932175746,3.163442456688157,-4.605956595358116,-0.19787799201943068,4.870999656736278,-4.123120271665383,-4.726866755599513,3.102317374247086,-16.39982009778059,-31.748589816056445
2022-08-09,2022-08-10,AU2212,AU,-0.0015824400204186295,0.0026206946989630695,0.00162346877702888,2.399871310356936,-5.511366600699206,-1.6397820844711801,1.3708964566341977,-1.259260809603556,-0.8621929682231464,5.669677608159949,6.237031377987273,5.4787128874199595,-2.116420099405167,18.5615855631074,17.354387177157324
2022-08-09,2022-08-10,RB2210,RB,-0.00562484715089262,-0.0014517302331865684,-0.0010015877799817593,7.159881825229462,16.308720556205746,16.719603798029258,7.3639094123482085,11.656812487015898,12.335974773961388,10.737330634172327,3.267634769817039,6.061075945791656,6.699977143203299,17.698697530273908,18.487492045299426
2022-08-10,2022-08-11,AG2212,AG,-0.004423800044238035,0.0006639371716727299,0.00047875791572744836,1.4782264319341358,1.0099052383634164,1.105123787391857,2.0500140541568435,1.4620230978519149,2.2373043738056664,5.891454497615942,9.394835781971329,7.328814307450261,21.044853165718138,19.561491674030908,8.36394696121565
2022-08-10,2022-08-11,AU2212,AU,-0.006984450675503462,0.003425974255784335,0.0023194444973530658,7.999256798569666,-7.464026275216095,-0.33770470396983976,2.7613813538185146,0.09528701389893879,0.6125391657385642,11.037055014972138,3.084950809180611,5.625602340710544,9.109284362194705,21.343005315847243,20.225771684465613
2022-08-10,2022-08-11,RB2301,RB,0.00356597045338769,0.004049613228503345,0.004917163420723605,14.604441752722897,24.401634947833436,31.09552613199883,10.653473752542645,16.222917085873473,20.81369954399068,20.672703830236465,5.166171879474731,8.993500586840675,38.777086137824725,-5.883619709842737,7.488779335911149
2022-08-11,2022-08-12,AG2212,AG,-0.0033311125916055673,0.007326040092072881,0.005798017932845301,21.901509211328584,-1.0626481095026872,18.163089975613634,12.515953758374025,0.21302474599703958,10.616288424944088,-9.7858848303383,9.808344063256671,3.9480215846621833,-23.908815836386193,33.51416419335526,16.068782361083382
2022-08-11,2022-08-12,AU2212,AU,0.0004603109656300397,0.002859041106135129,0.0021976347336171366,10.818733185276878,-5.973695309426451,1.5580980995462586,3.7043643357612783,0.36158071157541105,1.6115632354739913,11.281681502920765,6.225068719028753,8.46747635668905,7.495531804347999,8.184492933889524,27.187091256222622
2022-08-11,2022-08-12,RB2210,RB,0.007770762506071005,0.008327258504107258,0.008094848532638275,18.49688902115413,15.245664542376687,28.198510506286983,17.379658109008993,8.017592068330469,20.944431704125225,-0.6292766962148397,-2.4891225343608134,-1.855151981338858,-5.026400668030372,-14.00754189058261,-8.07942691181993
2022-08-12,2022-08-15,AG2212,AG,0.008904719501335645,0.0004442470086389164,0.0003603152503929572,8.974188246067673,1.3552340100577545,5.812433309794913,4.102051256990711,-0.5281567972580863,1.3463313042997234,4.075065490550628,9.476983555191339,7.865341716275026,-15.831639625654397,27.11121166793521,9.434385265839003
2022-08-12,2022-08-15,AU2212,AU,0.0019937631000459533,0.0037919594501773543,0.002388555633589044,14.900178420494132,-2.4044519755402938,10.078928231168803,4.514857063348164,-0.8587940513447041,2.279612307764774,7.1612655681892825,6.426319025915723,6.553560539962294,-2.503990082714366,9.144354868541017,12.058594517210484
2022-08-12,2022-08-15,RB2210,RB,0.0014563106796117165,0.0024313165392859898,0.0017050576146765827,6.435640820967415,14.450861627141244,13.216511026203936,7.96930144101438,5.9859136581301815,7.335434247259409,3.6375115643936557,-0.10843068752415097,-0.13460028782095385,1.5886503723158603,1.4432099177301343,-3.1972897411065704
2022-08-15,2022-08-16,AG2212,AG,-0.0008970621215519392,0.0008908686558016329,0.000973229866754606,-23.312046044028047,-15.16953523593537,-43.74550084237504,-3.4015632176488166,-7.118814019648678,-14.475673668175869,0.03743973286721498,0.39739045502531134,1.92121478886589,1.0504370021112677,-19.82739547356873,-17.240072852108582
2022-08-15,2022-08-16,RB2210,RB,0.015403422982884996,-0.00725517088117191,-0.007974128895341579,8.650859151129897,0.13617723824859818,-1.9055083575667475,5.885269370395596,2.597396123905685,0.16216823797064928,-31.719901804591434,13.137614060346158,-18.373670366038013,-95.17353178741628,37.71523153718855,-72.49906688800932
2022-08-16,2022-08-17,AG2212,AG,0.005889014722536778,-0.016238817520420286,-0.014780159588981505,7.069798225843641,-1.8370226535421246,13.263790170412076,8.708654216981099,-1.6895919905228283,5.657321386085021,6.336346093246408,8.686488244978351,6.297189181808637,-18.310355809936993,8.413301641015446,0.219090723691737
2022-08-16,2022-08-17,AU2212,AU,-0.00030767652940877355,-0.0037314429781115516,-0.0027051819108844122,-1.0008480417631564,-1.4344337645238978,-2.3908373495171342,3.1410770631918377,-1.8133988775651746,0.820057758371612,7.919409251592621,5.443071914682608,6.821541617108087,27.508549585367025,6.895455070497369,18.08535670157176
2022-08-16,2022-08-17,RB2210,RB,-0.04014423076923079,-0.008763444594349693,-0.0060930422632688545,0.18128938267749284,-6.762387509794986,-12.123673705109411,7.0118074461019475,-2.0763191813559594,-3.731070596159644,-1.0534922791866608,-4.057536711818187,-3.136527186725044,-10.954680447440587,-19.394680552981292,-35.191921476434025
2022-08-17,2022-08-18,AG2212,AG,-0.01566401816118046,-0.009019226866849256,-0.006352720437907034,7.631079540472223,-0.8694559583220762,6.2198464830839,5.766980500629765,-0.7173877576417729,3.310342178170832,2.4593476342438936,7.47090515574708,4.3362287149185965,-14.011102203410074,25.075416929210213,4.078649537724156
2022-08-17,2022-08-18,AU2212,AU,-0.004824966635868955,-0.0038385798342667906,-0.0027250514828306522,-0.4453088397561529,-3.6118328144356315,-4.39503242953891,4.583080133058893,0.6107812448884324,3.048748002262387,11.952880260657103,7.057275033648618,5.54302839589892,8.29903771731885,14.52668958110238,13.543811948798426
2022-08-17,2022-08-18,RB2210,RB,0.009492880339745158,0.0016841096245554163,0.001727197694530386,10.784652174119081,3.037900467855826,4.245041393640914,10.207071312282794,7.112225275914508,10.169574785831433,5.8754443385450354,-7.084322445369654,6.8164202400147635,21.044853165718138,-49.06036777203482,-17.260913033336173
2022-08-18,2022-08-19,AG2212,AG,-0.0182648401826484,-0.008139316921822355,-0.008481764947708456,7.6089069050085385,1.4737778602158453,-1.1058258135220078,6.7217643464332895,4.747249827728168,6.012030912913344,-8.008400648196352,6.180183475354033,-10.407613472933074,8.905307763952475,11.427415830460419,-0.49502318702979725
2022-08-18,2022-08-19,AU2212,AU,-0.002676273803396856,-0.0006670600857967388,-0.000528909117373426,4.59681162248439,-1.9210563463841526,-1.4102888498849429,3.377153409046047,1.4099408201074364,2.0936472445578103,4.811202689193384,7.636779010638714,5.991558548873769,3.0874585767164757,19.270668874107752,15.756353329719728
2022-08-18,2022-08-19,RB2210,RB,-0.029876543209876538,0.002501251929352379,0.002359681518059707,13.179086893943074,5.1178108469178785,7.432964382851234,11.532724201433162,4.825969750137945,7.101381736497432,3.916690275257859,0.2110753758477265,1.2360488349832515,-9.415774865991528,-13.681277383161003,-15.736675664579233
2022-08-19,2022-08-22,AG2212,AG,-0.007460946607600882,0.010096460251009595,0.010237896625817644,31.80292483261237,6.043849741029591,23.156594049557285,19.567053027677826,6.104468256712367,20.178315038519433,5.934332729343135,7.1777180626519215,7.215960123505865,-20.59058624192875,9.375738118266217,-14.584641698436027
2022-08-19,2022-08-22,AU2212,AU,-0.0042278937870584565,0.0021639454062191955,0.0018452952643882193,10.641857815054374,-0.7145217451752837,3.620615686644018,4.336154047650088,1.5981532453838803,2.047012902035421,5.44699390625233,8.029995855919466,6.844281013342455,9.442901497163351,19.270668874107752,16.21992211528371
2022-08-19,2022-08-22,RB2210,RB,0.015704154002026405,0.0022246950221111086,0.0023522043535076603,20.295411774457218,16.277737134493783,24.775740333374035,12.787316952233724,13.3356627637761,18.037748625235693,9.685465673401987,13.047963422618158,22.077719071052027,12.715870478508748,36.89847245160235,57.82765683835485
2022-08-22,2022-08-23,AG2212,AG,0.009933774834437026,-0.0025614171647733194,-0.002233297566977089,22.605460373055394,8.130382583090956,22.84093632099743,8.67638022790614,6.975448767591713,11.915822892507913,37.49467273818543,5.880321276627645,17.637026680217833,59.05283576642973,26.0509430477776,48.07192918941127
2022-08-22,2022-08-23,AU2212,AU,0.0051904910204505494,0.0008768989291179486,0.0006897898323488613,6.5398379820368735,-4.52840751692873,-1.7195918679024955,3.7021461191017786,1.8527810544186776,2.412653873471088,6.23987424453734,2.214477231575283,5.245810004409007,2.728917391250069,20.424224402271513,20.09947460515076
2022-08-22,2022-08-23,RB2210,RB,0.011735330836454505,0.004824180994912367,0.004078887557838107,5.6964046958614825,7.549978123389424,3.378463589782619,12.638576790265844,5.371062714608476,9.23432716514858,-3.560276871816499,-20.90341381252302,-14.673955890756767,-29.34205314360394,-55.13119824275919,-56.904564175545055
2022-08-23,2022-08-24,AG2212,AG,0.011737089201877993,-0.0068356188380241135,-0.006538786328601036,-2.340661519330196,-1.767497529057473,-4.409418579800361,6.576546669347509,1.0631157820994894,4.403564769739335,2.253659971223699,-9.078940248679643,-3.039913522932755,9.439833595577099,-31.729734371785938,-33.82189906304568
2022-08-23,2022-08-24,AU2212,AU,0.007656888612965096,-0.0024365599550304922,-0.001759106147460214,11.300842383325113,-2.8300436020373603,5.327087915246361,8.363582304616145,-1.2104236917152935,4.757491666790298,5.78118307355623,3.342031649155986,4.92316314876769,22.486614423424317,0.04456379753805078,8.158755827818984
2022-08-23,2022-08-24,RB2210,RB,0.007893438579181122,-0.001247660798155252,-0.0007565542976871051,0.08322318846749921,7.537710402129761,-4.408046002304948,4.347318405072285,4.1925011751735175,-0.5680391980502586,7.152798721202434,-4.446027694793571,0.9449664052488644,0.7068724455647926,-29.728057366365075,-2.3870555137486207
2022-08-24,2022-08-25,AG2212,AG,0.005568445475637951,-0.0023446669592541345,-0.002222242759917398,-3.4256121313702814,-0.7670135386718249,-7.976732376107702,3.0353772242563073,-0.4672883950676159,-0.9050671868915652,6.610889042152716,-2.8497431841429104,-0.1945634141640733,20.37562984337265,-13.324690712711838,-10.7408256864431
2022-08-24,2022-08-25,AU2212,AU,0.00467866323907451,-0.001912392364724353,-0.0014185018602231212,-2.2388173762877597,-3.2783773011038333,-9.126528916280852,2.998091535502476,-2.56484295862946,-2.305412575710962,2.0975060154883947,2.23045909177734,3.0308551047057337,2.4761596850464436,-0.22253698757913043,1.3561274071411742
2022-08-24,2022-08-25,RB2210,RB,-0.009048667155783785,0.000493461643371353,0.00032233674795319157,2.7315490548056083,18.206778647216044,8.708551039091176,5.614629504191136,8.656105129709786,5.588476439981564,-1.341706031365849,6.575598333020275,4.810303439972389,-8.551785136343636,4.545951949822783,-0.9632733520384789
2022-08-25,2022-08-26,AU2212,AU,0.001177012435392255,-0.0013872121833075138,-0.0009089039438091856,0.10717508174220347,-3.2446367823405344,-6.572551731282539,2.9310461108094685,-2.364492908976527,-1.989618993687312,2.4549344583390895,3.162823121995213,3.491329533467558,2.4761596850464436,-1.747157912254104,2.543681041845094
2022-08-25,2022-08-26,RB2210,RB,0.011105626850937744,0.0007339449870748329,0.0004993493573772134,5.954409865600127,12.83898125347768,12.148033384401064,6.414817461696214,9.189457842994912,9.134951702478787,6.769175537759321,11.599231598141348,12.404357900932316,6.187053379593406,4.721422155030095,-0.5323317829240515
2022-08-26,2022-08-29,AG2212,AG,-0.02036094400740396,-0.0032355008581484044,-0.0022408889914128766,10.316085375111271,4.965110526721568,14.631518240382464,5.386493641612827,2.871492121928907,6.70497966570467,12.14977171828231,2.4646126735833342,4.619912270841426,10.191419497286667,13.089029786596923,4.942396913793293
2022-08-26,2022-08-29,RB2305,RB,-0.027617043661230967,0.0007996801705642441,0.0008609070533842474,4.8767169227596625,8.367684990789169,6.633634615457783,5.737727396504486,5.778524685077505,4.832330204221321,-0.559028029989114,-3.745453197574625,-1.0911811935775253,8.31445857063512,-17.562900830046463,-9.334858015000814
2022-08-29,2022-08-30,AG2212,AG,-0.003051643192488296,0.0009259259920785934,0.0014943132448211522,3.416587717213794,-5.973109723512599,-0.42689306833020213,4.615356314905204,2.7562346738428443,7.17416118578088,4.295225317238585,4.1997922848330544,11.205694714749564,8.629773662713555,-5.776279871308383,-0.10273017187062927
2022-08-29,2022-08-30,AU2212,AU,-0.0011289577667162876,-0.005792660052555711,-0.007646635873594098,-1.6367049246476362,-4.121974683513375,-4.585389692178044,9.983067571745618,1.3380854113415697,9.029085366977146,-36.94498067654236,2.161380468949168,-26.50730103200285,9.09841602137211,0.203154148838653,-6.381385651904521
2022-08-29,2022-08-30,RB2210,RB,-0.022698612862547263,0.0019507443396575136,0.0016822867028034236,15.930684407560888,-0.41982529531669677,11.622380335974553,9.523976013729023,3.518353355131843,8.283724523785368,6.7565408154550495,0.3492449922118292,13.454491988191414,5.935150976694521,-20.78286942214332,21.236703551941762
2022-08-30,2022-08-31,AG2212,AG,-0.006619385342789608,0.006121987568605649,0.004553773612516066,7.8035230367867445,-0.6024789711413217,4.3558528152399205,2.0347253115982404,2.8741330469252913,3.113101723619857,3.821750044672317,3.3768062531327208,4.821873160979572,-2.144640689358301,23.40736942024488,17.422532443688336
2022-08-30,2022-08-31,AU2212,AU,-0.004323211528564075,0.004629161645842672,0.0035713660859690416,14.719321984171717,-7.23997809811705,8.433154355828396,6.335017112056329,0.6360496286091109,4.283149665459918,12.26439190732612,-2.315713210756264,4.095509565045652,-8.14603222787648,-9.335590560726612,-9.361656957711057
2022-08-30,2022-08-31,RB2301,RB,0.0073972602739726945,0.0023901219717200007,0.006398911757080864,13.4357757022444,32.24625638126481,39.769824686384375,5.366634557776539,24.461788069434313,24.94434508461326,9.84973662492778,22.783619652917018,29.72329986916242,27.21796792669959,45.13914457023303,67.15981632563145
2022-08-31,2022-09-01,AG2212,AG,-0.004349927501208328,-0.004010858272947474,-0.003706753080657438,6.393348906540661,-1.7337409001707185,2.2879921053967642,-0.7301829786067717,3.5289618515533205,1.6987526716063104,-23.597781830144225,2.708576327728352,-23.464958325391752,-3.7831891414169654,15.651334628455027,-23.084769201242416
2022-08-31,2022-09-01,AU2212,AU,-0.003428393330216606,-0.0017997176730702974,-0.0016225121458906253,11.013026554145553,-5.869674538986421,4.421622501792859,7.932541723922783,1.1959775838716524,7.453758193902571,9.045217070895607,-2.042055552138262,3.9609037668231166,7.90929783847226,-35.431047182626315,-5.767559045421777
2022-08-31,2022-09-01,RB2301,RB,-0.014076881429344934,-0.003009166543699023,-0.007143616462455172,-1.8589003970796294,33.21560241409242,26.40476625086473,0.5203065412120327,21.97180316909873,16.288298987234974,5.773782108679576,22.879187227188932,17.38599558765325,7.97000207310909,34.422467855622514,51.07322576324503
2022-09-01,2022-09-02,AG2212,AG,0.011181332036946934,-0.015348023099457432,-0.0185123450901194,2.007682240538644,-1.1312439461659567,-7.902798332372999,-0.1536802577828973,3.6152999875927043,-2.5597689968292574,-38.27133966741215,0.9854078024532439,-26.374643857584605,19.216472025288567,-5.979590433342333,1.5132067456784628
2022-09-01,2022-09-02,AU2212,AU,0.00047017030613316635,-0.0049226723238673855,-0.00666801811169627,20.223320196885847,-1.4278105725906238,11.726098085414085,10.820666792212489,3.2690513032792707,10.3899567610325,-35.747222153433235,0.9464068609817766,-27.37359344979374,-5.5485727306775345,-1.4935573511934657,-16.862381913749438
2022-09-01,2022-09-02,RB2301,RB,0.0024807056229327884,0.004612679457913187,0.01383803837373956,19.094614786447103,38.34278763529834,44.930733213375454,6.906303043316478,26.896175271790487,26.128766097093543,20.833897301640686,30.263709800956015,25.848254602895732,76.26791585674157,77.31990151161375,74.60906589664582
2022-09-02,2022-09-05,AG2212,AG,0.004795013186286168,-0.0014573721306695507,-0.0015754560704561132,-0.172259156853094,3.630608457095913,3.4319906835256657,2.540643272099569,2.3478407301813426,3.350029305177493,7.026331296843294,1.004163815665234,3.0307496976556894,19.098539259058615,11.032423998721358,4.552155518178592
2022-09-02,2022-09-05,AU2212,AU,0.006137841352405804,-0.002243849925200965,-0.0025325279848601207,-1.20988143332448,7.075170533988872,1.5282078267497519,2.91666253774365,3.7664738829110265,4.39304206464131,5.520854649015841,0.5835230198824903,3.033634361074478,2.925189539763303,-4.3222802013023145,-1.0562435219583044
2022-09-02,2022-09-05,RB2301,RB,0.011232876712328865,-0.0038514490525260493,-0.009564643828679506,-4.368062620035786,34.860164917863344,22.03798119313027,-0.7344617548606456,20.345321835930985,12.62474828824632,0.5717622425559179,10.315417247162921,6.140330333526829,-29.4698412965332,12.094538726303082,8.091473107659239
2022-09-05,2022-09-06,AG2212,AG,0.0064239828693790635,0.002640740941636214,0.0028249622427097146,-2.2589494819810425,6.869954161834903,6.723786653189213,3.957045926798634,4.694495326512461,8.021069835674531,2.0834355170853764,4.7613639457235335,4.015461143147379,-3.803851061317919,15.3922568652789,4.378901594140487
2022-09-05,2022-09-06,AU2212,AU,0.003715745471435161,0.0038565818072851194,0.004104639709310293,-21.617564194570384,-1.5400381547440247,-24.84059244411,-7.786594919787887,-0.28534511043934563,-10.77454832086566,-4.218126804714984,-1.1503625764905727,-1.066405363338228,-25.57114694930195,-6.411821836831994,-7.961923315446963
2022-09-05,2022-09-06,RB2301,RB,-0.004045307443365731,0.003568001589548116,0.007655454060010626,11.478343745880434,27.698643872110733,30.5277117251621,7.828683398101633,16.389793563418245,16.642954014467186,0.960593207187506,2.425516563126285,5.406416911623877,1.029670160852766,-9.326511576138289,12.162744742159589
2022-09-06,2022-09-07,AG2212,AG,-0.005938242280285055,0.0028591870800451606,0.0017143783764532502,7.196012520521835,-1.7877808865634925,5.647530246540205,5.566622353824588,-1.6943802433084194,3.0411875547646208,1.6710753660080897,0.8310665490632505,2.3556403918147026,-1.064090419008673,-2.0610877681374786,-2.8644365601764648
2022-09-06,2022-09-07,AU2212,AU,-0.003713254254770537,0.0017561987984846413,0.0012037824611937338,5.927541944254193,-2.383734190159733,0.7184033537708125,2.3440696194160706,-1.9376315759028309,-1.7074306043364391,0.8910689287785988,0.5417143650502557,2.2837040603004857,-4.94340409084799,-6.246193198891201,-7.629412599830641
2022-09-06,2022-09-07,RB2301,RB,-0.006222943722943741,0.004595223655747172,0.006530494344996358,15.357396941443168,29.613856429710655,34.19022427752572,6.896062449719559,18.493171426828916,18.70925441306263,5.686861819966772,12.960095155848336,9.96757310642997,1.319748800214278,17.87603469901552,6.145973693551992
2022-09-07,2022-09-08,AG2212,AG,0.012378005236848288,-0.0047393453638965586,-0.005077193074678192,2.347249630264629,-0.14152958879909816,-3.691690915683156,1.7204162670155685,1.535778833147754,1.2446262578108547,19.694513857785577,5.3394800818908665,7.929612619948319,69.72741841172278,12.792427930777196,33.49185145527049
2022-09-07,2022-09-08,AU2212,AU,0.007241504163864709,-0.003038185606407857,-0.0030544287241672284,0.27589606710381176,-2.1688292201903367,-7.742382121594652,0.9845559480872805,1.478644593931115,-0.358388190735929,16.485423355347624,1.0866814998622087,6.264544390109355,25.84064827123844,-4.725858292773833,7.739425196436806
2022-09-07,2022-09-08,RB2301,RB,0.010048886474741892,0.0008120179090116785,0.0015975373824506293,5.2892001878823764,20.70045201008963,22.784003825159207,5.201433943179042,15.304501249709764,15.454625395324252,4.187071789440633,21.477051473772423,15.746920428283772,1.404698857247491,36.18215817844779,31.494810251216187
2022-09-08,2022-09-09,AG2212,AG,0.02293686450697563,0.0038158882458063435,0.0037362760410844906,-11.903062156235384,-9.987448086054368,-19.356645793591465,1.0761097884663515,-5.366508629257545,-4.596997971193575,-1.9969197394685259,0.810130218318573,-0.1667577797040374,-13.621277010756605,4.238928959916823,-10.315519893952796
2022-09-08,2022-09-09,AU2212,AU,0.0027287236781134983,0.0007761765932609731,0.0007550163882299982,-1.888956639400479,-3.450521410340907,-7.7666178200883635,1.4257259299970055,-2.23563934687693,-3.102284237778253,0.6889344713976444,-1.4004626799927666,1.149940338884197,1.0353826223272993,-6.815399928303514,-3.6522552239856174
2022-09-08,2022-09-09,RB2301,RB,0.01635388739946375,0.0024473159733558506,0.004472211481040982,5.927175523076345,10.86317490113164,12.597489173818188,4.86683845734169,8.972269298228465,7.535810460254485,6.4507097009570575,14.724591486123767,13.177309952694527,22.083075978657305,31.740285283512005,42.59612317398775
2022-09-09,2022-09-13,AG2212,AG,-0.007555555555555538,-0.00565905778114498,-0.006315301199018806,-17.33316859179408,-22.231194196778794,-32.50345736822316,-5.007322956474076,-12.947514165994836,-17.626355266781264,-0.3407111729831919,-9.861077554457065,-7.266619357881727,-4.071732085829527,-13.008108142522497,-12.032121526191196
2022-09-09,2022-09-13,AU2212,AU,0.0005135315565143461,-0.00257095986944542,-0.0027724960833124847,-5.856438407322155,0.4552705431642221,-4.716689615473303,0.12597885941955234,-0.889059212961536,-1.4854349074331887,0.5391361917237842,1.5802505083448233,2.686744823433253,-12.299103756645975,-1.7544323593235267,-1.0562435219583044
2022-09-09,2022-09-13,RB2301,RB,-0.0002635046113307338,0.002953418712791167,0.0038860584156422506,1.6039313984593973,6.66965850513348,5.248966692267705,5.173542705556539,3.376002311478191,3.3921551809483312,0.3658756964697068,-7.796596706357527,-5.861099876271371,0.17449390749066046,-26.791482299292124,-23.551441801518415
2022-09-13,2022-09-14,AG2212,AG,-0.004072398190045234,0.03943406924540703,0.022926710007196476,-90.1385767346842,-6.580160687523926,-95.0495152216042,-39.57487303011854,-2.7103574376489954,-47.451439129769696,-16.31688095444388,4.266700623171978,0.6818011780073427,-34.0869772981764,3.56478283479378,-3.2647001211903905
2022-09-13,2022-09-14,AU2212,AU,0.0001549826935991483,-0.00015404760101324005,-6.703241115693463e-05,5.227463546817291,-7.291060544268187,-2.379120436916286,2.72119336797948,-2.5739377552212197,-1.0226882656744518,3.7140589864882387,3.376849426381327,4.50069634111183,4.280459442706024,11.393186912215105,7.399521743277142
2022-09-13,2022-09-14,RB2301,RB,-0.007692307692307665,0.0010545743133953736,0.0008390183774293494,0.6631796715661782,12.990085813255842,11.283302214336274,4.027552249838685,7.993251165734492,7.544242912947443,2.4834090057401004,6.810571793718384,6.657458127453318,0.9368211221969092,11.857995646102516,9.829787617920678
2022-09-14,2022-09-15,AG2212,AG,-0.009903218546027492,-0.010353457328359414,-0.012113420235326425,-7.128258608925199,-10.895796189500413,-16.402740675111357,-11.129203435196974,-5.540234819552348,-16.381902096545762,6.15985424597299,-20.82163461777315,-13.735910188286653,40.65405784204797,-35.020037199013466,-17.649388215461272
2022-09-14,2022-09-15,AU2212,AU,-0.0071645791454048036,-0.006488179300341559,-0.007920053059032246,14.37829557681605,-0.8689765100347406,11.205809695506511,9.40343773175464,2.4502451377281016,11.066162200447344,-34.50661707258111,0.8453983911749116,-25.593512805548418,-22.678173997661016,-4.725858292773833,-24.914951961799986
2022-09-14,2022-09-15,RB2301,RB,-0.006141522029372459,-0.006345870052903077,-0.008674245043638666,8.868867261389076,14.728824007701405,11.48696958792174,2.336648509468129,10.627499645468934,6.330594901704927,10.170572715520949,3.380806706587168,3.2534225175636453,-32.69358470932986,-2.9748085084182296,-19.831362777749547
2022-09-15,2022-09-16,AG2212,AG,-0.015127568299841965,0.009270840849501541,0.008206121740324911,2.0500110441056143,-2.98074837144439,-5.654533922748627,-3.919513582782619,0.8835143544473496,-2.966110919661104,-13.92283350946329,-2.9525154687995925,0.7389605932977342,-31.84847503573604,-29.032376758429443,-7.699758050849034
2022-09-15,2022-09-16,AU2212,AU,-0.006783698410232519,0.002115529284134459,0.002270557002859701,2.283504997514119,-3.1296362884046127,-4.017409118309645,2.1799183270666345,3.3765605753493335,2.6773253300151483,3.4372572577980223,-4.1248588652310545,2.6082958288463285,5.0986518168813095,-9.223069739844835,-9.924739449069849
2022-09-15,2022-09-16,RB2301,RB,-0.006469002695417836,0.0010686616031737664,0.0017950449533994531,8.61477019655608,12.064684776690708,16.19395722773336,7.119430669867661,10.950735293726286,12.329566809314851,2.545066379739555,10.238175407021075,7.3065194434998935,8.30268098544869,22.41053381524082,6.7059949909902885
2022-09-16,2022-09-19,AG2212,AG,0.00847069597069594,0.0067965825744785045,0.008665458349939212,-1.6454561113061579,-4.090156807288363,-5.114910671198256,-5.747418273368118,-0.015411995807753431,-3.8786219591935778,2.559611523431212,0.5661400376419236,2.386901678842363,-9.940658389819582,13.14358917717948,7.45655670733909
2022-09-16,2022-09-19,AU2212,AU,0.002292741389192887,0.002540638599915949,0.0038296919285127893,6.294804839415171,2.1966907287020305,4.363788917348018,1.808489486583514,5.363249633957797,4.123913054330687,6.28918881393581,1.7306629363879544,4.219159224216708,9.990436187107012,1.568567152842576,-2.855531704075477
2022-09-16,2022-09-19,RB2301,RB,0.00189753320683117,-0.003229281600715206,-0.004443436268623018,10.941529653271125,10.712056810671129,12.283238052600993,5.5179437632365875,9.867956675932419,8.241651343273421,11.493873926245339,1.3101740532089485,2.406672489055904,-35.9635797505333,-2.9748085084182296,-26.072627689002374
2022-09-19,2022-09-20,AG2212,AG,0.004995458673932696,0.0013745706631665632,0.001521162481298412,-35.94073091683705,-14.192932098281506,-44.93917834131837,-8.868457577323387,-6.751440118620662,-14.917445210743544,-9.251204800965644,-3.2207383873538875,-1.0932905835187734,-13.424898321406616,-18.605205840863118,-17.97255649306392
2022-09-19,2022-09-20,AU2212,AU,0.003276301419730565,0.0005733496808180516,0.0006578322305988386,0.8264112432925166,0.9587207438875684,-0.07825425976084421,1.960071153130175,2.7508386502572746,2.277597327778433,3.2999480693424292,-0.10210270650978927,3.0659584322601674,3.3098028385795515,-4.725858292773833,-0.3707722408785162
2022-09-19,2022-09-20,RB2301,RB,-0.010546241211465635,0.0008135593669069668,0.0009224459690614807,11.297496333802071,13.308218375121662,18.18642349347279,8.790381312853057,11.559941544503591,13.147626302079908,0.2429952438094296,1.2804890956972652,2.718613818213561,4.574578245178916,1.078199482800487,0.8591480521700149
2022-09-20,2022-09-21,AG2212,AG,0.01207289293849656,-0.00022704052770926224,-0.0001993490357952005,26.701252740796967,-9.894418625674952,16.87969538679761,0.2363911044224234,-4.491794553429955,-4.145760226216431,3.704387663098061,2.115468541519976,4.684656094896306,-12.280004947514856,17.855269018211754,4.98348345383899
2022-09-20,2022-09-21,AU2212,AU,0.003891252464459871,-0.0003119800358082904,-0.00029976900635579097,2.649685639027366,-1.5243986685880797,-1.3021653435727711,2.1859940694693325,0.6251619308626544,0.518379375426981,5.9902330339841505,0.5553418915192961,4.476103538232828,15.776719655023774,-3.5063101080285155,4.575430304546114
2022-09-20,2022-09-21,RB2301,RB,0.0024623803009575784,0.0005409791854954569,0.0007030501878847653,11.285824802926875,16.41365197729453,18.54911232466632,9.027937245359498,14.659728783315797,15.937054553014855,3.909079806436974,-2.695496801144888,3.5318549611547434,4.574578245178916,-32.98923373884814,-9.203389642519838
2022-09-21,2022-09-22,AG2212,AG,-0.0035634743875277985,-0.008167014541777933,-0.007189496868715016,-16.84587030626622,-9.305331791398597,-20.486937751651958,-3.2395752185936626,-5.723203403644748,-9.252988526404321,-2.3793525346510656,-2.5341603048223718,-1.528191644482777,-42.44723366942238,-17.39136947400704,-20.01162507408398
2022-09-21,2022-09-22,AU2212,AU,-0.0026867830939339976,-0.0009334647776296296,-0.0009289898133785611,-5.574165804342245,0.46209110722907365,-7.642406139174531,0.012447601804374209,0.09583538667402314,-2.0070448212530883,4.426851296746821,-0.5692010206309153,3.136624391408318,15.083092049934827,-6.815399928303514,0.7513764629067146
2022-09-21,2022-09-22,RB2301,RB,0.027285129604365688,-0.0010937928353278981,-0.0012301282615970561,3.2272397368510024,17.489716074156334,12.407460474591117,6.313732899913769,12.785654614543253,11.584449841013459,6.949368270008085,1.8448739409401953,4.742034668926762,14.677974486162654,-1.1383832559132054,6.137247488130094
2022-09-22,2022-09-23,AG2212,AG,0.00022021581149522795,0.010522877800391468,0.013233840258142386,-1.6998661276387659,1.4938030779892846,2.4524341004422734,5.767463351995177,1.2785816949969675,5.940620277743131,5.714128111631639,4.4524841868654,5.295462889970568,-4.912463231621591,13.518318545111514,0.2016373563761018
2022-09-22,2022-09-23,AU2212,AU,-0.0014425553838227634,0.00025837790495897257,0.0002683778800804689,1.5515503391716172,1.4941855325864455,1.4110292620698601,1.339832548650127,1.969206029099577,1.68357705121791,2.0087321933360403,0.9239962951892864,3.5510981909891153,0.3043959235969551,-4.725858292773833,-2.9433064504151383
2022-09-22,2022-09-23,RB2301,RB,-0.0013259082471492878,0.00027288852673108545,0.00034674310987996927,9.729733027442395,-5.887979181375509,-7.475874032455261,8.005555972714511,-1.391380930320608,-2.8340314939686477,-0.9766758671250974,-11.553685708287883,-7.5693576969847145,-12.18348643773965,-35.75994750018717,-34.83973038919173
2022-09-23,2022-09-26,AG2212,AG,-0.014898419864559864,0.014864389047876273,0.015586312938920153,26.37017125779317,0.2572416946142462,27.82872741604026,9.586450001919264,-0.45553469898639687,13.764219682229088,1.7265800462585612,5.432754849980253,3.486297496377782,23.655112156275532,8.760886546949198,4.929213129718783
2022-09-23,2022-09-26,AU2212,AU,-0.0016103896103896176,0.005579679695974546,0.0059127812794487105,-3.594758215574292,4.158465158001263,-2.2108808672301152,-5.275011365034424,2.8230823705874912,-5.185846259518845,4.042573380081925,1.13348322289858,3.084417281305938,-5.27705227441483,-4.725858292773833,-8.167263419443849
2022-09-23,2022-09-26,RB2301,RB,0.0077623126338328685,0.0015923570243632046,0.0013616722428997307,4.472025814675213,14.410857742520939,11.707722050931853,6.332273463369283,10.347647760898377,10.074845765295322,4.79349961569773,3.027064318760687,5.050657032591871,6.187053379593406,15.68683922294174,9.515662650592134
2022-09-26,2022-09-27,AG2212,AG,-0.010227272727272751,-0.024967859626322503,-0.037468323207814444,10.027287409940337,-6.777355451171519,7.989536368805174,10.917215279917329,-2.0596274844011777,6.08123596691367,-33.2854056965237,13.177388785376872,-16.593915749389886,-20.147279734987226,64.03469095147807,9.19590512748952
2022-09-26,2022-09-27,AU2212,AU,-0.0001558684470307492,-0.006833739578565023,-0.010766248172399224,11.28775172618159,1.489091727453006,10.79137613587005,7.996071139567579,2.9034169156089917,9.009936748595525,11.340942925425168,1.0963901372827858,4.311050306036419,-4.981172121046477,-2.8232053003223285,-8.395008310577506
2022-09-26,2022-09-27,RB2301,RB,0.016423841059602706,-0.007997909868364442,-0.009028123417016845,-3.3931510529180477,5.749350949083249,1.251627059344317,2.2900362802029357,4.099132591455463,0.7445983721514713,0.2468728386164473,-2.1425987762559364,-0.6917298423908746,-29.058153214613576,-14.256697958961135,-12.603972429377288
2022-09-27,2022-09-28,AG2212,AG,-0.019917582417582458,0.008215472953391093,0.009029352449181963,20.88818384439513,0.776447617192042,13.645201763714386,11.796718861052586,1.8747737345434572,11.04516597851207,5.074953908936258,3.174429720271785,5.214977696529186,-14.093459810122608,0.9537256876656064,-0.8473177355807585
2022-09-27,2022-09-28,AU2212,AU,0.002077382498052227,0.001455831380719183,0.0016223171414475376,3.7190787567735293,2.548906501877855,3.9552782269804263,2.0664395242201685,1.5617630156129714,1.597702142299747,2.6451214818559254,0.7187998357093341,3.284690955752259,1.0353826223272993,-4.498601468743817,-1.0598369833678882
2022-09-27,2022-09-28,RB2301,RB,-0.005980239209568361,0.0026525214491311235,0.0030376879688936887,9.77231948792158,0.9100507973915843,3.764323442302574,9.102346099927061,1.9332621321582024,3.787406956293358,1.755460561483873,-11.461077534319697,-7.191286340837944,-22.536828289280823,-46.75502937050738,-44.129895434080844
2022-09-28,2022-09-29,AG2212,AG,0.01504629629629628,0.00298062813813772,0.0035482319680117886,-4.528976506259719,4.380853600108932,-1.2930165102744842,1.43258190827894,6.470197947241697,7.320446795002676,11.766572356346465,1.2220194919161125,7.068889075301897,26.12429126018362,3.845923331357827,3.939636029074636
2022-09-28,2022-09-29,AU2212,AU,0.004899938106045054,0.0005714434296650109,0.0006559559386372218,0.12990543219377004,6.590240297580864,4.780668795478601,1.4352872835005095,2.5516097919070306,2.2864043783121133,-0.45563243780844404,0.8071727578990915,2.2044583932318846,-2.324748595166569,-4.725858292773833,-3.860756788441885
2022-09-28,2022-09-29,RB2301,RB,0.00026075619295951036,0.002342835901772667,0.001720043005812521,11.80313827672054,6.38711764650458,11.666034534868828,10.254635447686244,6.794102830211049,10.630248290093574,5.00264868634369,7.773211529999162,5.677048367273277,10.851563847310983,28.705443499354054,14.63153894493123
2022-09-29,2022-09-30,AG2212,AG,0.010045662100456543,0.009068775093209865,0.012860532320655454,25.311845244999425,-4.57312514215024,25.400563141607098,11.652548347367384,-2.302096189124711,9.553468706333739,-14.875448424644082,-10.01807290899568,-9.496498170015636,-17.698970944625408,-47.03173681748785,-30.615195057917887
2022-09-29,2022-09-30,AU2212,AU,0.007319964946646662,0.004808322993547426,0.007303603796915781,-26.382203035768953,5.365844097951795,-21.326825884112242,-12.497910743169783,2.941472326968404,-11.631995718553219,6.062320571928717,1.4852877726172609,3.654390732130936,6.850352320464727,-2.1890604953245205,5.9174316247415035
2022-09-29,2022-09-30,RB2301,RB,-0.009645464025026085,0.003133980104943747,0.0028809651958416472,12.500995069132252,4.386536175897071,9.008054170422641,10.243106182869843,4.183627238211809,7.722086865925864,3.5936745801768635,6.5665704192108745,5.924361682440474,2.923656371599193,6.593879460783214,6.721479008316216
2022-09-30,2022-10-10,AG2212,AG,-0.007860262008733576,-0.0011409014357915558,-0.0011916754952706503,14.15307409657508,0.7114435997024819,9.229267638246418,3.003813823340746,-1.7589636294301956,-1.808073642547158,4.21014025023849,-1.4441701321038125,2.827136268055,2.2982505253258143,-23.887488479297705,-9.509710720816372
2022-09-30,2022-10-10,AU2212,AU,-0.011959798994974902,-0.004320772114781163,-0.004848483791404715,4.4946507277273815,-3.723900781338351,4.168901504400352,5.494724615412989,-2.520120726380938,2.8907868376005563,2.8539164840587214,-0.14018822475197967,2.520637672107526,19.045701525293524,-5.063522179598524,1.5098901498842852
2022-09-30,2022-10-10,RB2305,RB,0.0061662198391421175,0.0010689471889049637,0.00089422586506573,12.905059720528575,5.551593773371605,10.25511260045996,8.25629982056958,8.60301548623304,9.831579405884252,5.259505531638329,6.129251543845613,6.6873859019372555,3.3134192229239154,22.636593256944924,19.25159118377725
2022-10-10,2022-10-11,AG2212,AG,-0.010065645514223176,0.03465473390605994,0.01927480795196278,-47.28178759488976,1.9900151973071936,-45.61235733558029,-6.72605765321125,2.746499270591767,-9.056180973326788,-7.502644706322535,11.871854588688345,5.4208657406653105,-30.21516789832703,42.423980318864736,10.872580240430924
2022-10-10,2022-10-11,AU2212,AU,0.00030565461029041785,0.018204909352640318,0.013697963382864034,-74.04032583787664,-8.734695518642472,-82.75396533216365,-32.63818704792857,0.014431402590118658,-36.75510768147613,9.45249564940939,2.6976111171491417,6.049027462289052,-2.4526138414507273,16.531680793488082,13.543516896986057
2022-10-10,2022-10-11,RB2301,RB,-0.027319587628865993,0.0068205930730105835,0.004638403929886472,9.180750704529325,-1.8571780929117967,4.986828520965209,11.563203533816875,0.47743113355898315,6.396297669112508,1.3415173238702114,0.5632872084040007,0.4529474517761403,-2.922455579966637,-10.48676139518067,-16.100175111660153
2022-10-11,2022-10-12,AG2212,AG,-0.008392226148409843,0.0057055234872631115,0.004588895632186987,-7.29395290264663,-2.3699976232641617,-11.15521061791518,-3.78464848548447,-0.014443878992127512,-3.3145317919237254,-5.0052617907275225,16.089025111711354,6.904141505701253,-15.419984618016809,42.20459409392169,34.08254409584036
2022-10-11,2022-10-12,AU2212,AU,0.0023973476154042217,-0.0016288306563628477,-0.0013821660684290088,3.646420370199071,-0.9417804616452203,2.3787114950522597,0.026958682869408168,-1.2099869242957553,-1.3175859842583835,8.882633251117847,5.265637348252802,6.341899943873884,28.67465759199201,12.307790413508778,32.949952839450305
2022-10-11,2022-10-12,RB2301,RB,-0.007403490216816522,0.001289490829871692,0.0014275486966189525,4.943906171985098,2.2334276518219083,-0.3019923026863158,5.418566704548,7.025385307132438,6.19753716507423,4.445368720908955,14.841107646605494,19.017178137000688,4.9543172040710814,24.90071970289445,48.5251248764101
2022-10-12,2022-10-13,AG2212,AG,-0.00827185334227587,0.0008837826470076939,0.0008269903640354321,-31.621819238561503,-2.8442415667466623,-34.371417610734646,-9.116939550331765,-1.4807051940538498,-10.652843384108504,-11.921576111334776,9.040876117307363,4.3676243568284265,-18.214532099653134,3.5188713544014107,9.901350895672214
2022-10-12,2022-10-13,AU2212,AU,-0.0009659870862779307,-0.0015799804515110568,-0.0014246494074365618,-1.1269299097701082,-4.996513018154837,-4.2817048633073895,-1.1317700020330212,-2.0534081605301173,-3.40333027541208,3.7010407757761867,4.634864945019074,5.717246548602609,16.06520816879324,3.2139196738590248,15.481232642439297
2022-10-12,2022-10-13,RB2301,RB,-0.009323388385721887,0.002117523289907283,0.002399699618720548,12.259981755634156,16.111485704757154,16.758797546892733,6.757639674622471,11.264263480622617,10.413372748234108,3.839774239682033,4.146982818601758,5.602255015062433,-0.9913766888469107,0.9195407123214856,2.6075138075854554
2022-10-13,2022-10-14,AG2212,AG,0.015296803652967927,-0.003793377303451845,-0.0030967139787867813,-2.091457685690312,-2.397878465675662,-1.2004358883275326,-7.757386154657008,0.17484269818307174,-5.779992435300347,-27.238489058741877,13.575465156459117,-19.25423300100732,-63.79899809997004,41.25063167780085,-54.67662645634669
2022-10-13,2022-10-14,AU2212,AU,0.002349936143039688,0.0008646779613537528,0.0005715195266245489,-3.7120874784419073,-7.329897791056539,-10.723621891470135,-0.4608881471741437,-1.1675506223723646,-2.6781629032680305,3.59492458562132,5.743392110300598,4.9330349279751715,8.702575283790967,14.378955939866925,17.899983047848135
2022-10-13,2022-10-14,RB2305,RB,0.011666666666666714,0.0027374777565890756,0.005622768420286407,14.424385143703878,26.83325309686182,31.872000550338146,7.145842532787156,20.43396273937733,20.66219103868661,16.88369771521842,3.163952912375332,10.278629478263934,46.56651888831656,-9.922392458674064,23.090444266794226
2022-10-14,2022-10-17,AG2212,AG,-0.009072352007257867,-0.012704345099765849,-0.015331115230505343,7.314772075092266,-4.34681898474676,20.510227178500973,4.549030717243668,-4.266758130533116,4.853844114956837,-5.662704145080715,-6.222155045571124,-4.448325461402695,49.43063526068609,-38.4462300658506,-10.166229258554615
2022-10-14,2022-10-17,AU2212,AU,-0.0036252233852438476,-0.0038240964384033942,-0.005493384777574589,10.028991751536836,2.773240755192807,15.384181221108777,7.666677146152058,1.4635975155420637,9.655070006285545,0.7940135523340647,4.14065260498698,3.311357715156549,7.247771181036036,8.588095567009116,6.471344679407288
2022-10-14,2022-10-17,RB2301,RB,-0.022086216072378928,-0.0032318907743377995,-0.002845532520566346,6.98884284389995,4.18631812035802,2.4040530047234743,5.787707926610249,3.6180614093919785,1.2374244120548115,4.769701019152215,-2.93063272385274,0.11138146991175894,23.713138258806225,-13.097862118392266,7.222992068945877
2022-10-17,2022-10-18,AG2212,AG,-0.002031602708803648,-0.008581805152758812,-0.010416103728454973,26.636976940372087,3.735716261469354,25.792782704169184,6.112250534494073,4.112551491796565,8.371316890710087,-39.70802008759393,7.0309032411471195,-26.56252557827705,-81.96087119235428,2.900641475446334,-64.09190729761461
2022-10-17,2022-10-18,AU2212,AU,-0.004838545380462578,-0.0018364541201699998,-0.001833445236518406,13.936025761976168,-2.0775564368935884,10.437782221580843,4.899243814143774,1.5539923835733922,4.91402506243991,6.77285090473041,1.0439008871515498,3.797069096301106,3.1050988359376936,-3.80105869992364,-1.0308876959419055
2022-10-17,2022-10-18,RB2301,RB,0.0008163265306122547,-0.00026606359076740746,-0.00034953844946719294,12.502181998914711,12.780226275753964,18.11937499403802,7.177827109864699,13.237202908224479,14.181732565019079,4.80046696082404,12.853636236050981,15.201434039514922,3.8805651443637457,49.52530955917528,24.559163815292262
2022-10-18,2022-10-19,AG2212,AG,-0.007688828584350937,0.013865434087745395,0.010579106613572418,53.586487708569585,15.023817963496722,64.79699273491504,25.183720576071956,7.003415309088493,29.875193421932888,-0.19246842603740708,3.346696312748077,2.295459261579482,-22.355071546801543,1.532610886892154,-13.488271784880364
2022-10-18,2022-10-19,AU2212,AU,-0.0033716475095785237,0.006130600584571529,0.005220065787131653,8.32654803141692,-2.5990722394846797,0.7651943343449008,0.749675415682439,1.9582417580075089,-1.3101595615564543,5.121542403948678,1.9729941733972336,3.99730141938918,-9.935666856536361,3.4659856323515505,-3.869003237638433
2022-10-18,2022-10-19,RB2305,RB,-0.006431767337807592,-0.0028034781467826593,-0.003574101962130366,1.17416999034001,21.30777917270315,14.335129751978307,3.6907552188787114,14.296400508878378,10.520087136673164,1.7584096277184036,0.24124377540274522,0.8200349233921984,-18.593243212818436,-0.5028659056933414,-2.5139322464878417
2022-10-19,2022-10-20,AG2212,AG,-0.001599268905643103,0.00022616759114831782,0.00016548797225306318,6.322407927478432,5.745341634046607,11.665793907295555,4.544906045007394,6.297120324499763,9.712787067489394,7.654472362639403,-1.7843848036629988,5.4558969983090195,10.448269776455524,-40.25368410947217,-11.251212291940831
2022-10-19,2022-10-20,AU2212,AU,-0.004769719971278952,0.001840773644492622,0.00126922687809465,6.957153669761728,-4.3185044752918245,0.08843149572463549,1.8379095521297537,1.5926994858487844,1.1554556141236803,7.071318208277062,3.0008591802126894,5.298143857122552,6.6804255847262075,2.1270982608666333,5.856729211010941
2022-10-19,2022-10-20,RB2301,RB,-0.013991769547325061,0.0013585112807989327,0.0012968997475155035,11.4953846473974,16.973951019430793,19.70719102450365,7.715774363795952,14.52906401366576,15.270376735658152,5.451341045777937,2.205683172633801,5.1759787941903035,6.187053379593406,-1.243502413933619,0.9388666070648046
2022-10-20,2022-10-21,AG2212,AG,0.0013704888076746524,-0.002509984204225497,-0.0019487650331830512,8.334834967892725,4.89635943129094,8.06844856937304,3.0705556092319473,4.872732660743207,5.193383855467836,20.87242459920356,2.4045846713056505,7.153529514348016,42.2671090826377,8.043731441053959,13.454170203048402
2022-10-20,2022-10-21,AU2212,AU,-0.003138828856643072,-0.0005640013480447718,-0.0005139926237743583,4.17659805032371,-2.689223970923745,0.08521731576866198,1.958581578611383,2.5045647928915367,2.6132117184346946,7.791786102384763,-4.060009596974408,4.205053111046072,-0.29402062448514105,-47.61989537162924,-9.134450635670987
2022-10-20,2022-10-21,RB2301,RB,0.008333333333333304,-0.0005485463659217313,-0.0007293995200109004,9.110209643261504,22.385070342268893,24.345340891859024,7.222834220659243,18.055643967576216,18.6169962514348,8.72411623812248,-1.340234054818454,5.170255519491905,14.677974486162654,-11.01075883571268,-6.1830258229640895
2022-10-21,2022-10-24,AG2212,AG,0.036040145985401395,0.0018289899931724968,0.001739292237109488,-13.44829395649133,-1.717810092216875,-13.85496894873628,-0.621801075667344,1.7108113954633024,-0.13204661120608074,1.9725406898342248,1.0864623902557353,3.383386619695403,6.187053379593406,0.9315631231554798,-0.08707704725043708
2022-10-21,2022-10-24,AU2212,AU,0.00764612305639667,0.0014933445963776757,0.0011952575288743448,3.6401799661018903,-3.543619079030556,-2.3295073802570854,0.9871835525849981,1.9400511521807864,0.646995500650982,6.20383100122128,2.421907179684872,4.82920160980758,6.187053379593406,6.471029749901901,8.55026206771519
2022-10-21,2022-10-24,RB2301,RB,-0.0019289060347202902,0.0016680571006970134,0.0019649187500927587,2.2136434582460796,10.800582682078975,4.9295801217524,6.238807542186693,8.833574439316306,7.083515039140989,1.9399995286738605,0.6234371127248133,3.1899863573089107,-0.45400895174886857,25.925202230425874,13.697049441139434
2022-10-24,2022-10-25,AG2306,AG,0.007236842105263097,0.0015892840216589815,0.004397649862498906,-2.7291744610008775,-13.688576570794663,-20.649195886888513,-0.25984206639234086,-7.462881414512033,-11.680453656763039,1.3207062302599455,2.072141432666426,4.472966472200629,15.030943078876975,-10.186673805191354,14.56799901172686
2022-10-24,2022-10-25,AU2212,AU,0.001474926253687281,0.005867232477188512,0.008367466236679166,16.80592693633824,1.0828035455542468,18.642996218259658,1.8418911701840421,-0.2630489783382104,0.48366211029451867,0.290284965495808,-0.00595529777074398,0.7514441522463838,-13.10673844438151,-2.756655592264856,-10.052456959035991
2022-10-24,2022-10-25,RB2301,RB,-0.011341632088520015,-0.0002755200458261224,-0.00031892913193345995,7.799708806704794,12.201073310073795,11.027608419656573,6.384334707569345,12.07694316957468,10.772010815227919,9.189408493728871,1.1392915225566274,4.580960988392233,15.776719655023774,-1.8855888298788057,2.580109102063297
2022-10-25,2022-10-26,AG2212,AG,0.022591362126245906,0.0017597892794923103,0.0017420316894838867,7.911260167089221,1.617074766531862,11.220555750186913,3.8779691861264687,-2.174643474644486,1.8710774109705555,-1.4212627732243501,2.3965635117288198,2.0242065493638854,-9.430383892139831,1.4935281770930764,0.5219726225557606
2022-10-25,2022-10-26,AU2212,AU,0.0003049555273189064,0.0013232227489263588,0.0012037309957285585,-9.500228200095203,-3.7791069897247915,-12.88624712693831,-2.8754492685628374,-0.3949157494955129,-4.8483856404844285,-0.6851280835573152,5.10650984057791,3.478289474098443,-3.104510958897245,3.613967477829122,3.392557019553594
2022-10-25,2022-10-26,RB2301,RB,0.0016787912702853625,-0.001934503850493655,-0.0020283211834777907,5.972241657979,17.681593859987053,14.762818564991539,4.78782901142105,14.617486069732635,12.418097605552244,15.426310104001702,2.6507567690327276,5.267947876681709,31.29699928926574,3.202960062956824,3.17991837108805
2022-10-26,2022-10-27,AG2212,AG,-0.0006568863586599027,-0.013201511858535842,-0.016512967877939932,3.088177368821171,-17.284930987748183,2.107637078075354,7.957362839535841,-10.977498733312293,-0.3115473343283308,-3.0645009169492043,-12.172784560911854,-8.679814974175859,39.48776426913346,-45.202970082736115,-13.511127123260824
2022-10-26,2022-10-27,AU2212,AU,0.0025529742149603685,-0.0008128842595661713,-0.0007295692131321487,1.8435141914013091,-4.280785929962345,-2.5918538158608313,0.44594718830712754,0.3167333242330854,-0.5667580874588651,7.817380115081363,4.209270002703921,5.708824632966678,-0.33567470536128935,4.13871926670921,9.573321828889506
2022-10-26,2022-10-27,RB2305,RB,-0.00457142857142856,0.0017108644036293876,0.002255515619834864,9.454785865379616,17.461558446297207,16.810205274061005,6.168401117909681,14.355075222423283,12.800464868299981,6.394699177761302,1.3903489298737721,4.66375957665432,7.5007041696242105,-1.8240248429811128,0.6932466234106993
2022-10-27,2022-10-28,AG2212,AG,-0.0015277171540811763,-0.010888609321989914,-0.009314827575239304,-22.627501383871085,-4.2989443767186515,-15.47660957362296,2.1189528231222505,-1.1732310784680395,-1.3278308381278787,-40.268137391319364,-0.4366455112908873,-29.29731425126381,-62.90417508089421,-9.743419140523072,-62.70965936832325
2022-10-27,2022-10-28,AU2212,AU,0.00020371785077655247,-0.004889736223505658,-0.004461855688083318,18.916601890742797,1.913693887940291,23.236069449156147,13.100804544029526,-0.07307627533145711,13.677310724858517,5.010636523159764,8.842390684482146,7.790431455280089,18.437183745593316,2.5670768050009105,16.762845503112786
2022-10-28,2022-10-31,AG2212,AG,-0.006147091108671843,0.003936152031474487,0.0036675114123468143,13.140482722018943,-0.326479782890718,15.910689934707325,11.649110529351368,1.0495243212356669,11.828501370671084,5.530144473210244,-1.3916523013013302,4.071484392541138,3.2201995414669256,-22.22413461555226,-16.067656753017882
2022-10-28,2022-10-31,RB2301,RB,-0.02664756446991401,-0.0014042973800555932,-0.0017473093741142813,13.818428846475932,13.41318347250009,21.880595549572963,7.847246596342481,13.903100089303335,16.15049982417898,10.305996552638357,5.960570809702977,7.510674508539079,9.800176806643888,9.0169023020368,20.65579878674809
2022-10-31,2022-11-01,AG2306,AG,0.024202420242024125,-0.003271897345760303,-0.006691206963842353,19.94067863508444,8.044660724842917,27.083054870514246,9.47983987791741,4.9573914658417575,13.588948477219807,13.291395842440828,14.0332179176372,10.486846355859305,-8.775422136459012,0.4739324340785899,-18.056319260946704
2022-10-31,2022-11-01,RB2305,RB,0.026970332634102423,-0.0017528488274143605,-0.0036188508752626903,2.9182238623780234,20.95023032655421,18.786339546210986,3.7371090444066786,19.53859986337351,17.762526975630166,17.797477311365228,26.130956276662832,24.04021694904252,15.120555463371094,71.58191233622225,53.700254013627905
2022-11-01,2022-11-02,RB2301,RB,0.0,-0.0017678260349453373,-0.002227128672949387,2.208707608088732,-0.7552318125702335,-7.406024808896062,5.294699403650016,2.3407001951804602,-1.2832859570380775,3.672289705883159,-13.722365032687648,-4.9342241537625755,-2.223253300199342,-47.216173248900056,-42.32963688786802
2022-11-02,2022-11-03,AG2306,AG,-0.016470588235294126,0.0036453347968955613,0.010745675628302554,0.274435651356725,18.518462352573156,13.345875950972236,6.481417747542208,10.646539140201426,13.320262254699246,22.27000782482447,19.334683233698698,17.320626271460366,60.13562463004737,25.20336526329585,29.105301248334516
2022-11-02,2022-11-03,RB2305,RB,0.00320699708454808,0.001457938733244061,0.0026501773727154398,6.86335919089483,19.894054184235166,22.623807141920086,7.04405781112343,15.258224490732939,16.24788114052769,2.7228647483317587,17.756204615404968,12.285170163947663,8.248344326330253,15.862047563966408,9.887631861214517
2022-11-03,2022-11-04,AG2306,AG,0.02852720035382572,0.0036429912785010087,0.010749361063093536,8.562066819198272,14.537881750546209,17.741840764265373,6.203848512591684,11.822624034234035,15.12479132913757,22.852195860646376,17.029724994345035,20.302979140318914,58.51210675994665,34.22978048472357,48.1760098041937
2022-11-03,2022-11-04,RB2301,RB,0.02033801203093666,-0.004313450253719354,-0.0042835878658965525,-1.8292292050630734,11.161602112984436,6.000095101076519,2.7165775972609687,8.804664426919103,5.217891334966962,2.494344479804434,6.041386308457557,7.551987737570985,2.898681375765333,1.5726619396470922,16.56183958775243
2022-11-04,2022-11-07,AG2306,AG,0.009957627118644119,-0.016667052485211647,-0.04245493370162408,19.270487806434044,-12.637681023001186,25.875070047643522,16.212612341539938,-6.999207121608135,12.197697660931945,-3.71467925600399,2.1470735969345767,-2.483644762833511,38.53078711298388,7.860422842962047,-4.303369249713517
2022-11-04,2022-11-07,RB2301,RB,-0.013947001394700176,-0.0037169449512459932,-0.004246513721919757,-1.4333825839662508,-1.7899958490242085,-8.144917457539831,3.9912320802909935,1.5179400011507531,-2.0326850512756076,3.1841784857229682,-6.582837333527707,-0.07005176600958725,-4.362138250041893,-22.63610954420467,-7.375897385597341
2022-11-07,2022-11-08,AG2306,AG,0.01130416579443172,0.014726549355504038,0.04340637165098642,8.737926781982308,14.804235258029781,34.47904363226278,13.56481744338036,7.3275083713562115,23.00394729659059,10.035580137336032,11.131310237307895,12.032146134972889,34.729590852436175,14.949594211583504,28.84385575447684
2022-11-07,2022-11-08,RB2301,RB,0.008757062146892647,0.006436289184113803,0.006877002618336818,13.274035070572431,7.395093209706117,11.362712493755033,9.694546332825837,8.750894990410387,11.954222339526577,3.8625614529932797,10.637572517225182,5.497769189017748,-2.1262054608914207,15.036354130885895,23.18601808256204
2022-11-08,2022-11-09,AG2306,AG,0.02789256198347112,0.0020955581851360952,0.006286674555408286,2.467613057966741,3.6563240692441323,6.978523129112473,2.7886443533574092,3.1132939397451085,4.353216366814436,6.048813347804952,4.815209199400654,5.966952633371839,19.15691131775973,-12.225745345760952,-1.4882230076643357
2022-11-08,2022-11-09,RB2301,RB,0.005320638476617123,0.0014134277971469427,0.0010826345662623645,6.317119872201893,2.573409387535377,7.482592434413813,7.690730669386822,1.7439084668920966,5.010875869763957,0.6869843046024214,6.845626134651263,4.254467857773456,-3.351434511239719,10.412374492702225,5.709021417304916
2022-11-09,2022-11-10,AG2306,AG,-0.002618328298086614,0.0018612351562706864,0.005583705468812059,10.708946844593973,-6.471352836394234,-1.1642112207868158,3.8275106336737537,-2.6781445354334483,-3.3884601782074357,-2.973435376262985,4.952871513983339,7.373659222942316,-2.918128222759889,18.69728206250955,43.94008203765192
2022-11-09,2022-11-10,RB2305,RB,-0.010979729729729715,0.00028324600104388467,0.00040979069139987577,6.441755038020975,11.470815517094373,12.264461168598022,6.370245301075328,7.66782331397243,7.764362370928118,-0.8280847321751899,0.134073946402613,1.7399496343346486,-15.057120594409142,2.4847040939694067,10.814344097388439
2022-11-10,2022-11-11,AG2306,AG,0.01760420882233915,-0.002012073113420231,-0.00555254837365075,5.415770535749903,2.717090607157038,4.642384659404147,1.195667494236281,2.756328002629297,1.5902643404517995,16.781192652344135,-11.363986196203554,-9.5008090685529,27.876020855096147,-16.58931348647339,-3.8663295879122117
2022-11-10,2022-11-11,RB2301,RB,0.03265190232822257,-0.0027894020875785254,-0.0030272317616745694,1.0872717259160618,11.617786290618925,8.010795408181469,3.9276911906838494,10.689159969879658,9.174299787044,19.945164405207354,6.529088608905183,6.903735534093514,-4.613643459433862,2.3998457021136352,15.103962727786815
2022-11-11,2022-11-14,AG2306,AG,-0.014835605453087375,-0.0020214278158766173,-0.006064283447629852,-19.464720363090166,6.091478397267411,-14.992623304817895,-3.3172045513222015,1.8418382530440518,-4.439643857387518,1.7396698509527073,-27.99605356865916,-23.241965639528924,-1.9695569693859438,-36.69823865556113,-38.61513311938176
2022-11-11,2022-11-14,AU2306,AU,-0.010396233817183131,0.00019800019864706612,0.0005940005959411984,-0.6780332915589118,6.42949676190877,3.3081923510113613,1.2376396049967968,4.793722603268203,2.9457590005329584,3.8252389070277384,6.905521175138308,7.615345204584358,6.187053379593406,15.176055695841038,15.4743214217157
2022-11-11,2022-11-14,RB2301,RB,0.00302447071762435,-0.004532585663579149,-0.0057315708151233795,-7.580171451953522,-23.82196415159339,-36.06401183859766,1.6653799359254593,-10.448308461909953,-16.959521749626678,2.9049813129200883,-14.870897032763157,-9.952796652085107,13.832014739875028,-28.448874548591476,-15.62391888264383
2022-11-14,2022-11-15,AG2306,AG,0.012776313121070748,-0.008186129372037644,-0.02099445189242348,2.7959792215007826,3.0404322670249515,1.68275576596298,0.4342025002083534,3.3742767411498633,1.6937782996148751,-39.71926853869356,-8.66653180161894,-35.09991545987659,-68.38899770867728,6.49048519421255,-54.81221304248901
2022-11-14,2022-11-15,RB2305,RB,0.00909592061742015,0.0030500508880008633,0.007275040296123426,8.004378317982813,12.622657966636897,16.642028425572846,9.003658616277644,10.392457912970574,12.276274431649991,7.57254730519316,5.414605011764365,6.284377184182572,3.268110020260976,3.2087920462362125,0.09202921331782499
2022-11-15,2022-11-16,AG2306,AG,-0.00740889066880257,0.0034535331430017475,0.006451055266250406,8.031249904089115,-4.101123173169226,0.5629132400710861,8.1596583146446,-3.10436763089899,1.6894646660560375,11.813923286332491,10.682276997519606,9.801938574712416,11.626192768311235,5.780403781796004,16.684242686505456
2022-11-15,2022-11-16,RB2301,RB,0.011351351351351457,0.001917020989656925,0.0013346379649979048,7.93206209109511,4.936267738613185,5.959720667727018,9.170832698753605,2.3246603448530934,4.668581670746246,-2.520756000138701,-0.7508577748510122,-0.5834938706637761,-27.08774137483896,-3.122878098300394,-14.287002520454495
2022-11-16,2022-11-17,RB2301,RB,-0.005869797225186768,0.00216450300957305,0.0019077985854943171,8.442221034891054,-0.8152794828228016,2.3636476404735283,9.605407413100878,0.8465845738063429,3.501872279314223,2.153935570838936,-2.080180484869464,1.2641560475057252,-0.11236660042364066,-8.488733544717503,-11.688937714889079
2022-11-17,2022-11-18,AG2306,AG,-0.004268292682926833,0.008237113374323783,0.015698247441887924,25.23971251319164,10.46073983516294,19.70062661159102,11.89160186921481,6.872032415119566,12.802507403625384,14.93848902412261,24.01968636431947,19.603181118019712,19.534382075853678,47.878915618268124,48.64756632512574
2022-11-17,2022-11-18,RB2301,RB,-0.0008066684592632489,0.0016021365242778537,0.0015045527189404412,12.337824579403836,7.493753450912911,11.164441096293515,9.6900111156734,4.37469374886761,7.204521417822198,4.097862233868987,10.275425161281774,8.185674271709951,-0.6106328100293155,6.769770312376198,19.92954433174594
2022-11-18,2022-11-21,AG2306,AG,-0.01163027953478879,-0.006079046076382226,-0.0116820245057754,2.875122328010789,15.502987214555667,6.755386405235624,1.7534456154695484,7.635936820966852,4.611347688415517,16.550835877456404,24.821140807488497,13.686422893080543,40.2438881188247,46.780662818403826,43.05146559280671
2022-11-18,2022-11-21,RB2301,RB,-0.011045258620689613,-0.0018804572364637304,-0.0015000019438505654,7.879802496737419,7.8139624082989565,8.935771858067287,6.893381691369864,5.614403789341018,5.858383009246694,17.23947412856785,6.157038378128871,6.443835421963422,20.499470550522876,31.48800785860654,18.693871848464653
2022-11-21,2022-11-22,AG2306,AG,0.009102192800992892,0.00040816327097277884,0.0006407048537763033,-4.60685705340418,11.350663323009666,-0.1582522943766249,0.48718173060970127,8.726479355326088,5.756412716840624,6.007278536326947,10.968054586689343,9.30093206302299,6.187053379593406,8.62527586686609,20.856818987619587
2022-11-21,2022-11-22,RB2301,RB,0.0032742155525238292,-0.001077006027637949,-0.0009993179718855928,10.054260080554233,8.497935356227266,10.774012218540863,6.926022265901828,6.982550063607652,7.382624901180747,5.785102760855041,4.706636997244755,4.742887320248442,-0.9528565856102706,3.4831826505745354,1.274191557495513
2022-11-22,2022-11-23,AG2306,AG,0.0008163265306122547,-0.0020665434095545527,-0.003141854985755212,-0.5457697262145698,0.8801145587681969,-3.1707036951441423,0.7291232390255242,1.4268900608725712,-0.5768644865325756,2.0420031400852476,8.694756876907661,5.485828735655577,-2.6171511393792635,12.983844746163335,3.1649945280359444
2022-11-22,2022-11-23,RB2301,RB,0.0084699453551913,-0.0016357691760824481,-0.001353287344636331,6.015996396314131,7.093119844669054,7.755818018407439,6.881649650366878,7.236102600532723,7.169183390983688,2.1739173845942212,6.308671836322526,5.118934772800444,-3.5924254472415083,24.36599284416442,13.871189843861847
2022-11-23,2022-11-24,AG2306,AG,0.016293279022403295,0.004499905322852325,0.004504943253312817,6.846055897055079,10.153030537785712,10.974668321093178,5.1186630360735705,4.672940630731485,8.251223775145402,12.894918211316417,8.020334685854184,7.742692977548537,21.504957692097644,17.015752477932956,21.647611253088968
2022-11-23,2022-11-24,RB2301,RB,-0.0037889039242219313,-0.004634054905860107,-0.0035452851456626608,7.983934254141195,9.999130113776221,11.515362113952127,8.268339948398236,6.009921932521084,6.701229068310161,2.269688307395314,2.013959646249933,2.5291360954892115,3.3878302881494995,1.0671075930787735,1.7411026961542857
2022-11-24,2022-11-25,AG2306,AG,-0.0033999999999999586,0.0012227431725189203,0.002411458181859032,8.375804262822777,-6.401729323634364,-4.560061091796163,3.52697628726057,-2.259860255400943,-2.809031358645842,0.3970709718107804,8.748475524322508,7.776836990686142,-3.327643108418359,31.894764583980088,27.311727649677845
2022-11-24,2022-11-25,RB2301,RB,0.01521739130434785,0.0010831303523035967,0.0010146512261537618,13.327972462791823,9.660854862368708,12.06784677239227,10.452759410822962,9.895477810700129,11.511354327645181,4.140385386093758,5.536268372033433,6.610371009029617,4.174683946836638,3.9989134794131322,12.884569147812044
2022-11-25,2022-11-28,AG2306,AG,-0.0026109660574412663,0.0020020026706729687,0.0023542635444830182,1.6175841370070834,8.497960680683914,4.13532308504942,2.724357211117729,4.697405453478431,4.788135916232184,7.489144602854665,9.507746228976357,7.271037445232308,2.65093629200213,19.33723337221098,19.835343522115295
2022-11-25,2022-11-28,RB2301,RB,0.0005353319057814776,-0.0002717022160444988,-0.00020789554292538812,12.491542932965878,3.645385246193425,2.039436952473888,8.80588832492417,1.7435885220395901,0.6159848686482983,3.9384907744413975,-6.583419883273198,-3.460094285591043,4.174683946836638,-25.515886889156416,-17.705938442942497
2022-11-28,2022-11-29,AG2306,AG,-0.004216867469879482,-0.0008030516392218626,-0.0012448800307944291,2.1671294256306064,6.122188822139043,4.0666853877044185,0.6682498904947338,4.466495027348692,2.9899493374679196,8.579467284674694,12.30232296619082,9.433599978084114,-0.17675117633551818,22.399357876247027,24.887554986877234
2022-11-28,2022-11-29,AU2306,AU,-0.0046934584922263545,-9.801999615772697e-05,-0.0001752305055377018,1.526081279481775,4.431730214533212,1.6678041095531966,1.8630245605629343,4.79826754768986,3.5781030991192964,5.9688186015397875,7.4793189237671776,8.039252903831823,6.187053379593406,11.342125629712296,20.666256187736785
2022-11-28,2022-11-29,RB2305,RB,0.008928571428571397,0.0016273396593754076,0.0029986647339958973,9.723817786264746,22.97701102268161,18.175339760548205,8.214744812298374,13.889202629810313,12.751757206407238,5.5590510045554264,14.46354975054679,10.775836309681287,6.650955532587789,28.544788503191604,33.594858070544085
2022-11-29,2022-11-30,AG2306,AG,-0.0022177419354838523,0.0028152039505867994,0.006882013328230054,6.7136753752997205,5.78915709364015,7.573016240777823,3.2579864892384576,5.109279161089066,5.566111620158188,16.852408812010456,15.735113668266406,16.047253048947873,51.711587337229794,23.096934052197096,40.71783624442106
2022-11-29,2022-11-30,AU2306,AU,-0.002845508511995387,0.0009782822145890876,0.001989791939479766,3.661957695503703,7.9127076758964465,8.313011560298309,2.0399003151008888,7.612698432407894,6.854524892377138,5.964563853334511,8.271132300887048,8.521510954704885,6.187053379593406,12.504672044210402,22.06159810641661
2022-11-29,2022-11-30,RB2301,RB,-0.0026609898882383742,0.003205130948948331,0.002495048148063749,9.29484415384189,4.642331835328578,5.725644213161734,10.53410103501314,4.296618702535719,6.18767466307696,5.281401886267489,12.67813056646273,9.403894735525068,5.631676606934873,7.31915052037453,13.190698735567613
2022-11-30,2022-12-01,AG2306,AG,0.02950622240064238,0.00020163322983931102,0.0002786852753684516,-2.45691928544896,2.1226586247640666,-1.9479387084409363,0.4228563751687866,4.010318489275366,2.648036440278813,5.955712190617592,3.87386606204463,6.9126670958844505,6.187053379593406,10.892069848251237,13.914149057461207
2022-11-30,2022-12-01,AU2306,AU,0.005228887134964388,0.001227265071445194,0.0019231793583520912,4.3328603391332585,5.271841708067735,5.70593812522533,1.9617888786377833,5.093891416637879,4.312150347344943,5.540642169110486,6.592855544476137,7.323323079231703,6.187053379593406,11.342125629712296,21.555649899950264
2022-11-30,2022-12-01,RB2301,RB,-0.0010649627263046302,-0.0018609602605833037,-0.0012905397645216908,9.62796225625037,12.21848737513061,9.019528308928583,7.6671364439962675,5.485228026311867,4.488725234126356,17.12439794855429,16.535442503053744,13.561710511371174,18.806604607839628,39.608528939996,29.864015685448365
2022-12-01,2022-12-02,AG2306,AG,0.024199843871975046,0.006645880870239725,0.017166827484661723,22.2046104242019,-14.499474325330468,8.271028513845875,10.742064048017713,-8.34540720982432,0.3443333123759236,5.988386534102291,6.8075845737882155,11.705469631780685,24.05767234546589,27.184034952912533,53.46026407409121
2022-12-01,2022-12-02,AU2306,AU,0.00558604468835755,-0.002611031855091038,-0.006971669475207292,-2.1098833822611387,11.86279690242473,7.997545027348005,2.3823610659131154,5.613394051441698,6.031433502091737,1.1932649457550364,7.408276214516381,4.788196316561667,1.668366344971389,13.357507025743011,8.788700749438059
2022-12-01,2022-12-02,RB2305,RB,0.01763762693746651,0.005363381052043569,0.012274727118900713,20.087027960331536,18.47114517199001,27.966096747375133,12.887853566626365,12.78699889232256,16.48950872045987,20.5201120709374,14.61627691969635,17.946110353100657,28.65192930163887,28.06390308191866,43.89248816083671
2022-12-02,2022-12-05,AG2306,AG,0.009598771357266278,-0.0009753243726435399,-0.002300041716113961,-0.35118462610459256,-13.572776794572167,-21.91346090582394,-0.5057494100783781,-8.39276174958644,-13.808983400717981,6.80061783329717,6.187519913623799,5.608471397915886,14.935742296326048,5.659079566580933,29.34174283182379
2022-12-02,2022-12-05,AU2306,AU,-0.008104281599375263,0.0014710932874166533,0.003242854607025287,0.49376234581001155,12.506806325748155,9.322503506557188,1.271761745964655,6.162247198427529,4.403083310251699,2.7229649365715165,6.966844417801553,7.60355586727079,3.0966735690641443,11.832886101068038,17.291513484477473
2022-12-02,2022-12-05,RB2305,RB,-0.00026281208935607925,0.0024080279194510254,0.007224083758353076,11.092545645251597,12.496656494404466,10.972110611663437,8.526589951947887,8.351585694295437,7.176914985672259,10.289427337312585,3.758731129496303,10.189220702623214,41.48647900260207,14.264248580879157,48.25225312296028
2022-12-05,2022-12-06,AG2306,AG,-0.021374045801526687,-0.007459152878733444,-0.02237745863620033,-18.56969141492472,-9.303164602326703,-21.650034429094983,-2.316283556354694,-4.665397625475823,-8.144058171935988,-7.81194536986981,14.686628690440802,2.7544011077134125,-61.05519707649548,17.33506976038428,-20.879621316947553
2022-12-05,2022-12-06,AU2306,AU,-0.0065669283562929115,-0.0019022076214987266,-0.0035518407724865948,-0.10652316646698035,6.133142478226356,3.209028254163296,2.2461955749230524,7.170936164223502,6.811806930193228,13.193296091921097,6.095214030299297,6.1614192469746785,5.730357498891085,26.11702571133619,5.503508658775022
2022-12-05,2022-12-06,RB2305,RB,0.002369044485390992,-0.0007881256154697187,-0.002364376846409156,6.907530554201687,21.038911675096944,16.44472971400869,4.88164946421933,15.578355373209629,11.065814451316776,9.392675157955722,13.666361556828582,12.890112734443838,14.935742296326048,24.82845024734042,23.03190124306055
2022-12-06,2022-12-07,AG2306,AG,-0.007945736434108563,-0.003619396274256362,-0.00752941007077411,-3.059653187574068,2.511469175216349,-1.5033697604953162,0.9386224129413838,3.4692269082077463,2.8773666569811454,-40.810516156055236,13.316385584443365,-22.561762666728594,-137.43683242394053,10.980509071355417,-89.55618176259351
2022-12-06,2022-12-07,AU2306,AU,-0.005544828951928316,-0.0031550432876302917,-0.006805880847440392,20.514026807455465,11.856360470339258,27.012296611779657,9.463103458809995,10.16862020514393,16.584930419811002,-13.789678946679418,5.604108330688769,-10.999364040906723,-25.01203027426423,3.204215884077419,-13.673486990852664
2022-12-06,2022-12-07,RB2305,RB,-0.005521956350249768,-0.0013152704776553449,-0.002891790695501948,7.303121954881403,20.620844250502635,17.686800165465556,6.177188203376999,12.144569632245034,10.066726036519388,6.3427474462647115,15.33429037548863,10.748605269466616,15.80207002023407,24.143674869660156,18.32029151190207
2022-12-07,2022-12-08,AG2306,AG,0.010920436817472678,0.0062208598751025326,0.008175858043601898,13.32118249722817,3.427905712601331,12.602298124155103,9.715196788123151,2.414366632948842,10.453472181793108,13.471625171547931,11.082434075889863,9.570186897655294,15.19638453672671,20.71171678174639,24.603156262210902
2022-12-07,2022-12-08,AU2306,AU,0.0023369132856005947,0.003918752999715084,0.005387910629750403,13.33639810736216,6.4960269592246815,14.461250759487454,6.222213082430294,6.571352258844334,9.225055555132773,5.274503453700803,5.345378136569782,7.456899445334859,-1.0332919202401816,26.643513383889367,28.29465321799318
2022-12-07,2022-12-08,RB2305,RB,0.015339857180640015,-0.0013138879829962707,-0.003503463733628112,4.283131183063532,22.773809122487897,15.804217823056856,5.697178963524006,16.20281719338046,13.099220948762479,7.7578203356551425,14.547809794385955,8.368797311320307,7.735739963277363,23.042389627448213,14.294248756859014
2022-12-08,2022-12-09,AG2306,AG,0.01793981481481488,0.0017566121429227976,0.0022949070814321636,7.8964898632022535,-4.743638052107493,2.830180224520317,5.178157129829033,-4.1806866999799155,-0.18964553586973665,1.5529397892863042,-0.9820810323632291,1.1220461942898292,-5.654280986582382,2.0715351865089926,6.7647127788270875
2022-12-08,2022-12-09,AU2306,AU,0.002579237141014712,0.0012438121954804978,0.0014055742658908665,0.9420953585848912,4.6277096704673095,2.964329937625775,1.0873776391750933,3.257361001690418,2.1855619202682415,1.8674438643226385,0.8793314646796472,3.2631415346712607,1.0353826223272993,-4.498601468743817,-1.0598369833678882
2022-12-08,2022-12-09,RB2305,RB,0.024675324675324628,-0.00026444532746998123,-0.00047155329752547506,11.016075102831682,7.621333760245688,4.7425287432292835,7.45424061398515,4.5241248457537395,1.9954969693565738,3.363992044691466,3.041428436404964,1.4603725578544162,0.159215981768079,-8.145870160387597,-8.90847060902638
2022-12-09,2022-12-12,AU2306,AU,-0.0030599151120324075,9.920634928775336e-05,0.0001033414432544719,3.5431793319506593,1.3552802686701186,2.2026057476835823,1.9735985916859293,2.3232098369191325,2.0366521971117617,4.500217521857459,1.008874556179595,4.571170088712554,9.56989540701078,-4.498601468743817,-1.3198583209646866
2022-12-09,2022-12-12,RB2305,RB,-0.0025348542458808465,0.002861232281032195,0.007869754735312508,19.71075030679685,0.5743656718006749,6.296238210490106,12.229665213815405,1.6017404704717082,2.972020397845031,10.725774122110392,2.1747294171154206,7.096370901778158,26.223360280093942,14.264248580879157,36.44639166420966
2022-12-12,2022-12-13,AG2306,AG,0.0033783783783782884,-0.0011376565504610187,-0.0019652107542910803,-6.023337275342181,-3.9614580427936597,-12.450986861531488,0.5515103168743694,-1.279567198811991,-3.446318027905754,6.037628253738182,5.939618510009436,7.028885027340622,15.050474826682866,7.991641467915514,12.691022026705118
2022-12-12,2022-12-13,AU2306,AU,0.0,0.0024212488666248105,0.002846589427702947,-0.5454023008057445,-1.841367907177716,-6.674620736496932,-1.7661990137259966,3.7006190972515958,-1.1954130755161048,5.807057493008512,-5.763965092986165,3.5635710668121163,3.3134192229239154,-18.936564208966445,-8.07014805442092
2022-12-12,2022-12-13,RB2310,RB,0.0028197897974877595,0.0005108556943794842,0.0007010547811038248,10.514008188911648,3.588901993777392,1.561284566374988,7.445069142528518,6.053994878511311,4.298887380768202,6.490415149626926,10.770479047310516,8.66702228506889,3.3134192229239154,13.107334217393396,4.25710831150455
2022-12-13,2022-12-14,AG2306,AG,0.018181818181818077,0.00018770530322585356,0.00021953364505038585,-5.303980843898604,-1.555093256534871,-11.971430605195353,-0.11331745855378283,-2.079141802160314,-4.957145148507889,0.39701289927802286,7.65466799926903,4.086727016947586,-14.090080374627028,1.177987206514951,-5.133432725229075
2022-12-13,2022-12-14,AU2306,AU,0.009533218078537908,0.0004949270083705664,0.0004229608671833288,-1.8362509151265596,2.7547403740121643,-0.7984005840005151,0.2736542962355504,2.0425053763615377,0.6659112686479691,2.7459313093493316,2.1458636036094756,3.917393566007917,-2.8918945166064,-3.584576193202695,-3.986347813947634
2022-12-13,2022-12-14,RB2310,RB,0.014311270125223707,-0.002048656286298257,-0.0018570281050411318,5.637893990539716,3.4460736883389824,-0.3307517574298018,7.307407915071477,3.6634644101812297,2.768605577983857,6.70462352015902,11.569702881258676,8.340408773799933,2.4779909165483156,11.005603283273532,3.1743915730303276
2022-12-14,2022-12-15,AG2306,AG,-0.016851851851851896,-0.002059732963010616,-0.0038236396890331046,2.1607072720795117,-14.782240760188213,-14.42382001069352,1.674586729608751,-8.671272722805366,-9.626972639679536,2.8589943963769295,-0.17291975987954084,-1.436263622596374,-1.1327912642057254,-26.07277846507726,-35.68429455346824
2022-12-14,2022-12-15,AU2306,AU,-0.005297233666862744,0.001730318068594881,0.0028929901511034525,-2.220767269652541,-4.340057254632554,-7.796817141904054,-2.894970440543217,-1.4969679226903807,-6.759444081783398,4.122214474382314,0.8491548400661864,5.674024557651021,7.590897179195113,-4.72419294818733,12.762287202268134
2022-12-14,2022-12-15,RB2305,RB,0.022789882294014463,-0.0010165185119279476,-0.0017138762409278424,5.112846881606678,6.3496671811188135,-0.9684269267837711,6.739928804829977,3.48239794822721,0.8210614333856001,3.377266293912267,7.685735445904655,4.889974226641965,2.4709364196165495,20.856609291202957,10.748878649919208
2022-12-15,2022-12-16,AG2306,AG,-0.011342155009451793,-0.005908436686166283,-0.008561156257460813,9.425673735954259,-13.140302881140595,-7.409251679673538,3.1364896462292418,-5.604389585906201,-4.740428291105026,-39.27768784219006,-7.926004442590756,-33.41752531669398,-58.032403107665345,28.00423900661407,-55.42714284788842
2022-12-15,2022-12-16,AU2306,AU,0.0014385634208045062,-0.00244942071222201,-0.002455766653574519,6.956757250226376,-7.217050151437085,-0.49955989178219395,3.3736605356233365,-0.27330873656670285,2.239977350703888,17.657768794146815,1.4729656774011928,5.891936700899769,17.439836839792534,-1.4935573511934657,4.558679500893277
2022-12-15,2022-12-16,RB2305,RB,-0.008327210384521222,0.0017546062904813895,0.0035789016099068882,10.487352574733773,-4.102654310123736,-5.863345234666761,8.489183917374643,-2.1695784631202795,-3.281295182459565,1.6384533134914567,-2.7482795543439242,-2.3444951762228783,0.2878669125158911,5.174604237591366,13.958022080312725
2022-12-16,2022-12-19,AG2306,AG,0.004209720627631031,-0.003585247731326452,-0.006016281489114715,7.189980078002236,0.20208963483374376,3.0079692808031893,4.315266765005119,0.9068683792930008,2.5654298529576955,16.25188532599222,11.005466641798389,10.929806997586915,37.65872324192922,34.41881597030752,32.711353048140346
2022-12-16,2022-12-19,AU2306,AU,0.005592951890714737,-0.005984339924695919,-0.008539378283387432,12.32002761707415,7.1400232902848195,17.417816017124398,8.1055294942071,3.2880034460376533,11.27111235141788,3.973107004121988,0.9339663225508985,2.960597378425867,7.147524678714725,-4.725858292773833,0.6873795637320463
2022-12-16,2022-12-19,RB2305,RB,-0.02821083890126208,-0.0002448879649803585,-0.0006622077051024302,10.344046347774304,0.5259440708278911,-1.1875633169744035,7.116580148493308,2.366954226716402,0.22420879373044045,7.577373443686508,-19.50063474012066,-11.009186152440867,6.187053379593406,-13.789308787752315,-18.20118800218799
2022-12-19,2022-12-20,AG2306,AG,-0.00019054878048785362,-0.0007651109784108259,-0.0008873329639026556,6.943141957201782,-3.313433847914969,-1.5442783790452972,4.3216584675633465,-0.7932003823134641,0.05918926768972188,6.73532773810275,7.623957426596944,5.064432601009474,11.729841372099,2.639070856959048,0.7623871418025949
2022-12-19,2022-12-20,AU2306,AU,0.0009843488532335076,0.0007922361277901307,0.0008506236638326871,3.6173292621841813,-4.6628327687802775,-3.2010675225616105,2.7587585034033193,-0.7896497400707352,-0.3603993725251531,-1.1277005779758942,-0.34604044234735704,0.7035507711286104,-4.729241601245697,-7.069028525546444,-6.880262696555404
2022-12-19,2022-12-20,RB2305,RB,0.0030557677616500634,-0.0019777509536874228,-0.004161403797111389,4.7109807779176744,17.058130104845823,11.202143917758093,6.460129891277269,13.593548340182684,11.903855979533741,21.33640887297234,12.865394359260858,19.620415967454424,37.47217701828595,-11.942662298062421,12.729074873783064
2022-12-20,2022-12-21,AU2306,AU,0.007306786975284529,4.92186538798005e-05,5.2506374131580244e-05,3.3200760912360807,1.780334737171148,2.3809907920841726,3.4011752020408497,1.3239575524512146,2.6581784299141376,0.49244669744828296,1.5474539751965815,2.898328431982625,-14.195855870496414,-4.979486890016761,-5.913811806471312
2022-12-20,2022-12-21,RB2310,RB,0.01568032372281225,-0.002560820861673704,-0.002256066727619501,7.168227849386227,5.92271308410859,2.1925385683606122,8.882435694404371,5.221508594501051,4.853918189609198,2.9043257600625076,8.528082521301727,5.2296371770851415,-3.6790964316605885,34.62475892870663,2.3037731649577
2022-12-21,2022-12-22,AG2306,AG,-0.010001852194850946,0.016444941055247776,0.02175620712234047,-6.179424478716395,-12.612679268712977,-13.665636832342637,6.121091053039186,-5.133097681392609,0.17155745514487375,3.547323203201325,3.6652691159034294,2.9260016075953814,10.564673324564431,-11.146308868442564,-9.407582407998511
2022-12-21,2022-12-22,AU2306,AU,-4.8640498078622585e-05,0.002651609704868571,0.004579724164413314,-3.2914058754627686,0.30071962040964006,-3.4368704123727913,0.9715624868458903,1.5127715404036435,0.39271960369272785,7.3687323244917735,2.779408436821105,7.24584618025048,-1.0228455033391786,-2.6699459165974657,10.090492117735748
2022-12-21,2022-12-22,RB2305,RB,-0.02125030887076851,0.0027886949242616997,0.003187358161265085,8.610829927486188,-6.618027405849452,-12.180378112857086,10.60981368261346,-2.6693131866888677,-2.4450216313462088,7.316538026613636,-9.16260658346449,-4.15592973855905,7.912304128002795,-40.967089152995264,-33.954278877567766
2022-12-22,2022-12-23,AG2306,AG,-0.0057943925233644444,0.0007411525260519008,0.0006556772857861266,-3.0694496494546244,-0.9271507025504482,-9.00806229400383,-0.6008924704668761,2.21231443078873,-0.9334902776279286,2.0534233536715316,3.526780305737725,6.282213193754753,1.93978639506405,-20.583690586687595,7.199168835808382
2022-12-22,2022-12-23,AU2306,AU,-0.009420676929053573,0.0008759124647608861,0.0008939722787058267,3.5595298062681784,-4.145552647768789,-1.5544086311892404,3.1972168953560804,1.8910907060002993,2.7663138314296063,4.5127728737487125,4.805553500523369,4.906212743407513,3.3134192229239154,11.2850452432266,9.176284317647541
2022-12-22,2022-12-23,RB2305,RB,0.009833585476550777,0.0032174263617084074,0.003924786444199889,11.650009343218027,14.214334664071714,12.458028950177896,8.909614174123808,11.661114604819396,12.028662398044371,8.66849897036391,4.805014317657901,15.051649276222097,13.055056043711387,-19.831046324238258,13.580718003507124
2022-12-23,2022-12-26,AG2306,AG,0.005069470521967601,0.0009350164309066464,0.000844138288978037,-6.159252403732825,-1.8419892281859855,-11.464392018723958,-1.377517250401767,-0.5056061087091255,-3.561378339536965,1.3203501281557735,8.399514460513249,6.761273923054904,8.510315567636296,3.885830343690383,13.464915992891054
2022-12-23,2022-12-26,AU2306,AU,0.002794939688143483,0.001701052632480728,0.002315900771104998,1.1768396642774657,-2.8386270449026068,-2.080840574184507,1.8022960503863408,2.345351982479117,2.5699076602955944,7.644548512372435,5.575193294757034,6.034594960246206,5.422538428012173,1.0697288834408687,3.0596031830326833
2022-12-23,2022-12-26,RB2305,RB,-0.0007483162883512584,0.0012615114578247318,0.0014930925314113363,8.314167661930174,11.180489938846367,3.0397156273734605,7.4374896035436615,7.053825033316547,3.8889234930889893,1.4070194644415313,3.78486415997708,2.599639368956591,-2.398506714897614,-9.025708829496134,1.308880452787463
2022-12-26,2022-12-27,AG2306,AG,0.012140455734030553,0.001315171631559885,0.0009768672776408291,-13.280650068249958,-1.7365898912085047,-15.431925840066635,-2.193039072368764,-2.149539672356486,-5.279712747356697,0.08877753879851447,9.871697466868854,5.216611194448774,-0.45477542849156805,19.390574062530796,18.274512875289243
2022-12-26,2022-12-27,AU2306,AU,0.001466777489854909,-0.000245140098793462,-0.00035342870512672137,1.3474035033882528,0.664923364386925,1.2683466600121744,0.579285272307899,2.6297168632108123,1.7762814928188155,6.45910122518841,1.437004103707304,4.8914514705903755,15.776719655023774,-3.7599387052714444,4.575430304546114
2022-12-26,2022-12-27,RB2305,RB,0.016754188547136728,0.0009982531400474512,0.0011056134130678586,9.15189951002697,15.380138967124452,8.884003105491088,6.8759442250246785,8.784698652595914,6.162993264160512,5.049285033709588,7.432817953687706,5.933556703994666,8.31445857063512,6.118922679477901,9.773516559378562
2022-12-27,2022-12-28,AG2306,AG,-0.0038824181919023815,0.00018679368691653687,0.0001261143798741324,-16.765065413500086,-13.346869428888208,-34.28183905845393,-3.38421465497548,-8.070853239355813,-14.054553253320652,3.499041454636153,2.9112733019450006,1.9884923246991268,-6.6765278497845655,-8.466478343113522,-7.0312035700720275
2022-12-27,2022-12-28,AU2306,AU,4.875432694650961e-05,9.77899472713083e-05,9.581659136832306e-05,-1.7753539999286505,4.1039697409054625,0.3063284354754532,0.7539590872245792,1.347836088593854,0.6061171122347817,2.9370671886548867,1.686585216316651,4.293069329802977,-12.18348643773965,-2.9739805440688407,-3.1128920013973134
2022-12-27,2022-12-28,RB2305,RB,-0.0024630541871921707,-0.0017489073789452004,-0.001611122922865296,5.506842300807682,-2.7896656643824222,-9.214133958158483,5.72363459431953,-1.1239095111195363,-4.728060377853819,6.8787299386518,-5.902400360265088,-2.2649337019427893,12.387641389298455,-28.783837966597023,-15.894362288535122
2022-12-28,2022-12-29,AG2306,AG,-0.010234462225530372,-0.0018470636946872703,-0.0016758883837385543,16.668529034385802,-2.3884545608078245,10.47254415493545,2.133120200323449,-0.815588506108794,-0.15173474363803496,16.63114877781743,11.965076572331919,9.346396848248286,47.03816066089455,15.564797712626312,21.695669316216712
2022-12-28,2022-12-29,AU2306,AU,-0.0009268292682926838,0.0013660537812480637,0.0015890014296646823,-6.243653021153481,-8.080027917741056,-13.967391120409486,-1.8413138615049123,-0.5400580616880131,-3.9434310383436317,3.6449928736574173,1.5099689050400804,3.544352221806723,8.248344326330253,-4.498601468743817,-0.1251522572244121
2022-12-28,2022-12-29,RB2305,RB,-0.0014800197335964604,-0.0014767415925136288,-0.0011943701557173292,13.238826406153866,8.540246940312667,9.215612326093584,7.215114381954265,5.451629240887179,4.326717951975427,10.763137051722657,12.142853450102653,8.829843463911773,6.271068326233383,52.995028845003674,22.794868457357815
2022-12-29,2022-12-30,AG2306,AG,0.00972871842843781,-0.002601748354818097,-0.0024365856394837297,7.0175109191459715,1.473870059633403,1.7263570152359873,2.0437051113647553,2.0394859128783596,1.1872493780433242,15.44346283434564,7.744096006798482,8.183375303651882,13.606269575188051,6.153107654822023,11.93958194672054
2022-12-29,2022-12-30,AU2306,AU,0.0046840692851914945,-0.0005851945938970274,-0.0005362197048380317,4.0023486701606785,-2.4225292028830028,-0.08548820995571083,1.770563543887751,1.8706764676384795,1.8444077779051966,7.9505410387202256,1.8388359445813978,4.5279475786654055,5.781935815821235,-8.525688907487101,1.2649246198474304
2022-12-29,2022-12-30,RB2305,RB,0.013079960513326716,0.0009871669113605522,0.0009956297715589114,13.080358563783037,13.508506175351911,12.186244513762427,8.808684286561974,8.127234150748695,7.679076016381209,2.2568209247944213,8.379189783569336,5.400449692506627,4.726511764681904,4.438648795178136,12.580239841472844
